{"stat.craftItem.waterstrainer.garden_trowel":2,"stat.pickup.minecraft.wooden_slab":3,"stat.leaveGame":31,"stat.mineBlock.ironfurnaces.glass_furnace_active":1,"stat.pickup.extrautils2.redorchid":1,"stat.craftItem.hole_filler_mod.throwable_hole_filler_light":4,"stat.pickup.zawa.worm":24,"stat.craftItem.minecraft.shield":1,"stat.mineBlock.minecraft.web":2,"stat.pickup.minecraft.rotten_flesh":88,"stat.pickup.zawa.pangolin_scale":2,"stat.pickup.waterstrainer.strainer_base":6,"stat.useItem.mcwbridges.rope_dark_oak_bridge":1,"stat.craftItem.futuremc.campfire":1,"stat.pickup.minecraft.bucket":5,"stat.killEntity.Enderman":3,"stat.mineBlock.minecraft.wooden_slab":3,"stat.pickup.minecraft.leather_boots":1,"stat.pickup.dungeontactics.iron_cluster":9,"stat.killEntity.wood_mimic":1,"stat.craftItem.minecraft.iron_shovel":2,"stat.mineBlock.extrautils2.redorchid":1,"stat.killEntity.Witch":1,"stat.craftItem.mcwbridges.rope_dark_oak_bridge":16,"stat.mineBlock.openblocks.grave":2,"stat.useItem.minecraft.iron_pickaxe":251,"stat.craftItem.minecraft.wooden_pickaxe":1,"stat.useItem.minecraft.iron_shovel":297,"stat.craftItem.minecraft.bed":2,"stat.mineBlock.chisel.marble2":34,"stat.mineBlock.minecraft.hopper":5,"stat.pickup.artifacts.feral_claws":1,"stat.furnaceInteraction":87,"stat.drop.minecraft.gravel":2,"stat.killEntity.ZombieVillager":1,"stat.craftItem.compham.stone_rod":2,"stat.mineBlock.treasure2.sapphire_ore":1,"stat.useItem.waterstrainer.strainer_base":5,"stat.pickup.minecraft.beef":17,"stat.pickup.minecraft.potion":8,"stat.useItem.minecraft.flint_and_steel":1,"stat.drop.minecraft.cooked_fish":3,"stat.entityKilledBy.blue_soldier":2,"stat.killEntity.Husk":2,"stat.killEntity.betteranimalsplus.zotzpyre":1,"stat.useItem.minecraft.dye":32,"stat.mineBlock.rustic.crop_stake":16,"stat.deaths":11,"stat.craftItem.futuremc.blast_furnace":1,"stat.pickup.minecraft.egg":2,"stat.craftItem.minecraft.iron_pickaxe":1,"stat.pickup.zawa.care_guide":1,"stat.drop.minecraft.glass_bottle":2,"stat.pickup.chisel.marble2":25,"stat.mineBlock.minecraft.tallgrass":253,"stat.craftItem.minecraft.cooked_mutton":11,"stat.chestOpened":93,"stat.useItem.minecraft.stone":11,"stat.useItem.dungeontactics.bush_cherrybomb":4,"stat.pickup.minecraft.arrow":58,"stat.pickup.minecraft.iron_sword":4,"stat.pickup.treasure2.gold_coin":1,"stat.pickup.dungeontactics.bag_ore":1,"stat.craftItem.minecraft.coal":2,"stat.mineBlock.treasure2.falling_grass":1,"stat.drop.minecraft.dark_oak_stairs":2,"stat.pickup.treasure2.silver_coin":7,"stat.crouchOneCm":28126,"stat.mineBlock.minecraft.chest":2,"stat.craftItem.minecraft.iron_ingot":359,"stat.mineBlock.futuremc.lily_of_the_valley":2,"stat.craftItem.minecraft.hopper":4,"stat.craftingTableInteraction":139,"stat.craftItem.mcwbridges.dark_oak_log_bridge_middle":36,"stat.mineBlock.minecraft.log2":117,"stat.useItem.minecraft.dark_oak_fence":29,"stat.useItem.minecraft.reeds":6,"stat.craftItem.minecraft.wooden_sword":1,"stat.pickup.minecraft.dye":264,"stat.pickup.minecraft.planks":103,"stat.pickup.chisel.limestone2":6,"stat.mineBlock.mcwlights.bell_lantern":6,"stat.pickup.minecraft.wheat_seeds":54,"stat.pickup.treasure2.cardboard_box":1,"stat.pickup.zawa.bush_meat_raw":1,"stat.craftItem.extrautils2.pipe":64,"stat.pickup.openblocks.technicolor_glasses":1,"stat.mineBlock.minecraft.dirt":683,"stat.pickup.artifacts.tiny_shirt":1,"stat.useItem.minecraft.bread":14,"stat.drop.betteranimalsplus.pheasantcooked":5,"stat.drop.minecraft.rotten_flesh":2,"stat.useItem.minecraft.cobblestone":256,"stat.useItem.minecraft.gravel":8,"stat.mineBlock.minecraft.double_plant":5,"stat.craftItem.torchbowmod.torchbow":1,"stat.mineBlock.betteranimalsplus.trillium":2,"stat.pickup.minecraft.iron_pickaxe":4,"stat.pickup.futuremc.blast_furnace":7,"stat.craftItem.minecraft.gold_ingot":48,"stat.drop.minecraft.sapling":6,"stat.pickup.minecraft.hopper":2,"stat.pickup.minecraft.chicken":16,"stat.pickup.treasure2.painting_blocks_cobblestone":2,"stat.pickup.minecraft.tipped_arrow":9,"stat.craftItem.chisel.chisel_iron":1,"stat.mineBlock.treasure2.gravestone1_obsidian":1,"stat.useItem.betteranimalsplus.pheasantcooked":7,"stat.craftItem.waterstrainer.strainer_base":3,"stat.craftItem.minecraft.bucket":4,"stat.craftItem.minecraft.planks":692,"stat.useItem.minecraft.iron_sword":571,"stat.pickup.futuremc.cornflower":4,"stat.pickup.torchmaster.mega_torch":2,"stat.mineBlock.minecraft.log":93,"stat.pickup.dungeontactics.bag_quiver":1,"stat.craftItem.mcwbridges.dark_oak_log_bridge_end":1,"stat.pickup.minecraft.red_flower":10,"stat.pickup.minecraft.wool":26,"stat.pickup.minecraft.cooked_fish":2,"stat.useItem.minecraft.wooden_axe":31,"stat.pickup.extrautils2.pipe":4,"stat.craftItem.minecraft.cobblestone":9,"stat.useItem.minecraft.iron_axe":202,"stat.mineBlock.minecraft.cobblestone":21,"stat.pickup.minecraft.stone_pickaxe":2,"stat.pickup.minecraft.flint":2,"stat.pickup.mcwbridges.dark_oak_log_bridge_middle":6,"stat.craftItem.minecraft.wool":2,"stat.useItem.mcwbridges.dark_oak_log_bridge_middle":36,"stat.pickup.minecraft.enchanted_book":2,"stat.drop.minecraft.cobblestone":1,"stat.pickup.minecraft.cooked_porkchop":31,"stat.useItem.minecraft.stone_slab2":139,"stat.pickup.minecraft.bow":1,"stat.pickup.minecraft.iron_boots":3,"stat.killEntity.Piranha":4,"stat.craftItem.minecraft.furnace":4,"stat.craftItem.minecraft.iron_boots":2,"stat.craftItem.futuremc.smooth_stone":3,"stat.killEntity.betteranimalsplus.jellyfish":1,"stat.craftItem.minecraft.cooked_beef":13,"stat.mineBlock.minecraft.obsidian":8,"stat.pickup.minecraft.shears":2,"stat.craftItem.minecraft.bow":1,"stat.mineBlock.minecraft.clay":36,"stat.flyOneCm":3071463,"stat.pickup.minecraft.fish":15,"stat.timeSinceDeath":234470,"stat.useItem.minecraft.wooden_slab":3,"stat.pickup.travelersbackpack.travelers_backpack":4,"stat.pickup.treasure2.diamond_charm":1,"stat.mineBlock.minecraft.coal_ore":161,"stat.pickup.minecraft.shield":4,"stat.killEntity.Creeper":1,"stat.talkedToVillager":21,"stat.pickup.extrautils2.ingredients":5,"stat.pickup.minecraft.string":17,"stat.pickup.compham.stone_rod":2,"stat.pickup.tombstone.crafting_ingredient":4,"stat.entityKilledBy.Skeleton":4,"stat.sprintOneCm":1491117,"stat.killEntity.betteranimalsplus.pheasant":8,"stat.mineBlock.minecraft.stone_slab":1,"stat.craftItem.minecraft.wooden_axe":1,"stat.mineBlock.minecraft.diamond_ore":59,"stat.useItem.betteranimalsplus.pheasant_egg":1,"stat.pickup.mowziesmobs.barakoa_mask_fear":3,"stat.pickup.mcwbridges.rope_dark_oak_bridge_end":7,"stat.pickup.waterstrainer.strainer_fisherman":2,"stat.pickup.mcwbridges.rope_dark_oak_bridge":1,"stat.craftItem.waterstrainer.bait_pot":3,"stat.killEntity.Zombie":43,"stat.craftItem.minecraft.dye":35,"stat.mineBlock.minecraft.gold_ore":49,"stat.diveOneCm":172032,"stat.craftItem.ironfurnaces.iron_furnace_idle":2,"stat.mineBlock.vs_world.valkyrium_ore":50,"stat.craftItem.minecraft.cooked_porkchop":73,"stat.pickup.minecraft.stone_axe":4,"stat.pickup.minecraft.obsidian":7,"stat.mineBlock.ironfurnaces.gold_furnace_active":1,"stat.jump":2170,"stat.useItem.minecraft.sand":53,"stat.pickup.minecraft.coal":440,"stat.useItem.torchbowmod.torchbow":43,"stat.pickup.minecraft.iron_ingot":101,"stat.craftItem.rustic.crop_stake":11,"stat.pickup.minecraft.gunpowder":6,"stat.craftItem.minecraft.torch":48,"stat.pickup.minecraft.dirt":1005,"stat.pickup.treasure2.gold_charm":2,"stat.killEntity.blue_archer":5,"stat.pickup.artifacts.cobalt_shield":3,"stat.mineBlock.mcwbridges.rope_dark_oak_bridge_end":7,"stat.pickup.minecraft.gold_ore":48,"stat.useItem.minecraft.sapling":32,"stat.mineBlock.minecraft.lapis_ore":34,"stat.pickup.minecraft.iron_axe":4,"stat.pickup.minecraft.cookie":1,"stat.mineBlock.minecraft.glass_pane":1,"stat.damageTaken":11947,"stat.mineBlock.torchmaster.mega_torch":2,"stat.mineBlock.minecraft.torch":36,"stat.mineBlock.minecraft.red_flower":4,"stat.mineBlock.treasure2.cardboard_box":1,"stat.craftItem.betteranimalsplus.pheasantcooked":12,"stat.mineBlock.minecraft.sapling":12,"stat.pickup.minecraft.log2":139,"stat.pickup.minecraft.bed":8,"stat.pickup.artifacts.thorn_pendant":1,"stat.useItem.waterstrainer.garden_trowel":333,"stat.entityKilledBy.Zombie":1,"stat.pickup.artifacts.obsidian_skull":1,"stat.pickup.artifacts.shiny_red_balloon":1,"stat.craftItem.minecraft.stone_slab":6,"stat.useItem.minecraft.chest":3,"stat.pickup.rustic.table_big_oak":2,"stat.pickup.minecraft.diamond_pickaxe":2,"stat.pickup.treasure2.amethyst_charm":1,"stat.useItem.minecraft.lava_bucket":2,"stat.pickup.betteranimalsplus.pheasant_egg":2,"stat.craftItem.minecraft.iron_chestplate":4,"stat.pickup.minecraft.ender_pearl":2,"stat.drop.treasure2.wood_chest":1,"stat.craftItem.travelersbackpack.sleeping_bag_bottom":1,"stat.mineBlock.minecraft.stonebrick":4,"stat.pickup.minecraft.dark_oak_stairs":2,"stat.mobKills":208,"stat.craftItem.minecraft.shears":1,"stat.pickup.artifacts.whoopie_cushion":1,"stat.pickup.minecraft.diamond":85,"stat.pickup.minecraft.torch":42,"stat.pickup.treasure2.onyx_charm":1,"stat.drop.minecraft.arrow":4,"stat.craftItem.minecraft.compass":1,"stat.pickup.mcwlights.bell_lantern":5,"stat.pickup.waterstrainer.worm":142,"stat.pickup.minecraft.record_stal":1,"stat.craftItem.minecraft.iron_axe":1,"stat.pickup.dungeontactics.cherry_bomb":4,"stat.useItem.minecraft.planks":259,"stat.pickup.treasure2.falling_grass":1,"stat.useItem.minecraft.golden_shovel":29,"stat.pickup.gb.glob":84,"stat.pickup.minecraft.porkchop":79,"stat.pickup.ironfurnaces.diamond_furnace_idle":3,"stat.pickup.minecraft.glass":35,"stat.pickup.minecraft.blaze_powder":1,"stat.pickup.supertools.hammerwood":1,"stat.drop.treasure2.falling_grass":1,"stat.useItem.minecraft.water_bucket":71,"stat.mineBlock.minecraft.red_mushroom":1,"stat.pickup.minecraft.sand":254,"stat.craftItem.minecraft.dark_oak_fence":48,"stat.pickup.minecraft.name_tag":5,"stat.killEntity.Mimic":1,"stat.craftItem.minecraft.stone_sword":1,"stat.pickup.betteranimalsplus.trillium":1,"stat.pickup.mowziesmobs.barakoa_mask_misery":2,"stat.mineBlock.minecraft.sand":244,"stat.pickup.treasure2.iron_lock":1,"stat.useItem.betteranimalsplus.pheasantraw":2,"stat.mineBlock.ironfurnaces.diamond_furnace_active":1,"stat.craftItem.minecraft.cooked_fish":3,"stat.useItem.minecraft.oak_stairs":25,"stat.pickup.artifacts.night_vision_goggles":1,"stat.mineBlock.minecraft.dark_oak_stairs":2,"stat.mineBlock.futuremc.cornflower":2,"stat.useItem.minecraft.dark_oak_stairs":8,"stat.pickup.ironfurnaces.glass_furnace_idle":4,"stat.mineBlock.treasure2.gravestone2_obsidian":1,"stat.useItem.extrautils2.pipe":4,"stat.pickup.minecraft.furnace":7,"stat.useItem.minecraft.cooked_mutton":11,"stat.craftItem.paraglider.paraglider":1,"stat.craftItem.travelersbackpack.travelers_backpack":1,"stat.pickup.minecraft.iron_chestplate":5,"stat.pickup.minecraft.skull":3,"stat.pickup.treasure2.wood_chest":1,"stat.pickup.futuremc.lily_of_the_valley":5,"stat.pickup.treasure2.diamond_copper_bracelet":1,"stat.entityKilledBy.blueknight":1,"stat.pickup.minecraft.pumpkin_seeds":7,"stat.mineBlock.minecraft.oak_stairs":2,"stat.craftItem.ironfurnaces.diamond_furnace_idle":2,"stat.playOneMinute":1012092,"stat.drop.minecraft.string":2,"stat.pickup.treasure2.treasure_tool":1,"stat.mineBlock.minecraft.dark_oak_fence":12,"stat.drop.minecraft.hopper":1,"stat.craftItem.minecraft.dark_oak_stairs":8,"stat.killEntity.betteranimalsplus.shark":1,"stat.craftItem.minecraft.iron_nugget":72,"stat.useItem.minecraft.experience_bottle":5,"stat.fallOneCm":229339,"stat.pickup.treasure2.spider_key":1,"stat.useItem.extrautils2.trashcan":2,"stat.pickup.artifacts.pocket_piston":1,"stat.craftItem.minecraft.chest":13,"stat.useItem.mcwlights.bell_lantern":12,"stat.pickup.minecraft.red_mushroom":1,"stat.pickup.treasure2.leaf_key":2,"stat.craftItem.treasure2.treasure_tool":1,"stat.pickup.minecraft.emerald_ore":1,"stat.pickup.minecraft.feather":8,"stat.drop.minecraft.bone":2,"stat.pickup.dungeontactics.bush_cherrybomb":5,"stat.pickup.treasure2.emerald_key":1,"stat.pickup.minecraft.iron_leggings":2,"stat.mineBlock.dungeontactics.bush_cherrybomb":3,"stat.pickup.minecraft.lead":1,"stat.mineBlock.minecraft.gravel":34,"stat.useItem.minecraft.stone_pickaxe":136,"stat.craftItem.minecraft.iron_leggings":5,"stat.useItem.minecraft.stone_sword":44,"stat.pickup.blue_skies.blue_lore":2,"stat.craftItem.minecraft.oak_stairs":32,"stat.pickup.minecraft.chainmail_boots":2,"stat.pickup.minecraft.record_13":1,"stat.drop.minecraft.iron_axe":1,"stat.drop.minecraft.record_11":1,"stat.pickup.minecraft.flint_and_steel":1,"stat.pickup.minecraft.record_11":1,"stat.useItem.minecraft.torch":38,"stat.pickup.minecraft.golden_apple":2,"stat.pickup.minecraft.crafting_table":13,"stat.useItem.minecraft.log":2,"stat.pickup.treasure2.diamond_gold_ring":1,"stat.craftItem.minecraft.crafting_table":5,"stat.pickup.minecraft.log":110,"stat.useItem.minecraft.cooked_fish":2,"stat.craftItem.rustic.table_big_oak":8,"stat.drop.minecraft.planks":2,"stat.pickup.minecraft.chainmail_leggings":1,"stat.pickup.ironfurnaces.gold_furnace_idle":1,"stat.pickup.minecraft.sapling":64,"stat.pickup.dungeontactics.bag_tool":1,"stat.craftItem.treasure2.thiefs_lock_pick":2,"stat.useItem.mcwbridges.rope_dark_oak_bridge_end":7,"stat.pickup.rustic.crop_stake":16,"stat.pickup.extrautils2.trashcan":3,"stat.mineBlock.treasure2.gravestone2_mossy_cobblestone":1,"stat.craftItem.minecraft.cooked_chicken":6,"stat.craftItem.minecraft.flower_pot":3,"stat.pickup.artifacts.flame_pendant":2,"stat.sneakTime":11696,"stat.drop.minecraft.bucket":4,"stat.drop.minecraft.yellow_flower":1,"stat.pickup.minecraft.stone_slab":1,"stat.pickup.minecraft.yellow_flower":1,"stat.pickup.minecraft.chest":2,"stat.drop.minecraft.stone_pickaxe":1,"stat.pickup.minecraft.bone":60,"stat.entityKilledBy.bluetankknight":1,"stat.useItem.minecraft.diamond_sword":59,"stat.craftItem.extrautils2.compressedcobblestone":7,"stat.swimOneCm":344192,"stat.mineBlock.gb.gobber_ore":22,"stat.climbOneCm":10201,"stat.craftItem.mcwlights.bell_lantern":9,"stat.craftItem.minecraft.gold_block":2,"stat.craftItem.naturescompass.naturescompass":1,"stat.pickup.treasure2.sapphire":1,"stat.useItem.minecraft.dirt":586,"stat.killEntity.betteranimalsplus.boar":2,"stat.pickup.minecraft.golden_helmet":1,"stat.mineBlock.futuremc.bee_nest":1,"stat.killEntity.artifacts.mimic":11,"stat.craftItem.minecraft.stone_pickaxe":2,"stat.craftItem.mcwbridges.rope_dark_oak_bridge_end":4,"stat.pickup.minecraft.cobblestone":780,"stat.pickup.treasure2.gravestone1_obsidian":1,"stat.mineBlock.chisel.limestone2":9,"stat.useItem.compham.stone_hammer":11,"stat.drop.minecraft.wheat_seeds":5,"stat.useItem.minecraft.cooked_beef":26,"stat.craftItem.minecraft.wooden_slab":42,"stat.pickup.minecraft.redstone":120,"stat.mineBlock.minecraft.iron_ore":326,"stat.pickup.minecraft.mutton":18,"stat.craftItem.torchmaster.mega_torch":1,"stat.pickup.minecraft.stonebrick":4,"stat.drop.minecraft.dirt":13,"stat.useItem.minecraft.cooked_porkchop":51,"stat.mineBlock.extrautils2.trashcan":1,"stat.mineBlock.ironfurnaces.diamond_furnace_idle":2,"stat.craftItem.compham.stone_hammer":1,"stat.craftItem.minecraft.stone_slab2":0,"stat.mineBlock.futuremc.blast_furnace":5,"stat.craftItem.minecraft.stick":160,"stat.craftItem.waterstrainer.net":3,"stat.craftItem.minecraft.stone":10,"stat.mineBlock.minecraft.crafting_table":12,"stat.craftItem.ironfurnaces.glass_furnace_idle":1,"stat.useItem.minecraft.diamond_pickaxe":1358,"stat.mineBlock.rustic.table_big_oak":2,"stat.craftItem.ironfurnaces.gold_furnace_idle":2,"stat.mineBlock.minecraft.planks":98,"stat.useItem.rustic.table_big_oak":6,"stat.drop":73,"stat.killEntity.Sheep":9,"stat.pickup.minecraft.slime_ball":1,"stat.craftItem.minecraft.diamond_pickaxe":1,"stat.pickup.minecraft.golden_chestplate":2,"stat.pickup.artifacts.bottled_cloud":1,"stat.craftItem.minecraft.clay":1,"stat.pickup.minecraft.gravel":33,"stat.useItem.minecraft.porkchop":3,"stat.useItem.minecraft.potion":2,"stat.pickup.dungeontactics.bag_record":1,"stat.craftItem.travelersbackpack.backpack_tank":2,"stat.craftItem.waterstrainer.strainer_fisherman":1,"stat.useItem.minecraft.stone_axe":60,"stat.craftItem.minecraft.iron_helmet":2,"stat.useItem.minecraft.cooked_chicken":6,"stat.pickup.minecraft.iron_ore":350,"stat.mineBlock.waterstrainer.strainer_base":6,"stat.boatOneCm":214586,"stat.craftItem.minecraft.flint_and_steel":2,"stat.drop.zawa.worm":1,"stat.pickup.minecraft.leather":12,"stat.craftItem.minecraft.iron_bars":16,"stat.mineBlock.minecraft.furnace":7,"stat.useItem.minecraft.wooden_pickaxe":21,"stat.pickup.minecraft.dark_oak_fence":21,"stat.drop.minecraft.water_bucket":2,"stat.mineBlock.ironfurnaces.glass_furnace_idle":3,"stat.pickup.minecraft.reeds":21,"tombstone:undead_killed":24,"stat.pickup.minecraft.oak_stairs":6,"stat.mineBlock.mcwbridges.dark_oak_log_bridge_middle":6,"stat.damageDealt":34526,"stat.craftItem.minecraft.glass":20,"stat.killEntity.bound_soul":6,"stat.sleepInBed":17,"stat.killEntity.Cow":7,"stat.useItem.minecraft.crafting_table":1,"stat.killEntity.Pig":40,"stat.pickup.vs_world.valkyrium_crystal":225,"stat.craftItem.minecraft.iron_sword":2,"stat.entityKilledBy.blue_archer":1,"stat.walkOneCm":1967019,"stat.pickup.minecraft.stick":28,"stat.pickup.minecraft.spectral_arrow":6,"stat.pickup.minecraft.clay_ball":145,"stat.drop.treasure2.silver_coin":6,"stat.mineBlock.chisel.basalt2":29,"stat.craftItem.hole_filler_mod.throwable_hole_filler":15,"stat.pickup.openblocks.info_book":2,"stat.drop.minecraft.iron_chestplate":2,"stat.pickup.waterstrainer.bait_pot":2,"stat.pickup.minecraft.stone":79,"stat.pickup.betteranimalsplus.pheasantraw":16,"stat.pickup.minecraft.gold_ingot":46,"stat.killEntity.blue_soldier":2,"stat.killEntity.Skeleton":23,"stat.killEntity.Chicken":9,"stat.drop.minecraft.crafting_table":1,"stat.mineBlock.mcwbridges.rope_dark_oak_bridge":1,"stat.useItem.minecraft.iron_block":2,"stat.killEntity.Spider":4,"stat.pickup.minecraft.bread":12,"stat.pickup.gb.globette":6,"stat.useItem.rustic.crop_stake":16,"stat.pickup.minecraft.golden_shovel":1,"stat.mineBlock.minecraft.leaves":7,"stat.mineBlock.minecraft.redstone_ore":37,"stat.craftItem.minecraft.brick":16,"stat.mineBlock.minecraft.stone":889}