{"stat.craftItem.waterstrainer.garden_trowel":2,"stat.pickup.minecraft.wooden_slab":9,"stat.pickup.iceandfire.fire_dragon_flesh":5,"stat.leaveGame":36,"stat.mineBlock.ironfurnaces.glass_furnace_active":1,"stat.pickup.extrautils2.redorchid":1,"stat.pickup.tombstone.familiar_stone":1,"stat.craftItem.hole_filler_mod.throwable_hole_filler_light":4,"stat.mineBlock.deconstruction.table":3,"stat.craftItem.minecraft.string":2,"stat.pickup.zawa.worm":27,"stat.craftItem.minecraft.shield":2,"stat.mineBlock.minecraft.web":2,"stat.pickup.minecraft.rotten_flesh":93,"stat.pickup.zawa.pangolin_scale":2,"stat.pickup.waterstrainer.strainer_base":6,"stat.useItem.mcwbridges.rope_dark_oak_bridge":1,"stat.craftItem.futuremc.campfire":1,"stat.pickup.iceandfire.chared_cobblestone":1,"stat.pickup.minecraft.bucket":5,"stat.killEntity.Enderman":4,"stat.mineBlock.minecraft.wooden_slab":9,"stat.pickup.minecraft.leather_boots":1,"stat.pickup.dungeontactics.iron_cluster":9,"stat.killEntity.wood_mimic":1,"stat.craftItem.minecraft.iron_shovel":2,"stat.mineBlock.extrautils2.redorchid":1,"stat.killEntity.Witch":1,"stat.craftItem.mcwbridges.rope_dark_oak_bridge":16,"stat.mineBlock.openblocks.grave":2,"stat.useItem.minecraft.iron_pickaxe":251,"stat.craftItem.minecraft.wooden_pickaxe":1,"stat.useItem.minecraft.iron_shovel":337,"stat.craftItem.minecraft.bed":2,"stat.mineBlock.mcwlights.bell_wall_lantern":2,"stat.craftItem.minecraft.glass_pane":16,"stat.mineBlock.chisel.marble2":43,"stat.mineBlock.minecraft.hopper":8,"stat.pickup.artifacts.feral_claws":1,"stat.furnaceInteraction":107,"stat.drop.minecraft.gravel":2,"stat.killEntity.ZombieVillager":2,"stat.craftItem.compham.stone_rod":2,"stat.mineBlock.treasure2.sapphire_ore":1,"stat.useItem.waterstrainer.strainer_base":5,"stat.pickup.dawnoftimebuilder.mulberry_leaves":1,"stat.pickup.minecraft.beef":67,"stat.craftItem.rustic.rope":12,"stat.craftItem.futuremc.dye":7,"stat.useItem.minecraft.fence":14,"stat.pickup.minecraft.potion":8,"stat.useItem.minecraft.flint_and_steel":3,"stat.mineBlock.minecraft.fence":13,"stat.drop.minecraft.cooked_fish":3,"stat.entityKilledBy.blue_soldier":2,"stat.killEntity.Husk":2,"stat.killEntity.betteranimalsplus.zotzpyre":1,"stat.useItem.minecraft.dye":32,"stat.mineBlock.rustic.crop_stake":27,"stat.deaths":29,"stat.craftItem.futuremc.blast_furnace":1,"stat.pickup.minecraft.egg":2,"stat.craftItem.minecraft.iron_pickaxe":1,"stat.pickup.zawa.care_guide":1,"stat.drop.minecraft.glass_bottle":2,"stat.pickup.chisel.marble2":25,"stat.mineBlock.minecraft.tallgrass":265,"stat.craftItem.minecraft.cooked_mutton":18,"stat.chestOpened":182,"stat.craftItem.minecraft.sign":3,"stat.pickup.waterstrainer.garden_trowel":1,"stat.useItem.minecraft.stone":11,"stat.useItem.dungeontactics.bush_cherrybomb":4,"stat.pickup.minecraft.arrow":62,"stat.pickup.minecraft.iron_sword":4,"stat.pickup.treasure2.gold_coin":1,"stat.pickup.dungeontactics.bag_ore":2,"stat.pickup.minecraft.lapis_ore":2,"stat.pickup.minecraft.gold_nugget":69,"stat.craftItem.minecraft.coal":2,"stat.mineBlock.treasure2.falling_grass":1,"stat.drop.minecraft.dark_oak_stairs":2,"stat.pickup.treasure2.silver_coin":7,"stat.crouchOneCm":31854,"stat.mineBlock.minecraft.chest":7,"stat.craftItem.minecraft.iron_ingot":369,"stat.mineBlock.futuremc.lily_of_the_valley":2,"stat.craftItem.minecraft.hopper":4,"stat.craftingTableInteraction":213,"stat.craftItem.mcwbridges.dark_oak_log_bridge_middle":36,"stat.mineBlock.minecraft.log2":117,"stat.useItem.minecraft.dark_oak_fence":29,"stat.useItem.minecraft.reeds":9,"stat.craftItem.minecraft.wooden_sword":1,"stat.pickup.minecraft.dye":271,"stat.pickup.minecraft.planks":165,"stat.pickup.chisel.limestone2":7,"stat.mineBlock.mcwlights.bell_lantern":9,"stat.pickup.minecraft.wheat_seeds":54,"stat.drop.iceandfire.fire_dragon_heart":1,"stat.pickup.treasure2.cardboard_box":1,"stat.pickup.zawa.bush_meat_raw":1,"stat.craftItem.extrautils2.pipe":64,"stat.pickup.openblocks.technicolor_glasses":1,"stat.craftItem.deconstruction.table":1,"stat.mineBlock.minecraft.dirt":831,"stat.pickup.artifacts.tiny_shirt":1,"stat.useItem.minecraft.bread":14,"stat.drop.betteranimalsplus.pheasantcooked":5,"stat.drop.minecraft.rotten_flesh":2,"stat.useItem.minecraft.cobblestone":256,"stat.useItem.minecraft.gravel":8,"stat.mineBlock.minecraft.double_plant":5,"stat.craftItem.torchbowmod.torchbow":1,"stat.mineBlock.betteranimalsplus.trillium":2,"stat.pickup.minecraft.iron_pickaxe":4,"stat.pickup.futuremc.blast_furnace":7,"stat.craftItem.minecraft.gold_ingot":56,"stat.drop.minecraft.sapling":6,"stat.pickup.minecraft.hopper":5,"stat.pickup.minecraft.chicken":16,"stat.pickup.treasure2.painting_blocks_cobblestone":2,"stat.pickup.minecraft.tipped_arrow":9,"stat.craftItem.chisel.chisel_iron":1,"stat.mineBlock.treasure2.gravestone1_obsidian":1,"stat.pickup.minecraft.apple":1,"stat.pickup.minecraft.banner":2,"stat.useItem.betteranimalsplus.pheasantcooked":7,"stat.craftItem.waterstrainer.strainer_base":3,"stat.craftItem.minecraft.bucket":4,"stat.craftItem.minecraft.planks":784,"stat.useItem.minecraft.iron_sword":571,"stat.pickup.futuremc.cornflower":11,"stat.pickup.torchmaster.mega_torch":2,"stat.pickup.minecraft.book":2,"stat.mineBlock.minecraft.log":125,"stat.pickup.iceandfire.dragonbone":26,"stat.pickup.dungeontactics.bag_quiver":1,"stat.craftItem.mcwbridges.dark_oak_log_bridge_end":1,"stat.pickup.minecraft.red_flower":15,"stat.pickup.minecraft.wool":30,"stat.pickup.minecraft.cooked_fish":2,"stat.useItem.minecraft.wooden_axe":31,"stat.pickup.extrautils2.pipe":4,"stat.craftItem.minecraft.cobblestone":9,"stat.pickup.rustic.rope":4,"stat.useItem.minecraft.iron_axe":353,"stat.mineBlock.minecraft.cobblestone":21,"stat.pickup.minecraft.stone_pickaxe":2,"stat.pickup.minecraft.flint":2,"stat.mineBlock.minecraft.yellow_flower":3,"stat.pickup.mcwbridges.dark_oak_log_bridge_middle":6,"stat.craftItem.minecraft.wool":8,"stat.useItem.mcwbridges.dark_oak_log_bridge_middle":36,"stat.pickup.minecraft.enchanted_book":2,"stat.drop.minecraft.cobblestone":1,"stat.pickup.minecraft.cooked_porkchop":31,"stat.pickup.gb.govel":1,"stat.useItem.minecraft.stone_slab2":203,"stat.pickup.minecraft.bow":1,"stat.pickup.minecraft.iron_boots":4,"stat.killEntity.Piranha":4,"stat.craftItem.minecraft.furnace":4,"stat.pickup.gb.globot_chestplate":1,"stat.craftItem.minecraft.iron_boots":3,"stat.craftItem.pirates.lantern":1,"stat.craftItem.futuremc.smooth_stone":3,"stat.killEntity.betteranimalsplus.jellyfish":1,"stat.craftItem.minecraft.cooked_beef":63,"stat.mineBlock.minecraft.obsidian":8,"stat.pickup.minecraft.shears":2,"stat.craftItem.minecraft.bow":1,"stat.mineBlock.minecraft.clay":36,"stat.pickup.minecraft.diamond_leggings":1,"stat.flyOneCm":4510697,"stat.useItem.mcwlights.bell_wall_lantern":4,"stat.pickup.minecraft.fish":15,"stat.timeSinceDeath":11407,"stat.useItem.minecraft.wooden_slab":14,"stat.pickup.mcwlights.bell_wall_lantern":2,"stat.pickup.travelersbackpack.travelers_backpack":9,"stat.craftItem.mcwlights.bell_wall_lantern":10,"stat.pickup.treasure2.diamond_charm":1,"stat.mineBlock.minecraft.coal_ore":161,"stat.pickup.minecraft.shield":5,"stat.killEntity.Creeper":2,"stat.talkedToVillager":21,"stat.pickup.extrautils2.ingredients":5,"stat.pickup.minecraft.string":17,"stat.pickup.compham.stone_rod":2,"stat.pickup.tombstone.crafting_ingredient":5,"stat.entityKilledBy.Skeleton":4,"stat.sprintOneCm":2246236,"stat.killEntity.betteranimalsplus.pheasant":8,"stat.mineBlock.minecraft.stone_slab":1,"stat.craftItem.minecraft.wooden_axe":1,"stat.mineBlock.rustic.rope":1,"stat.mineBlock.minecraft.diamond_ore":59,"stat.useItem.betteranimalsplus.pheasant_egg":2,"stat.pickup.mowziesmobs.barakoa_mask_fear":3,"stat.pickup.mcwbridges.rope_dark_oak_bridge_end":7,"stat.pickup.betteranimalsplus.wolf_pelt_arctic":6,"stat.pickup.waterstrainer.strainer_fisherman":2,"stat.pickup.mcwbridges.rope_dark_oak_bridge":1,"stat.craftItem.waterstrainer.bait_pot":3,"stat.killEntity.Zombie":47,"stat.craftItem.minecraft.dye":63,"stat.pickup.iceandfire.chared_dirt":2,"stat.mineBlock.minecraft.gold_ore":49,"stat.diveOneCm":237900,"stat.craftItem.ironfurnaces.iron_furnace_idle":2,"stat.pickup.minecraft.sign":2,"stat.mineBlock.vs_world.valkyrium_ore":50,"stat.craftItem.minecraft.cooked_porkchop":88,"stat.pickup.minecraft.stone_axe":4,"stat.pickup.minecraft.obsidian":7,"stat.mineBlock.ironfurnaces.gold_furnace_active":1,"stat.jump":3205,"stat.useItem.minecraft.sand":53,"stat.pickup.minecraft.coal":442,"stat.useItem.torchbowmod.torchbow":43,"stat.pickup.minecraft.iron_ingot":103,"stat.craftItem.rustic.crop_stake":25,"stat.drop.minecraft.diamond_sword":1,"stat.pickup.minecraft.gunpowder":6,"stat.craftItem.minecraft.torch":56,"stat.pickup.dungeontactics.iron_cutlass":1,"stat.pickup.minecraft.dirt":1086,"stat.pickup.treasure2.gold_charm":2,"stat.killEntity.blue_archer":5,"stat.pickup.artifacts.cobalt_shield":3,"stat.pickup.iceandfire.fire_dragon_heart":2,"stat.mineBlock.mcwbridges.rope_dark_oak_bridge_end":7,"stat.pickup.minecraft.gold_ore":48,"stat.useItem.minecraft.sapling":40,"stat.mineBlock.minecraft.lapis_ore":34,"stat.pickup.minecraft.iron_axe":4,"stat.pickup.minecraft.cookie":1,"stat.craftItem.futuremc.grindstone":1,"stat.mineBlock.minecraft.glass_pane":1,"stat.damageTaken":18533,"stat.mineBlock.torchmaster.mega_torch":2,"stat.mineBlock.minecraft.torch":39,"stat.mineBlock.minecraft.red_flower":9,"stat.mineBlock.treasure2.cardboard_box":1,"stat.craftItem.betteranimalsplus.pheasantcooked":14,"stat.mineBlock.minecraft.sapling":12,"stat.pickup.minecraft.log2":139,"stat.pickup.minecraft.bed":8,"stat.pickup.artifacts.thorn_pendant":1,"stat.useItem.waterstrainer.garden_trowel":382,"stat.entityKilledBy.Zombie":1,"stat.pickup.deconstruction.table":3,"stat.pickup.artifacts.obsidian_skull":2,"stat.pickup.artifacts.shiny_red_balloon":1,"stat.craftItem.minecraft.stone_slab":12,"stat.useItem.minecraft.chest":5,"stat.pickup.rustic.table_big_oak":7,"stat.pickup.minecraft.diamond_pickaxe":2,"stat.pickup.treasure2.amethyst_charm":1,"stat.killEntity.betteranimalsplus.feralwolf":4,"stat.useItem.minecraft.lava_bucket":2,"stat.pickup.betteranimalsplus.pheasant_egg":2,"stat.craftItem.minecraft.iron_chestplate":4,"stat.pickup.minecraft.ender_pearl":2,"stat.useItem.rustic.rope":2,"stat.drop.treasure2.wood_chest":1,"stat.craftItem.travelersbackpack.sleeping_bag_bottom":1,"stat.mineBlock.minecraft.stonebrick":4,"stat.pickup.minecraft.dark_oak_stairs":2,"stat.mobKills":266,"stat.pickup.pirates.dingy":1,"stat.pickup.minecraft.diamond_boots":1,"stat.craftItem.minecraft.shears":1,"stat.useItem.gb.gigger":59,"stat.pickup.artifacts.whoopie_cushion":1,"stat.useItem.minecraft.boat":1,"stat.pickup.minecraft.diamond":85,"stat.pickup.minecraft.torch":44,"stat.pickup.treasure2.onyx_charm":1,"stat.drop.minecraft.arrow":4,"stat.craftItem.minecraft.compass":1,"stat.pickup.mcwlights.bell_lantern":8,"stat.pickup.waterstrainer.worm":162,"stat.pickup.minecraft.record_stal":1,"stat.craftItem.minecraft.iron_axe":2,"stat.pickup.dungeontactics.cherry_bomb":4,"stat.useItem.minecraft.planks":346,"stat.pickup.treasure2.falling_grass":1,"stat.useItem.minecraft.golden_shovel":29,"stat.pickup.gb.glob":84,"stat.pickup.minecraft.porkchop":94,"stat.pickup.ironfurnaces.diamond_furnace_idle":3,"stat.pickup.minecraft.glass":39,"stat.pickup.minecraft.blaze_powder":1,"stat.pickup.supertools.hammerwood":1,"stat.drop.treasure2.falling_grass":1,"stat.useItem.minecraft.water_bucket":71,"stat.mineBlock.minecraft.red_mushroom":1,"stat.pickup.minecraft.sand":254,"stat.craftItem.minecraft.dark_oak_fence":51,"stat.pickup.minecraft.name_tag":5,"stat.killEntity.Mimic":1,"stat.craftItem.minecraft.stone_sword":1,"stat.pickup.betteranimalsplus.trillium":1,"stat.craftItem.futuremc.loom":1,"stat.pickup.mowziesmobs.barakoa_mask_misery":2,"stat.entityKilledBy.firedragon":13,"stat.mineBlock.minecraft.sand":245,"stat.pickup.iceandfire.ash":2,"stat.pickup.treasure2.iron_lock":1,"stat.useItem.betteranimalsplus.pheasantraw":2,"stat.mineBlock.ironfurnaces.diamond_furnace_active":1,"stat.craftItem.minecraft.cooked_fish":45,"stat.hopperInspected":4,"stat.useItem.hole_filler_mod.throwable_hole_filler_balanced":4,"stat.useItem.minecraft.oak_stairs":53,"stat.pickup.artifacts.night_vision_goggles":1,"stat.mineBlock.minecraft.dark_oak_stairs":2,"stat.pickup.iceandfire.dragon_skull":3,"stat.mineBlock.futuremc.cornflower":9,"stat.useItem.minecraft.dark_oak_stairs":8,"stat.pickup.ironfurnaces.glass_furnace_idle":4,"stat.mineBlock.treasure2.gravestone2_obsidian":1,"stat.useItem.extrautils2.pipe":4,"stat.pickup.minecraft.furnace":7,"stat.useItem.minecraft.cooked_mutton":12,"stat.drop.iceandfire.dragon_skull":1,"stat.craftItem.paraglider.paraglider":1,"stat.craftItem.travelersbackpack.travelers_backpack":1,"stat.pickup.minecraft.iron_chestplate":5,"stat.pickup.minecraft.skull":3,"stat.pickup.tombstone.magic_scroll":1,"stat.mineBlock.iceandfire.ash":7,"stat.pickup.treasure2.wood_chest":1,"stat.pickup.futuremc.lily_of_the_valley":5,"stat.pickup.treasure2.diamond_copper_bracelet":1,"stat.entityKilledBy.blueknight":1,"stat.pickup.minecraft.pumpkin_seeds":7,"stat.mineBlock.minecraft.oak_stairs":30,"stat.craftItem.ironfurnaces.diamond_furnace_idle":2,"stat.killEntity.betteranimalsplus.songbird":1,"stat.mineBlock.iceandfire.chared_gravel":2,"stat.playOneMinute":1356316,"stat.drop.minecraft.string":2,"stat.drop.gb.govel":1,"stat.pickup.treasure2.treasure_tool":1,"stat.mineBlock.minecraft.dark_oak_fence":24,"stat.drop.minecraft.hopper":1,"stat.drop.waterstrainer.garden_trowel":1,"stat.craftItem.minecraft.dark_oak_stairs":8,"stat.killEntity.betteranimalsplus.shark":1,"stat.craftItem.minecraft.iron_nugget":135,"stat.useItem.minecraft.experience_bottle":5,"stat.fallOneCm":371994,"stat.pickup.treasure2.spider_key":1,"stat.useItem.extrautils2.trashcan":3,"stat.pickup.artifacts.pocket_piston":1,"stat.pickup.iceandfire.pixie_dust":2,"stat.craftItem.minecraft.chest":16,"stat.craftItem.minecraft.banner":1,"stat.useItem.mcwlights.bell_lantern":12,"stat.drop.minecraft.book":5,"stat.pickup.minecraft.red_mushroom":1,"stat.pickup.treasure2.leaf_key":2,"stat.craftItem.treasure2.treasure_tool":1,"stat.pickup.minecraft.emerald_ore":1,"stat.pickup.minecraft.feather":10,"stat.drop.minecraft.bone":2,"stat.pickup.dungeontactics.bush_cherrybomb":5,"stat.pickup.iceandfire.dragonscales_red":22,"stat.pickup.treasure2.emerald_key":1,"stat.pickup.minecraft.iron_leggings":2,"stat.mineBlock.dungeontactics.bush_cherrybomb":3,"stat.pickup.minecraft.lead":1,"stat.mineBlock.minecraft.gravel":34,"stat.useItem.minecraft.stone_pickaxe":136,"stat.craftItem.minecraft.iron_leggings":5,"stat.useItem.minecraft.stone_sword":44,"stat.pickup.blue_skies.blue_lore":2,"stat.pickup.zawa.dried_bamboo":1,"stat.craftItem.minecraft.oak_stairs":36,"stat.pickup.minecraft.chainmail_boots":2,"stat.pickup.minecraft.record_13":1,"stat.drop.minecraft.iron_axe":1,"stat.drop.minecraft.record_11":1,"stat.pickup.minecraft.flint_and_steel":1,"stat.pickup.minecraft.record_11":1,"stat.useItem.minecraft.torch":38,"stat.pickup.minecraft.golden_apple":2,"stat.pickup.minecraft.crafting_table":13,"stat.useItem.minecraft.log":2,"stat.pickup.treasure2.diamond_gold_ring":1,"stat.craftItem.minecraft.crafting_table":6,"stat.pickup.gb.gigger":1,"stat.pickup.minecraft.log":142,"stat.useItem.minecraft.cooked_fish":10,"stat.craftItem.rustic.table_big_oak":8,"stat.drop.minecraft.planks":2,"stat.pickup.minecraft.chainmail_leggings":1,"stat.pickup.ironfurnaces.gold_furnace_idle":1,"stat.pickup.minecraft.sapling":78,"stat.pickup.dungeontactics.bag_tool":1,"stat.craftItem.treasure2.thiefs_lock_pick":2,"stat.entityKilledBy.Enderman":1,"stat.useItem.mcwbridges.rope_dark_oak_bridge_end":7,"stat.mineBlock.iceandfire.goldpile":12,"stat.pickup.rustic.crop_stake":27,"stat.drop.waterstrainer.worm":1,"stat.pickup.minecraft.diamond_helmet":1,"stat.pickup.extrautils2.trashcan":7,"stat.mineBlock.treasure2.gravestone2_mossy_cobblestone":1,"stat.craftItem.minecraft.cooked_chicken":9,"stat.craftItem.minecraft.flower_pot":3,"stat.pickup.iceandfire.pixie_house":12,"stat.pickup.artifacts.flame_pendant":2,"stat.sneakTime":13076,"stat.drop.minecraft.bucket":4,"stat.drop.minecraft.yellow_flower":2,"stat.pickup.minecraft.stone_slab":1,"stat.pickup.minecraft.yellow_flower":5,"stat.pickup.minecraft.chest":6,"stat.drop.minecraft.stone_pickaxe":1,"stat.pickup.zawa.bird_meat_cooked":1,"stat.pickup.minecraft.bone":60,"stat.entityKilledBy.bluetankknight":1,"stat.useItem.minecraft.diamond_sword":278,"stat.craftItem.extrautils2.compressedcobblestone":7,"stat.swimOneCm":398923,"stat.mineBlock.gb.gobber_ore":22,"stat.climbOneCm":10316,"stat.craftItem.mcwlights.bell_lantern":15,"stat.killEntity.viking2":1,"stat.craftItem.minecraft.gold_block":2,"stat.craftItem.naturescompass.naturescompass":1,"stat.pickup.treasure2.sapphire":1,"stat.useItem.minecraft.dirt":645,"stat.killEntity.betteranimalsplus.boar":2,"stat.pickup.minecraft.golden_helmet":1,"stat.mineBlock.futuremc.bee_nest":1,"stat.killEntity.artifacts.mimic":11,"stat.mineBlock.zawa.dried_bamboo":1,"stat.craftItem.minecraft.stone_pickaxe":2,"stat.craftItem.mcwbridges.rope_dark_oak_bridge_end":4,"stat.pickup.minecraft.cobblestone":791,"stat.pickup.treasure2.gravestone1_obsidian":1,"stat.mineBlock.chisel.limestone2":10,"stat.useItem.compham.stone_hammer":11,"stat.drop.minecraft.wheat_seeds":5,"stat.useItem.minecraft.cooked_beef":40,"stat.craftItem.minecraft.wooden_slab":60,"stat.pickup.minecraft.cactus":20,"stat.pickup.minecraft.redstone":120,"stat.mineBlock.minecraft.iron_ore":326,"stat.useItem.minecraft.sign":3,"stat.pickup.minecraft.mutton":25,"stat.craftItem.torchmaster.mega_torch":1,"stat.pickup.minecraft.stonebrick":4,"stat.drop.minecraft.dirt":13,"stat.useItem.minecraft.cooked_porkchop":57,"stat.mineBlock.extrautils2.trashcan":5,"stat.mineBlock.ironfurnaces.diamond_furnace_idle":2,"stat.craftItem.compham.stone_hammer":1,"stat.pickup.hole_filler_mod.throwable_hole_filler_balanced":1,"stat.craftItem.minecraft.stone_slab2":0,"stat.mineBlock.futuremc.blast_furnace":5,"stat.craftItem.minecraft.stick":160,"stat.craftItem.waterstrainer.net":3,"stat.useItem.gb.govel":18,"stat.craftItem.minecraft.stone":13,"stat.craftItem.minecraft.gold_nugget":36,"stat.mineBlock.minecraft.crafting_table":12,"stat.craftItem.ironfurnaces.glass_furnace_idle":1,"stat.useItem.minecraft.diamond_pickaxe":1402,"stat.mineBlock.rustic.table_big_oak":4,"stat.craftItem.ironfurnaces.gold_furnace_idle":2,"stat.mineBlock.minecraft.planks":129,"stat.useItem.rustic.table_big_oak":6,"stat.drop":85,"stat.killEntity.Sheep":13,"stat.pickup.minecraft.slime_ball":1,"stat.craftItem.minecraft.diamond_pickaxe":1,"stat.pickup.minecraft.golden_chestplate":2,"stat.pickup.artifacts.bottled_cloud":1,"stat.craftItem.minecraft.clay":17,"stat.pickup.minecraft.gravel":35,"stat.useItem.minecraft.porkchop":3,"stat.useItem.minecraft.potion":2,"stat.pickup.dungeontactics.bag_record":1,"stat.pickup.minecraft.diamond_sword":1,"stat.craftItem.travelersbackpack.backpack_tank":2,"stat.pickup.minecraft.fence":15,"stat.craftItem.waterstrainer.strainer_fisherman":3,"stat.useItem.minecraft.stone_axe":60,"stat.craftItem.minecraft.iron_helmet":2,"stat.useItem.minecraft.cooked_chicken":9,"stat.pickup.minecraft.iron_ore":350,"stat.mineBlock.waterstrainer.strainer_base":6,"stat.boatOneCm":242290,"stat.craftItem.minecraft.flint_and_steel":2,"stat.drop.zawa.worm":1,"stat.pickup.minecraft.leather":33,"stat.craftItem.minecraft.iron_bars":16,"stat.mineBlock.iceandfire.pixie_house":12,"stat.mineBlock.minecraft.furnace":7,"stat.useItem.minecraft.wooden_pickaxe":21,"stat.pickup.minecraft.dark_oak_fence":33,"stat.mineBlock.iceandfire.chared_cobblestone":1,"stat.drop.minecraft.water_bucket":2,"stat.mineBlock.ironfurnaces.glass_furnace_idle":3,"stat.pickup.minecraft.reeds":37,"tombstone:undead_killed":33,"stat.useItem.tombstone.grave_key":2,"stat.pickup.minecraft.oak_stairs":34,"stat.mineBlock.mcwbridges.dark_oak_log_bridge_middle":6,"stat.craftItem.hole_filler_mod.throwable_hole_filler_balanced":4,"stat.damageDealt":43026,"stat.craftItem.minecraft.glass":24,"stat.killEntity.bound_soul":6,"stat.sleepInBed":27,"stat.killEntity.if_pixie":1,"stat.killEntity.Cow":31,"stat.useItem.minecraft.crafting_table":1,"stat.killEntity.Pig":46,"stat.pickup.vs_world.valkyrium_crystal":225,"stat.craftItem.minecraft.iron_sword":3,"stat.pickup.minecraft.boat":7,"stat.entityKilledBy.blue_archer":1,"stat.walkOneCm":2707418,"stat.pickup.minecraft.stick":160,"stat.pickup.minecraft.spectral_arrow":6,"stat.pickup.minecraft.clay_ball":145,"stat.drop.treasure2.silver_coin":6,"stat.mineBlock.chisel.basalt2":29,"stat.craftItem.hole_filler_mod.throwable_hole_filler":27,"stat.pickup.openblocks.info_book":2,"stat.drop.minecraft.iron_chestplate":2,"stat.pickup.waterstrainer.bait_pot":2,"stat.pickup.minecraft.stone":81,"stat.pickup.betteranimalsplus.pheasantraw":16,"stat.useItem.minecraft.cactus":17,"stat.pickup.minecraft.gold_ingot":46,"stat.killEntity.blue_soldier":3,"stat.killEntity.Skeleton":27,"stat.mineBlock.minecraft.cactus":12,"stat.killEntity.Chicken":9,"stat.drop.minecraft.crafting_table":1,"stat.mineBlock.mcwbridges.rope_dark_oak_bridge":1,"stat.useItem.minecraft.iron_block":2,"stat.killEntity.Spider":6,"stat.pickup.minecraft.bread":12,"stat.pickup.gb.globette":6,"stat.useItem.rustic.crop_stake":47,"stat.craftItem.minecraft.fence":21,"stat.pickup.minecraft.golden_shovel":1,"stat.mineBlock.minecraft.leaves":9,"stat.mineBlock.minecraft.redstone_ore":37,"stat.craftItem.minecraft.brick":16,"stat.mineBlock.minecraft.stone":942}