{"stat.useItem.minecraft.bow":2,"stat.craftItem.minecraft.acacia_boat":1,"stat.pickup.minecraft.wooden_slab":1,"stat.leaveGame":114,"stat.drop.minecraft.gunpowder":2,"stat.craftItem.gb.globot":120,"stat.mineBlock.minecraft.sandstone":21,"stat.craftItem.minecraft.shield":2,"stat.mineBlock.minecraft.web":2,"stat.pickup.treasure2.iron_strongbox":1,"stat.drop.minecraft.iron_sword":2,"stat.pickup.minecraft.rotten_flesh":34,"stat.craftItem.minecraft.stone_axe":1,"stat.pickup.minecraft.bucket":8,"stat.killEntity.Enderman":2,"stat.mineBlock.minecraft.wooden_slab":1,"stat.pickup.dungeontactics.iron_cluster":363,"stat.craftItem.minecraft.iron_shovel":2,"stat.drop.minecraft.sand":1,"stat.mineBlock.openblocks.grave":6,"stat.craftItem.gb.gigger":3,"stat.useItem.minecraft.iron_pickaxe":500,"stat.craftItem.minecraft.wooden_pickaxe":10,"stat.useItem.minecraft.iron_shovel":377,"stat.mineBlock.chisel.marble2":70,"stat.pickup.minecraft.record_far":1,"stat.furnaceInteraction":126,"stat.killEntity.ZombieVillager":2,"stat.craftItem.compham.stone_rod":2,"stat.drop.minecraft.red_flower":2,"stat.pickup.tombstone.gift":2,"stat.pickup.minecraft.potion":5,"stat.pickup.mowziesmobs.barakoa_mask_rage":3,"stat.drop.compham.compressed_hammer":1,"stat.entityKilledBy.blue_soldier":3,"stat.killEntity.betteranimalsplus.zotzpyre":2,"stat.useItem.minecraft.lingering_potion":1,"stat.pickup.minecraft.emerald":2,"stat.pickup.minecraft.lever":1,"stat.deaths":23,"stat.pickup.mowziesmobs.barakoa_mask_fury":1,"stat.craftItem.minecraft.iron_pickaxe":2,"stat.pickup.artifacts.panic_necklace":3,"stat.pickup.zawa.care_guide":1,"stat.drop.minecraft.glass_bottle":1,"stat.pickup.chisel.marble2":77,"stat.mineBlock.minecraft.tallgrass":386,"stat.pickup.dungeontactics.bag_food":1,"stat.pickup.minecraft.cooked_mutton":86,"stat.chestOpened":229,"stat.useItem.minecraft.splash_potion":7,"stat.useItem.minecraft.stone":48,"stat.pickup.minecraft.arrow":43,"stat.pickup.minecraft.iron_sword":14,"stat.craftItem.treasure2.key_ring":1,"stat.pickup.chisel.basalt2":18,"stat.pickup.minecraft.carrot":1,"stat.drop.minecraft.stone_sword":1,"stat.crouchOneCm":146928,"stat.craftItem.minecraft.iron_ingot":869,"stat.mineBlock.futuremc.lily_of_the_valley":1,"stat.craftingTableInteraction":81,"stat.pickup.treasure2.stone_key":1,"stat.mineBlock.minecraft.log2":365,"stat.pickup.minecraft.wooden_pickaxe":5,"stat.useItem.minecraft.reeds":3,"stat.pickup.minecraft.dye":457,"stat.pickup.minecraft.planks":115,"stat.pickup.chisel.limestone2":19,"stat.pickup.minecraft.wheat_seeds":52,"stat.craftItem.compham.iron_rod":2,"stat.pickup.compham.compressed_hammer":2,"stat.pickup.openblocks.technicolor_glasses":2,"stat.mineBlock.minecraft.dirt":189,"stat.pickup.artifacts.tiny_shirt":4,"stat.useItem.minecraft.bread":4,"stat.craftItem.supertools.hammerwood":1,"stat.drop.minecraft.rotten_flesh":10,"stat.useItem.minecraft.cobblestone":1000,"stat.mineBlock.minecraft.double_plant":3,"stat.pickup.betteranimalsplus.pheasantcooked":5,"stat.mineBlock.betteranimalsplus.trillium":1,"stat.craftItem.minecraft.gold_ingot":321,"stat.drop.minecraft.sapling":2,"stat.mineBlock.treasure2.gravestone1_obsidian":1,"stat.pickup.minecraft.apple":11,"stat.useItem.betteranimalsplus.pheasantcooked":5,"stat.craftItem.minecraft.bucket":3,"stat.craftItem.minecraft.planks":460,"stat.useItem.minecraft.iron_sword":502,"stat.itemEnchanted":3,"stat.pickup.futuremc.cornflower":20,"stat.useItem.minecraft.acacia_boat":2,"stat.pickup.minecraft.stone_sword":4,"stat.pickup.minecraft.book":25,"stat.mineBlock.minecraft.log":20,"stat.mineBlock.minecraft.waterlily":2,"stat.useItem.chisel.basalt2":3,"stat.craftItem.minecraft.paper":24,"stat.pickup.minecraft.red_flower":2,"stat.pickup.minecraft.wool":49,"stat.pickup.minecraft.cooked_fish":4,"stat.useItem.minecraft.iron_axe":98,"stat.drop.minecraft.stone_shovel":1,"stat.mineBlock.minecraft.cobblestone":393,"stat.pickup.minecraft.flint":4,"stat.mineBlock.minecraft.yellow_flower":7,"stat.craftItem.gb.glopper":2,"stat.pickup.minecraft.enchanted_book":2,"stat.drop.minecraft.cobblestone":66,"stat.pickup.minecraft.cooked_porkchop":39,"stat.pickup.gb.govel":2,"stat.useItem.minecraft.obsidian":19,"stat.useItem.minecraft.stone_slab2":113,"stat.pickup.minecraft.bow":3,"stat.pickup.minecraft.iron_boots":4,"stat.killEntity.Piranha":2,"stat.craftItem.minecraft.furnace":2,"stat.craftItem.minecraft.lapis_block":29,"stat.killEntity.blueknight":2,"stat.craftItem.minecraft.iron_boots":4,"stat.craftItem.futuremc.smooth_stone":3,"stat.mineBlock.minecraft.obsidian":33,"stat.mineBlock.minecraft.clay":15,"stat.flyOneCm":3728764,"stat.pickup.minecraft.sandstone":3,"stat.pickup.minecraft.fish":3,"stat.timeSinceDeath":3551,"stat.drop.minecraft.spider_eye":1,"stat.pickup.dungeontactics.silver_cluster":1,"stat.craftItem.minecraft.iron_block":43,"stat.pickup.travelersbackpack.travelers_backpack":4,"stat.pickup.minecraft.chainmail_helmet":1,"stat.mineBlock.minecraft.enchanting_table":3,"stat.mineBlock.minecraft.coal_ore":322,"stat.pickup.minecraft.shield":2,"stat.killEntity.Creeper":1,"stat.talkedToVillager":1,"stat.pickup.extrautils2.ingredients":10,"stat.pickup.minecraft.string":34,"stat.entityKilledBy.Skeleton":7,"stat.drop.minecraft.obsidian":2,"stat.sprintOneCm":1655555,"stat.drop.minecraft.leather":1,"stat.useItem.carryon.tile_item":2,"stat.mineBlock.dungeontactics.silver_ore":1,"stat.mineBlock.minecraft.diamond_ore":53,"stat.pickup.mowziesmobs.barakoa_mask_fear":4,"stat.pickup.dungeontactics.mortar&pestle":1,"stat.killEntity.Zombie":22,"stat.craftItem.minecraft.dye":36,"stat.mineBlock.ironfurnaces.iron_furnace_active":2,"stat.mineBlock.minecraft.gold_ore":182,"stat.diveOneCm":102310,"stat.craftItem.ironfurnaces.iron_furnace_idle":3,"stat.mineBlock.vs_world.valkyrium_ore":69,"stat.craftItem.minecraft.cooked_porkchop":31,"stat.pickup.minecraft.stone_axe":1,"stat.mineBlock.ironfurnaces.gold_furnace_active":1,"stat.pickup.minecraft.obsidian":75,"stat.jump":4128,"stat.useItem.minecraft.sand":32,"stat.pickup.minecraft.coal":758,"stat.pickup.minecraft.iron_ingot":11,"stat.useItem.compham.compressed_hammer":90,"stat.pickup.minecraft.gunpowder":6,"stat.craftItem.minecraft.torch":8,"stat.pickup.dungeontactics.iron_cutlass":2,"stat.pickup.minecraft.dirt":266,"stat.killEntity.blue_archer":2,"stat.pickup.artifacts.cobalt_shield":6,"stat.useItem.minecraft.glass":68,"stat.pickup.minecraft.stone_shovel":2,"stat.pickup.minecraft.gold_ore":106,"stat.mineBlock.minecraft.lapis_ore":41,"stat.pickup.minecraft.iron_axe":6,"stat.drop.minecraft.acacia_boat":1,"stat.mineBlock.minecraft.glass_pane":3,"stat.damageTaken":16323,"stat.mineBlock.minecraft.torch":1,"stat.mineBlock.minecraft.red_flower":2,"stat.pickup.minecraft.log2":368,"stat.pickup.treasure2.gravestone3_cobblestone":1,"stat.mineBlock.treasure2.gravestone3_polished_andesite":1,"stat.pickup.minecraft.bed":5,"stat.pickup.artifacts.thorn_pendant":2,"stat.pickup.ironfurnaces.iron_furnace_idle":2,"stat.entityKilledBy.Zombie":1,"stat.pickup.artifacts.obsidian_skull":5,"stat.pickup.artifacts.shiny_red_balloon":6,"stat.useItem.minecraft.chest":3,"stat.pickup.minecraft.diamond_pickaxe":5,"stat.useItem.minecraft.lava_bucket":9,"stat.useItem.tombstone.gift":3,"stat.useItem.zawa.large_meat_cooked":1,"stat.pickup.minecraft.cooked_beef":29,"stat.pickup.gb.gaxe":2,"stat.craftItem.minecraft.bookshelf":13,"stat.drop.minecraft.lever":1,"stat.mineBlock.minecraft.stonebrick":1,"stat.mobKills":204,"stat.mineBlock.minecraft.bookshelf":5,"stat.useItem.gb.gigger":213,"stat.pickup.minecraft.diamond":81,"stat.pickup.minecraft.torch":69,"stat.drop.minecraft.stone_axe":1,"stat.drop.minecraft.arrow":1,"stat.craftItem.minecraft.compass":1,"stat.pickup.dungeontactics.bag_magic":1,"stat.useItem.minecraft.bookshelf":8,"stat.craftItem.minecraft.iron_axe":1,"stat.mineBlock.treasure2.gravestone3_cobblestone":1,"stat.pickup.medieval_craft.ingotsteel":1,"stat.useItem.minecraft.planks":199,"stat.pickup.gb.glob":112,"stat.pickup.minecraft.porkchop":31,"stat.pickup.ironfurnaces.diamond_furnace_idle":3,"stat.pickup.minecraft.glass":22,"stat.pickup.supertools.hammerwood":1,"stat.useItem.minecraft.water_bucket":55,"stat.pickup.minecraft.sand":215,"stat.pickup.minecraft.splash_potion":1,"stat.drop.supertools.hammerwood":2,"stat.pickup.minecraft.name_tag":1,"stat.killEntity.Mimic":4,"stat.drop.gb.glopper":2,"stat.craftItem.minecraft.stone_sword":1,"stat.pickup.betteranimalsplus.trillium":3,"stat.pickup.minecraft.chainmail_chestplate":2,"stat.mineBlock.minecraft.sand":213,"stat.pickup.treasure2.iron_lock":1,"stat.mineBlock.ironfurnaces.diamond_furnace_active":2,"stat.pickup.minecraft.armor_stand":3,"stat.pickup.artifacts.night_vision_goggles":1,"stat.mineBlock.futuremc.cornflower":12,"stat.pickup.ironfurnaces.glass_furnace_idle":3,"stat.craftItem.gb.globot_raw":120,"stat.pickup.minecraft.furnace":8,"stat.useItem.minecraft.cooked_mutton":41,"stat.pickup.minecraft.iron_chestplate":3,"stat.drop.naturescompass.naturescompass":1,"stat.pickup.treasure2.wood_chest":2,"stat.pickup.futuremc.lily_of_the_valley":1,"stat.killEntity.betteranimalsplus.tarantula":2,"stat.craftItem.ironfurnaces.diamond_furnace_idle":2,"stat.craftItem.compham.compressed_hammer":1,"stat.playOneMinute":725051,"stat.drop.minecraft.string":15,"stat.drop.chisel.basalt2":1,"stat.craftItem.gb.globot_rod":12,"stat.pickup.minecraft.waterlily":2,"stat.mineBlock.treasure2.crate_chest":3,"stat.useItem.minecraft.experience_bottle":9,"stat.pickup.minecraft.cooked_chicken":1,"stat.fallOneCm":273403,"stat.pickup.treasure2.spider_key":1,"stat.pickup.artifacts.pocket_piston":1,"stat.craftItem.minecraft.chest":6,"stat.pickup.minecraft.golden_leggings":1,"stat.drop.artifacts.pocket_piston":1,"stat.pickup.treasure2.leaf_key":2,"stat.pickup.minecraft.feather":26,"stat.drop.minecraft.bone":2,"stat.useItem.minecraft.furnace":1,"stat.pickup.treasure2.emerald_key":1,"stat.pickup.minecraft.iron_leggings":9,"stat.mineBlock.minecraft.gravel":5,"stat.useItem.minecraft.stone_pickaxe":131,"stat.useItem.minecraft.stone_sword":183,"stat.craftItem.minecraft.iron_leggings":4,"stat.pickup.blue_skies.blue_lore":3,"stat.pickup.zawa.large_meat_cooked":7,"stat.pickup.minecraft.chainmail_boots":2,"stat.drop.minecraft.stick":2,"stat.pickup.minecraft.record_13":2,"stat.drop.minecraft.iron_axe":1,"stat.useItem.minecraft.torch":23,"stat.pickup.minecraft.golden_apple":1,"stat.craftItem.minecraft.redstone_block":4,"stat.pickup.minecraft.crafting_table":7,"stat.useItem.minecraft.log":1,"stat.craftItem.minecraft.crafting_table":3,"stat.pickup.gb.gigger":5,"stat.mineBlock.treasure2.wood_chest":2,"stat.mineBlock.minecraft.emerald_ore":1,"stat.pickup.minecraft.log":21,"stat.useItem.minecraft.cooked_fish":4,"stat.mineBlock.treasure2.gravestone1_spawner_stone":1,"stat.pickup.artifacts.magma_stone":5,"stat.pickup.minecraft.chainmail_leggings":1,"stat.pickup.minecraft.sapling":28,"stat.craftItem.iceandfire.bestiary":1,"stat.craftItem.gb.gaxe":1,"stat.pickup.artifacts.flame_pendant":3,"stat.sneakTime":46542,"stat.drop.minecraft.bucket":4,"stat.pickup.minecraft.yellow_flower":12,"stat.pickup.minecraft.chest":1,"stat.craftItem.minecraft.enchanting_table":1,"stat.craftItem.iceandfire.lectern":1,"stat.craftItem.minecraft.diamond_chestplate":1,"stat.pickup.minecraft.bone":48,"stat.pickup.dungeontactics.bag_mystery":3,"stat.useItem.minecraft.log2":100,"stat.craftItem.extrautils2.compressedcobblestone":7,"stat.swimOneCm":251017,"stat.mineBlock.gb.gobber_ore":44,"stat.climbOneCm":19226,"stat.craftItem.minecraft.gold_block":18,"stat.craftItem.naturescompass.naturescompass":1,"stat.useItem.minecraft.dirt":149,"stat.pickup.minecraft.golden_helmet":1,"stat.craftItem.gb.govel":1,"stat.killEntity.artifacts.mimic":15,"stat.pickup.minecraft.enchanting_table":4,"stat.pickup.minecraft.anvil":3,"stat.useItem.minecraft.iron_ore":2,"stat.craftItem.minecraft.stone_pickaxe":1,"stat.pickup.minecraft.cobblestone":2080,"stat.pickup.treasure2.gravestone1_obsidian":1,"stat.mineBlock.chisel.limestone2":26,"stat.useItem.compham.stone_hammer":7,"stat.pickup.minecraft.glass_bottle":2,"stat.pickup.treasure2.key_ring":3,"stat.useItem.chisel.limestone2":3,"stat.drop.minecraft.wheat_seeds":13,"stat.useItem.minecraft.cooked_beef":21,"stat.pickup.dungeontactics.gold_cluster":134,"stat.mineBlock.treasure2.iron_strongbox":1,"stat.pickup.minecraft.redstone":593,"stat.pickup.minecraft.acacia_boat":2,"stat.mineBlock.minecraft.iron_ore":671,"stat.craftItem.minecraft.book":13,"stat.pickup.minecraft.stonebrick":1,"stat.drop.minecraft.dirt":5,"stat.useItem.minecraft.cooked_porkchop":56,"stat.pickup.minecraft.iron_shovel":3,"stat.mineBlock.ironfurnaces.diamond_furnace_idle":1,"stat.craftItem.compham.stone_hammer":1,"stat.pickup.gb.glopper":3,"stat.craftItem.minecraft.stone_slab2":0,"stat.pickup.minecraft.paper":129,"stat.craftItem.minecraft.stick":124,"stat.drop.minecraft.potion":2,"stat.useItem.gb.govel":2,"stat.craftItem.minecraft.stone":3,"stat.mineBlock.minecraft.crafting_table":6,"stat.craftItem.ironfurnaces.glass_furnace_idle":2,"stat.useItem.minecraft.diamond_pickaxe":2223,"stat.craftItem.ironfurnaces.gold_furnace_idle":3,"stat.pickup.treasure2.crate_chest":3,"stat.pickup.minecraft.diamond_chestplate":4,"stat.drop.minecraft.golden_apple":1,"stat.entityKilledBy.Creeper":2,"stat.mineBlock.minecraft.planks":41,"stat.drop":73,"stat.killEntity.Sheep":26,"stat.craftItem.minecraft.diamond_pickaxe":1,"stat.pickup.minecraft.gravel":2,"stat.drop.minecraft.cooked_beef":1,"stat.mineBlock.minecraft.anvil":2,"stat.useItem.minecraft.apple":5,"stat.mineBlock.dungeontactics.stonequartz_ore":4,"stat.useItem.minecraft.potion":5,"stat.drop.gb.globette":1,"stat.pickup.dungeontactics.bag_record":1,"stat.drop.minecraft.cooked_porkchop":1,"stat.pickup.minecraft.iron_helmet":2,"stat.useItem.minecraft.stone_axe":4,"stat.pickup.minecraft.spider_eye":10,"stat.craftItem.minecraft.iron_helmet":4,"stat.pickup.minecraft.experience_bottle":2,"stat.pickup.minecraft.iron_ore":480,"stat.useItem.gb.gaxe":4,"stat.boatOneCm":109193,"stat.pickup.treasure2.iron_key":2,"stat.mineBlock.minecraft.leaves2":2,"stat.pickup.minecraft.leather":22,"stat.mineBlock.minecraft.furnace":8,"stat.useItem.minecraft.wooden_pickaxe":59,"stat.mineBlock.ironfurnaces.glass_furnace_idle":2,"stat.pickup.minecraft.reeds":54,"stat.pickup.dungeontactics.bag_book":1,"tombstone:undead_killed":5,"stat.useItem.tombstone.grave_key":5,"stat.damageDealt":35366,"stat.craftItem.minecraft.glass":163,"stat.killEntity.bound_soul":5,"stat.sleepInBed":8,"stat.craftItem.minecraft.anvil":1,"stat.killEntity.Cow":15,"stat.killEntity.Pig":19,"stat.pickup.vs_world.valkyrium_crystal":365,"stat.craftItem.minecraft.iron_sword":2,"stat.craftItem.minecraft.stone_shovel":1,"stat.walkOneCm":1344501,"stat.pickup.minecraft.stick":38,"stat.pickup.minecraft.clay_ball":50,"stat.useItem.gb.glopper":97,"stat.mineBlock.chisel.basalt2":12,"stat.pickup.minecraft.tnt":8,"stat.drop.chisel.marble2":1,"stat.pickup.minecraft.stone":267,"stat.pickup.naturescompass.naturescompass":3,"stat.pickup.treasure2.stone_lock":2,"stat.killEntity.blue_soldier":7,"stat.killEntity.Skeleton":25,"stat.drop.minecraft.chainmail_boots":1,"stat.killEntity.Chicken":2,"stat.killEntity.Spider":15,"stat.pickup.minecraft.bread":2,"stat.pickup.gb.globette":6,"stat.pickup.minecraft.quartz":12,"stat.useItem.minecraft.golden_apple":3,"stat.pickup.minecraft.water_bucket":2,"stat.mineBlock.minecraft.leaves":1,"stat.mineBlock.minecraft.redstone_ore":104,"stat.pickup.minecraft.lava_bucket":1,"stat.mineBlock.minecraft.stone":1727,"stat.useItem.minecraft.sandstone":1}