{"stats":{"minecraft:crafted":{"minecraft:oak_planks":72,"minecraft:coal":1,"minecraft:furnace":4,"ironfurnaces:iron_furnace":1,"minecraft:cooked_mutton":24,"minecraft:iron_boots":1,"minecraft:iron_axe":1,"minecraft:stone_pickaxe":1,"minecraft:chest":1,"sophisticatedbackpacks:iron_backpack":1,"minecraft:smoker":1,"minecraft:wheat":90,"minecraft:cooked_beef":17,"sophisticatedbackpacks:backpack":1,"minecraft:cooked_porkchop":14,"minecraft:crafting_table":3,"minecraft:wooden_pickaxe":1,"minecraft:iron_helmet":1,"minecraft:iron_sword":1,"minecraft:bucket":1,"minecraft:stone_axe":1,"minecraft:bread":30,"minecraft:air":0,"minecraft:iron_chestplate":1,"minecraft:diamond_pickaxe":1,"minecraft:stick":48,"minecraft:iron_ingot":108,"minecraft:iron_pickaxe":1,"minecraft:wooden_axe":1,"minecraft:iron_shovel":1,"minecraft:iron_leggings":1,"minecraft:torch":40},"minecraft:custom":{"minecraft:mob_kills":40,"minecraft:interact_with_crafting_table":30,"minecraft:open_barrel":14,"goblintraders:trade_with_goblin":26,"minecraft:damage_dealt_resisted":1343,"minecraft:eat_cake_slice":2,"minecraft:time_since_death":42535,"minecraft:climb_one_cm":7197,"minecraft:sprint_one_cm":160230,"minecraft:walk_one_cm":168821,"minecraft:drop":28,"minecraft:talked_to_villager":2,"minecraft:play_time":102986,"minecraft:deaths":5,"minecraft:sneak_time":7415,"minecraft:walk_under_water_one_cm":20325,"minecraft:jump":1487,"minecraft:walk_on_water_one_cm":34647,"minecraft:total_world_time":102986,"minecraft:interact_with_furnace":39,"minecraft:time_since_rest":42570,"minecraft:damage_taken":3846,"minecraft:trigger_trapped_chest":4,"minecraft:damage_dealt":8211,"minecraft:swim_one_cm":15691,"minecraft:fly_one_cm":303106,"minecraft:open_chest":27,"minecraft:crouch_one_cm":17919,"tombstone:undead_killed":11,"minecraft:interact_with_smoker":23,"minecraft:fall_one_cm":58240},"minecraft:picked_up":{"iceandfire:dragon_skull_lightning":1,"minecraft:crafting_table":9,"unusualprehistory:amber_shard":2,"minecraft:smithing_table":1,"minecraft:turtle_helmet":1,"minecraft:brown_mushroom":64,"minecraft:string":6,"minecraft:cobbled_deepslate":218,"minecraft:beef":11,"minecraft:iron_pickaxe":1,"farmersdelight:golden_knife":1,"minecraft:furnace":3,"minecraft:raw_iron":104,"minecraft:stick":18,"iceandfire:dragonbone":18,"minecraft:acacia_fence":4,"farmersdelight:minced_beef":4,"minecraft:torch":2,"minecraft:porkchop":8,"minecraft:fire_charge":2,"minecraft:diorite":12,"minecraft:trident":1,"magistuarmory:rustedcrusader_chestplate":1,"minecraft:rotten_flesh":5,"minecraft:arrow":2,"minecraft:hay_block":10,"artifacts:cross_necklace":1,"minecraft:mutton":13,"minecraft:cobblestone":162,"alexsmobs:kangaroo_meat":2,"minecraft:white_wool":12,"minecraft:leather_chestplate":1,"artifacts:digging_claws":1,"minecraft:andesite":8,"minecraft:leather":6,"minecraft:smoker":4,"minecraft:flint":1,"minecraft:tuff":1,"minecraft:oak_log":32,"artifacts:cloud_in_a_bottle":1,"minecraft:lapis_lazuli":26,"minecraft:dirt":13,"minecraft:bone":1,"minecraft:wheat_seeds":1,"minecraft:raw_gold":7,"naturalist:snail_shell":1,"minecraft:oak_planks":1,"gobber2:gobber2_gooey_bread":1,"iceandfire:copper_nugget":14,"aquaculture:gar":1,"minecraft:cooked_porkchop":1,"minecraft:gravel":11,"minecraft:blast_furnace":1,"alexsmobs:kangaroo_hide":1,"minecraft:diamond":3,"magistuarmory:rusted_bastardsword":1,"iceandfire:lectern":1,"magistuarmory:corruptedroundshield":1,"minecraft:granite":7,"minecraft:emerald":9,"minecraft:oak_sapling":12,"minecraft:black_wool":1,"minecraft:coal":123,"minecraft:diamond_pickaxe":2},"minecraft:killed_by":{"minecraft:creeper":1,"alexsmobs:capuchin_monkey":1,"minecraft:drowned":2},"minecraft:dropped":{"minecraft:brown_mushroom":64,"naturalist:snail_shell":1,"minecraft:wheat_seeds":1,"magistuarmory:rustedcrusader_chestplate":1,"minecraft:cobblestone":1,"minecraft:leather":1,"iceandfire:ectoplasm":4,"iceandfire:graveyard_soil":4,"minecraft:dirt":1,"iceandfire:copper_nugget":14,"minecraft:wooden_axe":1,"magistuarmory:rusted_bastardsword":1,"tombstone:grave_dust":1,"minecraft:iron_pickaxe":1,"magistuarmory:corruptedroundshield":1,"minecraft:stone_axe":1,"minecraft:rotten_flesh":12,"alexsmobs:kangaroo_hide":1,"minecraft:diamond_pickaxe":2,"minecraft:oak_sapling":12,"minecraft:wooden_pickaxe":1,"minecraft:arrow":1,"minecraft:stone_pickaxe":1,"minecraft:acacia_fence":1,"iceandfire:manuscript":1},"minecraft:used":{"minecraft:trident":30,"minecraft:iron_sword":240,"minecraft:torch":31,"minecraft:dirt":8,"minecraft:wooden_axe":31,"minecraft:iron_axe":11,"minecraft:furnace":3,"tombstone:gift":2,"minecraft:cooked_mutton":12,"minecraft:water_bucket":40,"minecraft:stone_pickaxe":125,"minecraft:oak_planks":20,"minecraft:wooden_pickaxe":14,"minecraft:crafting_table":11,"minecraft:smoker":4,"minecraft:diamond_pickaxe":132,"minecraft:black_wool":1,"minecraft:bread":5,"minecraft:iron_pickaxe":342,"tombstone:grave_key":1,"minecraft:stone_axe":12,"minecraft:cobblestone":60,"minecraft:cooked_porkchop":9,"minecraft:bucket":41,"minecraft:cobweb":8},"minecraft:killed":{"naturalist:zebra":1,"alexsmobs:raccoon":1,"aquaculture:gar":1,"naturalist:snail":2,"minecraft:skeleton":2,"alexsmobs:capuchin_monkey":1,"minecraft:drowned":1,"alexsmobs:kangaroo":1,"artifacts:mimic":3,"minecraft:pig":4,"minecraft:zombie_villager":1,"minecraft:sheep":9,"minecraft:zombie":3,"iceandfire:ghost":4,"minecraft:mooshroom":1,"alexsmobs:gazelle":2,"minecraft:cow":3},"minecraft:broken":{"minecraft:iron_pickaxe":1},"minecraft:mined":{"minecraft:yellow_terracotta":1,"minecraft:tuff":1,"minecraft:deepslate_diamond_ore":3,"iceandfire:copper_pile":1,"unusualprehistory:stone_amber_ore":2,"minecraft:granite":7,"minecraft:grass_block":4,"iceandfire:lectern":1,"minecraft:hay_block":10,"minecraft:furnace":3,"minecraft:iron_ore":77,"minecraft:fire":4,"minecraft:andesite":8,"minecraft:deepslate_lapis_ore":5,"minecraft:deepslate_iron_ore":28,"minecraft:vine":3,"minecraft:stone":174,"minecraft:smithing_table":1,"minecraft:acacia_leaves":2,"minecraft:glass_pane":6,"minecraft:smoker":4,"minecraft:crafting_table":9,"minecraft:blast_furnace":1,"minecraft:emerald_ore":9,"minecraft:glass":8,"minecraft:tall_grass":5,"minecraft:deepslate_gold_ore":7,"minecraft:oak_planks":1,"minecraft:diorite":12,"minecraft:wall_torch":2,"minecraft:wheat":1,"gobber2:gobber2_lucky_block_deepslate":1,"minecraft:grass":35,"minecraft:coal_ore":39,"minecraft:oak_log":32,"minecraft:acacia_fence":4,"minecraft:gravel":12,"minecraft:dirt":9,"minecraft:cobweb":8,"minecraft:deepslate":218}},"DataVersion":2975}