{"stats":{"minecraft:crafted":{"minecraft:oak_planks":108,"minecraft:cooked_mutton":9,"minecraft:iron_boots":1,"minecraft:chest":3,"minecraft:stone_hoe":1,"minecraft:smoker":1,"sophisticatedbackpacks:backpack":1,"minecraft:cooked_porkchop":26,"minecraft:crafting_table":4,"minecraft:wooden_pickaxe":1,"minecraft:iron_chestplate":1,"minecraft:yellow_dye":1,"minecraft:shield":2,"minecraft:stick":20,"minecraft:iron_ingot":42,"minecraft:iron_pickaxe":2,"minecraft:stone_sword":1,"minecraft:furnace":3,"minecraft:yellow_bed":1,"minecraft:stone_pickaxe":1,"minecraft:wheat":72,"sophisticatedbackpacks:iron_backpack":1,"minecraft:cooked_beef":36,"minecraft:diamond_sword":1,"minecraft:iron_sword":1,"sophisticatedbackpacks:gold_backpack":1,"minecraft:stone_axe":1,"minecraft:air":0,"minecraft:bread":36,"minecraft:jungle_planks":20,"minecraft:oak_boat":1,"minecraft:wooden_axe":1,"minecraft:iron_leggings":1,"minecraft:white_bed":2},"minecraft:mined":{"minecraft:spruce_planks":1,"minecraft:white_bed":7,"farmersdelight:rich_soil":1,"minecraft:granite":16,"regions_unexplored:cattail":8,"regions_unexplored:hanging_prismarite":11,"minecraft:grass_block":7,"gobber2:gobber2_lucky_block":2,"minecraft:jungle_log":5,"iceandfire:lectern":1,"minecraft:coal_block":8,"minecraft:spawner":20,"regions_unexplored:blue_bioshroom_block":1,"minecraft:iron_ore":52,"minecraft:potted_red_mushroom":1,"minecraft:nether_brick_stairs":1,"regions_unexplored:seeded_grass":1,"minecraft:iron_bars":6,"minecraft:quartz_block":1,"minecraft:smoker":5,"minecraft:torch":1,"minecraft:calcite":67,"minecraft:mushroom_stem":10,"minecraft:cobblestone":7,"minecraft:wall_torch":2,"regions_unexplored:plains_grass_block":2,"minecraft:stone_brick_stairs":3,"minecraft:grass":38,"minecraft:oak_log":100,"minecraft:sand":5,"minecraft:dirt":11,"regions_unexplored:prismoss_sprout":18,"minecraft:oak_leaves":2,"minecraft:mossy_cobblestone":5,"regions_unexplored:barley":5,"regions_unexplored:seeded_tall_grass":7,"minecraft:nether_bricks":2,"minecraft:moss_block":2,"regions_unexplored:large_prismarite_cluster":8,"minecraft:large_fern":5,"minecraft:hay_block":8,"minecraft:furnace":5,"minecraft:andesite":12,"minecraft:gold_block":1,"minecraft:mossy_stone_brick_stairs":2,"minecraft:bookshelf":12,"minecraft:vine":5,"minecraft:stone":203,"iceandfire:podium_spruce":1,"minecraft:dandelion":1,"minecraft:oak_fence":1,"minecraft:crafting_table":5,"minecraft:emerald_ore":2,"minecraft:tall_grass":4,"minecraft:lapis_ore":6,"minecraft:diorite":3,"regions_unexplored:prismarite_cluster":24,"minecraft:coarse_dirt":2,"minecraft:yellow_bed":3,"minecraft:coal_ore":56,"minecraft:gravel":1,"minecraft:cobweb":5,"minecraft:cracked_stone_bricks":7,"minecraft:stone_bricks":3,"minecraft:mossy_stone_bricks":6,"minecraft:gold_ore":6,"minecraft:fern":3},"minecraft:picked_up":{"minecraft:iron_chestplate":1,"minecraft:flower_pot":1,"artifacts:bunny_hoppers":1,"minecraft:diamond_sword":2,"minecraft:potion":2,"minecraft:wither_rose":1,"minecraft:enchanted_book":2,"minecraft:golden_shovel":1,"minecraft:stone_brick_stairs":4,"tombstone:grave_key":1,"minecraft:string":8,"regions_unexplored:prismarite_cluster":24,"minecraft:spruce_planks":2,"minecraft:calcite":65,"minecraft:coal_block":8,"minecraft:furnace":5,"minecraft:tipped_arrow":2,"minecraft:stick":26,"minecraft:torch":7,"minecraft:porkchop":26,"magistuarmory:rusted_heavymace":1,"tombstone:grave_dust":13,"minecraft:diorite":1,"minecraft:golden_chestplate":1,"regions_unexplored:barley":4,"minecraft:quartz_block":1,"minecraft:stone_sword":1,"minecraft:rotten_flesh":27,"minecraft:iron_bars":7,"minecraft:cobblestone":218,"minecraft:feather":4,"magistuarmory:rustedchainmail_boots":1,"minecraft:jungle_log":5,"minecraft:andesite":5,"minecraft:smoker":6,"alexsmobs:bison_fur":3,"minecraft:flint":3,"minecraft:lapis_lazuli":36,"minecraft:dirt":21,"minecraft:lantern":1,"minecraft:bone":47,"minecraft:bow":3,"minecraft:wheat_seeds":6,"minecraft:raw_gold":6,"minecraft:mossy_stone_bricks":1,"gobber2:gobber2_gooey_bread":1,"iceandfire:podium_spruce":1,"regions_unexplored:blue_bioshroom_block":1,"minecraft:sand":5,"minecraft:jungle_planks":1,"magistuarmory:rustedgreathelm":1,"minecraft:mossy_cobblestone":2,"regions_unexplored:cattail":5,"iceandfire:lectern":1,"minecraft:granite":16,"minecraft:bone_meal":1,"minecraft:spruce_sign":1,"minecraft:emerald":2,"minecraft:chainmail_helmet":1,"minecraft:oak_sapling":47,"minecraft:crafting_table":5,"minecraft:coarse_dirt":2,"minecraft:chicken":1,"iceandfire:witherbone":8,"minecraft:ladder":2,"minecraft:brown_mushroom":64,"minecraft:gold_block":1,"minecraft:shield":1,"minecraft:brick":2,"magistuarmory:maximilian_helmet":1,"iceandfire:bestiary":1,"minecraft:cracked_stone_bricks":7,"minecraft:beef":36,"minecraft:chest":1,"minecraft:phantom_membrane":2,"minecraft:egg":2,"minecraft:raw_iron":62,"magistuarmory:maximilian_chestplate":1,"minecraft:dark_oak_planks":1,"minecraft:arrow":24,"minecraft:diamond_chestplate":1,"minecraft:nether_bricks":5,"minecraft:hay_block":8,"minecraft:gold_ingot":51,"minecraft:totem_of_undying":1,"minecraft:mutton":12,"minecraft:white_wool":8,"regions_unexplored:hanging_prismarite":23,"minecraft:leather":10,"gobber2:gobber2_gooey_beefstew":1,"minecraft:red_mushroom":1,"minecraft:oak_log":96,"minecraft:golden_boots":2,"minecraft:yellow_bed":3,"magistuarmory:chainmail_horse_armor":1,"tombstone:gift":1,"minecraft:cooked_mutton":1,"regions_unexplored:large_prismarite_cluster":1,"minecraft:apple":2,"minecraft:stone_bricks":4,"minecraft:iron_ingot":8,"minecraft:stone_pickaxe":1,"minecraft:glass_bottle":6,"minecraft:iron_sword":3,"minecraft:book":40,"minecraft:dandelion":1,"minecraft:gravel":1,"minecraft:white_bed":7,"minecraft:spider_eye":3,"minecraft:stone_axe":1,"magistuarmory:rusted_bastardsword":1,"magistuarmory:rustedcrusader_boots":1,"minecraft:iron_helmet":1,"tombstone:magic_scroll":2,"minecraft:coal":196,"minecraft:ender_pearl":2},"minecraft:dropped":{"minecraft:iron_sword":2,"minecraft:glass_bottle":9,"minecraft:lantern":1,"minecraft:leather":5,"minecraft:cracked_stone_bricks":2,"alexsmobs:bison_fur":3,"minecraft:flint":1,"minecraft:red_mushroom":1,"minecraft:dirt":6,"magistuarmory:rusted_bastardsword":1,"minecraft:bone_meal":1,"minecraft:sand":5,"minecraft:dark_oak_planks":1,"minecraft:bone":6,"minecraft:stone_axe":1,"tombstone:gift":1,"minecraft:beetroot":1,"minecraft:rotten_flesh":9,"minecraft:oak_planks":1,"minecraft:cooked_mutton":3,"regions_unexplored:cattail":3,"minecraft:tipped_arrow":2,"minecraft:beetroot_seeds":3,"minecraft:iron_bars":6,"minecraft:arrow":1,"minecraft:wheat_seeds":6,"minecraft:cobblestone":7,"minecraft:granite":10,"minecraft:diorite":1,"minecraft:torch":1,"tombstone:grave_key":1,"minecraft:wooden_axe":1,"regions_unexplored:barley":4,"tombstone:grave_dust":15,"minecraft:potion":2,"minecraft:paper":2,"minecraft:string":3,"minecraft:smoker":1,"minecraft:diamond_sword":2,"minecraft:shield":1,"minecraft:flower_pot":1,"minecraft:spruce_planks":1,"minecraft:stone_bricks":1,"minecraft:bow":1,"minecraft:stone_pickaxe":1,"minecraft:wooden_pickaxe":1},"minecraft:custom":{"minecraft:interact_with_crafting_table":35,"minecraft:open_barrel":11,"minecraft:leave_game":2,"minecraft:time_since_death":7293,"minecraft:damage_resisted":157,"minecraft:sprint_one_cm":521673,"minecraft:damage_blocked_by_shield":8262,"minecraft:drop":64,"minecraft:talked_to_villager":1,"minecraft:play_time":211121,"minecraft:deaths":22,"minecraft:jump":2920,"minecraft:walk_on_water_one_cm":16973,"minecraft:interact_with_furnace":37,"minecraft:sleep_in_bed":11,"minecraft:damage_dealt":28673,"minecraft:crouch_one_cm":45486,"tombstone:undead_killed":66,"minecraft:interact_with_smoker":36,"minecraft:interact_with_smithing_table":1,"minecraft:mob_kills":147,"minecraft:damage_dealt_resisted":2581,"minecraft:climb_one_cm":7798,"minecraft:walk_one_cm":471477,"minecraft:sneak_time":17790,"minecraft:walk_under_water_one_cm":13156,"minecraft:boat_one_cm":81151,"minecraft:total_world_time":211121,"tombstone:raider_killed":2,"minecraft:time_since_rest":7360,"minecraft:damage_taken":13673,"minecraft:damage_absorbed":1311,"minecraft:swim_one_cm":19039,"minecraft:fly_one_cm":372050,"minecraft:open_chest":74,"minecraft:fall_one_cm":77117},"minecraft:broken":{"minecraft:golden_boots":1,"magistuarmory:maximilian_helmet":1,"minecraft:iron_boots":1,"minecraft:iron_leggings":1,"minecraft:stone_pickaxe":1,"minecraft:stone_axe":1,"magistuarmory:rustedgreathelm":1,"minecraft:shield":2,"magistuarmory:maximilian_chestplate":1,"minecraft:iron_pickaxe":1,"minecraft:iron_helmet":1},"minecraft:killed":{"minecraft:cave_spider":4,"minecraft:spider":6,"minecraft:skeleton":12,"minecraft:chicken":1,"minecraft:piglin_brute":25,"artifacts:mimic":1,"minecraft:piglin":5,"minecraft:pig":12,"minecraft:sheep":8,"minecraft:pillager":2,"minecraft:zombie":28,"minecraft:mooshroom":1,"minecraft:stray":5,"minecraft:cow":10,"alexsmobs:bison":2,"minecraft:drowned":2,"minecraft:bat":1,"minecraft:wither_skeleton":19,"minecraft:enderman":2},"minecraft:killed_by":{"minecraft:piglin_brute":9,"minecraft:creeper":4,"minecraft:vindicator":2,"minecraft:witch":3,"minecraft:zombie":3,"minecraft:stray":1},"minecraft:used":{"minecraft:ladder":2,"gobber2:gobber2_gooey_bread":1,"minecraft:chest":2,"minecraft:shield":91,"minecraft:iron_chestplate":1,"minecraft:jungle_planks":1,"regions_unexplored:prismarite_cluster":3,"minecraft:obsidian":1,"minecraft:stone_brick_stairs":1,"minecraft:bow":6,"minecraft:furnace":6,"minecraft:egg":2,"minecraft:stone_pickaxe":131,"minecraft:oak_planks":45,"minecraft:wooden_pickaxe":27,"minecraft:golden_apple":5,"iceandfire:podium_spruce":1,"gobber2:gobber2_gooey_beefstew":1,"minecraft:bread":32,"tombstone:grave_key":49,"minecraft:diamond_sword":675,"minecraft:andesite":5,"minecraft:oak_boat":1,"minecraft:coarse_dirt":2,"minecraft:cobweb":5,"minecraft:stone_sword":133,"minecraft:spruce_planks":1,"minecraft:stone_hoe":10,"minecraft:torch":35,"minecraft:dirt":14,"minecraft:granite":1,"minecraft:wooden_axe":27,"minecraft:iron_boots":1,"minecraft:totem_of_undying":1,"tombstone:gift":8,"minecraft:cooked_beef":28,"minecraft:calcite":65,"minecraft:cooked_mutton":7,"minecraft:crafting_table":9,"minecraft:white_bed":8,"minecraft:smoker":5,"minecraft:oak_log":1,"minecraft:apple":7,"minecraft:iron_pickaxe":374,"minecraft:stone_axe":134,"minecraft:cobblestone":161,"minecraft:potion":8,"minecraft:cooked_porkchop":21,"minecraft:yellow_bed":4,"alexsmobs:animal_dictionary":3}},"DataVersion":2975}