{"stats":{"minecraft:mined":{"minecraft:white_bed":4,"minecraft:smoker":3,"regions_unexplored:seeded_tall_grass":2,"minecraft:crafting_table":4,"minecraft:torch":1,"minecraft:granite":6,"minecraft:grass_block":3,"minecraft:jungle_log":5,"minecraft:cobblestone":6,"minecraft:lapis_ore":6,"minecraft:diorite":1,"minecraft:furnace":4,"minecraft:iron_ore":29,"minecraft:andesite":1,"minecraft:grass":17,"minecraft:oak_log":99,"minecraft:coal_ore":56,"minecraft:vine":2,"minecraft:gravel":1,"minecraft:sand":5,"minecraft:dirt":4,"minecraft:stone":139,"minecraft:gold_ore":6,"minecraft:oak_leaves":2},"minecraft:picked_up":{"minecraft:crafting_table":4,"minecraft:jungle_log":5,"minecraft:andesite":3,"minecraft:smoker":3,"alexsmobs:bison_fur":3,"minecraft:flint":1,"minecraft:oak_log":95,"minecraft:golden_boots":1,"minecraft:lapis_lazuli":36,"minecraft:dirt":12,"minecraft:cooked_mutton":1,"minecraft:apple":2,"minecraft:bow":1,"minecraft:wheat_seeds":1,"minecraft:raw_gold":6,"minecraft:beef":23,"minecraft:stone_pickaxe":1,"minecraft:egg":1,"minecraft:furnace":4,"minecraft:stick":26,"minecraft:raw_iron":40,"minecraft:torch":1,"minecraft:porkchop":10,"minecraft:sand":5,"tombstone:grave_dust":2,"minecraft:diorite":1,"minecraft:white_bed":4,"magistuarmory:rustedgreathelm":1,"minecraft:arrow":6,"minecraft:rotten_flesh":2,"minecraft:stone_axe":1,"minecraft:granite":6,"minecraft:oak_sapling":47,"minecraft:mutton":10,"minecraft:coal":142,"minecraft:cobblestone":152,"minecraft:white_wool":7,"minecraft:ender_pearl":2},"minecraft:crafted":{"minecraft:cooked_beef":23,"minecraft:oak_planks":20,"minecraft:cooked_porkchop":10,"minecraft:crafting_table":2,"minecraft:wooden_pickaxe":1,"minecraft:iron_sword":1,"minecraft:furnace":3,"minecraft:stone_axe":1,"minecraft:cooked_mutton":9,"minecraft:air":0,"minecraft:jungle_planks":20,"minecraft:iron_boots":1,"minecraft:iron_chestplate":1,"minecraft:shield":1,"minecraft:stick":16,"minecraft:iron_ingot":25,"minecraft:iron_pickaxe":1,"minecraft:stone_pickaxe":1,"minecraft:wooden_axe":1,"minecraft:stone_sword":1,"minecraft:white_bed":2,"minecraft:stone_hoe":1,"minecraft:smoker":1},"minecraft:dropped":{"minecraft:stone_axe":1,"minecraft:wheat_seeds":1,"minecraft:cooked_mutton":3,"minecraft:diorite":1,"minecraft:torch":1,"minecraft:sand":5,"minecraft:stone_pickaxe":1},"minecraft:killed":{"minecraft:pig":5,"minecraft:skeleton":3,"minecraft:sheep":7,"minecraft:zombie":2,"alexsmobs:bison":2,"minecraft:enderman":2},"minecraft:custom":{"minecraft:interact_with_furnace":32,"minecraft:mob_kills":20,"minecraft:interact_with_crafting_table":16,"minecraft:leave_game":2,"minecraft:time_since_death":13396,"minecraft:sleep_in_bed":4,"minecraft:climb_one_cm":73,"minecraft:time_since_rest":2443,"minecraft:sprint_one_cm":124161,"minecraft:damage_taken":1709,"minecraft:walk_one_cm":120304,"minecraft:damage_blocked_by_shield":765,"minecraft:drop":9,"minecraft:damage_dealt":3451,"minecraft:swim_one_cm":2971,"minecraft:fly_one_cm":136165,"minecraft:crouch_one_cm":14686,"minecraft:deaths":1,"minecraft:play_time":67121,"tombstone:undead_killed":5,"minecraft:sneak_time":6112,"minecraft:walk_under_water_one_cm":990,"minecraft:jump":910,"minecraft:walk_on_water_one_cm":5461,"minecraft:total_world_time":67121,"minecraft:interact_with_smoker":20,"minecraft:fall_one_cm":18037},"minecraft:broken":{"minecraft:stone_pickaxe":1,"minecraft:golden_boots":1,"magistuarmory:rustedgreathelm":1},"minecraft:killed_by":{"minecraft:zombie":1},"minecraft:used":{"minecraft:cooked_mutton":7,"minecraft:stone_sword":63,"minecraft:stone_pickaxe":131,"minecraft:wooden_pickaxe":27,"minecraft:shield":20,"minecraft:iron_chestplate":1,"minecraft:dirt":6,"minecraft:crafting_table":4,"minecraft:white_bed":5,"minecraft:granite":1,"minecraft:smoker":3,"minecraft:wooden_axe":27,"minecraft:apple":2,"minecraft:iron_pickaxe":105,"minecraft:iron_boots":1,"minecraft:stone_axe":110,"minecraft:bow":6,"minecraft:cobblestone":95,"minecraft:furnace":5,"minecraft:cooked_porkchop":6,"minecraft:andesite":3,"alexsmobs:animal_dictionary":1,"minecraft:egg":1,"minecraft:cooked_beef":7}},"DataVersion":2975}