{"stats":{"minecraft:crafted":{"minecraft:oak_planks":108,"minecraft:furnace":3,"minecraft:yellow_bed":1,"minecraft:cooked_mutton":9,"minecraft:iron_boots":1,"minecraft:stone_pickaxe":1,"minecraft:chest":3,"minecraft:stone_hoe":1,"minecraft:wheat":72,"minecraft:smoker":1,"minecraft:cooked_beef":25,"minecraft:diamond_sword":1,"sophisticatedbackpacks:backpack":1,"minecraft:cooked_porkchop":19,"minecraft:crafting_table":4,"minecraft:wooden_pickaxe":1,"minecraft:iron_sword":1,"minecraft:stone_axe":1,"minecraft:bread":36,"minecraft:air":0,"minecraft:jungle_planks":20,"minecraft:oak_boat":1,"minecraft:iron_chestplate":1,"minecraft:yellow_dye":1,"minecraft:shield":2,"minecraft:stick":20,"minecraft:iron_ingot":42,"minecraft:iron_pickaxe":2,"minecraft:wooden_axe":1,"minecraft:stone_sword":1,"minecraft:iron_leggings":1,"minecraft:white_bed":2},"minecraft:mined":{"minecraft:spruce_planks":1,"minecraft:white_bed":7,"farmersdelight:rich_soil":1,"minecraft:mossy_cobblestone":5,"regions_unexplored:barley":1,"regions_unexplored:seeded_tall_grass":3,"minecraft:nether_bricks":2,"regions_unexplored:hanging_prismarite":9,"regions_unexplored:cattail":8,"minecraft:granite":16,"minecraft:grass_block":7,"gobber2:gobber2_lucky_block":2,"minecraft:jungle_log":5,"iceandfire:lectern":1,"minecraft:coal_block":8,"regions_unexplored:large_prismarite_cluster":8,"regions_unexplored:blue_bioshroom_block":1,"minecraft:spawner":17,"minecraft:hay_block":8,"minecraft:furnace":5,"minecraft:iron_ore":52,"minecraft:andesite":10,"minecraft:nether_brick_stairs":1,"minecraft:mossy_stone_brick_stairs":2,"minecraft:bookshelf":12,"minecraft:vine":5,"minecraft:iron_bars":6,"minecraft:stone":203,"iceandfire:podium_spruce":1,"minecraft:quartz_block":1,"minecraft:smoker":4,"minecraft:dandelion":1,"minecraft:oak_fence":1,"minecraft:crafting_table":5,"minecraft:torch":1,"minecraft:emerald_ore":2,"minecraft:calcite":67,"minecraft:mushroom_stem":2,"minecraft:cobblestone":7,"minecraft:tall_grass":4,"minecraft:lapis_ore":6,"minecraft:wall_torch":2,"minecraft:diorite":3,"regions_unexplored:prismarite_cluster":24,"minecraft:coarse_dirt":2,"regions_unexplored:plains_grass_block":2,"minecraft:stone_brick_stairs":3,"minecraft:yellow_bed":2,"minecraft:grass":36,"minecraft:coal_ore":56,"minecraft:oak_log":99,"minecraft:dirt":11,"minecraft:sand":5,"minecraft:gravel":1,"minecraft:cobweb":5,"minecraft:cracked_stone_bricks":7,"minecraft:mossy_stone_bricks":6,"minecraft:stone_bricks":3,"regions_unexplored:prismoss_sprout":18,"minecraft:gold_ore":6,"minecraft:oak_leaves":2},"minecraft:picked_up":{"minecraft:iron_chestplate":1,"minecraft:coarse_dirt":2,"minecraft:crafting_table":5,"iceandfire:witherbone":8,"minecraft:ladder":2,"minecraft:chicken":1,"artifacts:bunny_hoppers":1,"minecraft:brown_mushroom":64,"minecraft:diamond_sword":2,"minecraft:enchanted_book":2,"minecraft:wither_rose":1,"minecraft:potion":2,"minecraft:golden_shovel":1,"minecraft:stone_brick_stairs":4,"minecraft:brick":2,"minecraft:shield":1,"magistuarmory:maximilian_helmet":1,"regions_unexplored:prismarite_cluster":24,"minecraft:string":8,"minecraft:cracked_stone_bricks":7,"iceandfire:bestiary":1,"minecraft:spruce_planks":2,"minecraft:beef":36,"minecraft:calcite":65,"minecraft:coal_block":8,"minecraft:chest":1,"minecraft:phantom_membrane":2,"minecraft:furnace":5,"minecraft:egg":2,"minecraft:tipped_arrow":2,"minecraft:raw_iron":62,"minecraft:stick":26,"minecraft:torch":6,"magistuarmory:rusted_heavymace":1,"minecraft:porkchop":26,"tombstone:grave_dust":13,"minecraft:diorite":1,"magistuarmory:maximilian_chestplate":1,"minecraft:golden_chestplate":1,"minecraft:dark_oak_planks":1,"minecraft:diamond_chestplate":1,"minecraft:stone_sword":1,"minecraft:quartz_block":1,"minecraft:arrow":22,"minecraft:rotten_flesh":27,"minecraft:nether_bricks":5,"minecraft:hay_block":8,"minecraft:totem_of_undying":1,"minecraft:gold_ingot":51,"minecraft:mutton":12,"minecraft:iron_bars":7,"minecraft:white_wool":8,"minecraft:cobblestone":218,"minecraft:feather":4,"magistuarmory:rustedchainmail_boots":1,"regions_unexplored:hanging_prismarite":17,"minecraft:andesite":3,"minecraft:jungle_log":5,"gobber2:gobber2_gooey_beefstew":1,"minecraft:leather":10,"minecraft:smoker":5,"alexsmobs:bison_fur":3,"minecraft:flint":3,"minecraft:oak_log":95,"minecraft:golden_boots":2,"minecraft:yellow_bed":2,"magistuarmory:chainmail_horse_armor":1,"minecraft:lapis_lazuli":36,"minecraft:dirt":21,"minecraft:lantern":1,"tombstone:gift":1,"minecraft:cooked_mutton":1,"minecraft:bone":45,"regions_unexplored:large_prismarite_cluster":1,"minecraft:apple":2,"minecraft:stone_bricks":4,"minecraft:bow":3,"minecraft:wheat_seeds":3,"minecraft:raw_gold":6,"minecraft:iron_ingot":8,"minecraft:stone_pickaxe":1,"minecraft:mossy_stone_bricks":1,"minecraft:glass_bottle":6,"minecraft:iron_sword":3,"gobber2:gobber2_gooey_bread":1,"minecraft:book":40,"iceandfire:podium_spruce":1,"minecraft:dandelion":1,"regions_unexplored:blue_bioshroom_block":1,"minecraft:gravel":1,"minecraft:sand":5,"minecraft:white_bed":7,"magistuarmory:rustedgreathelm":1,"minecraft:spider_eye":3,"minecraft:mossy_cobblestone":2,"regions_unexplored:cattail":5,"magistuarmory:rusted_bastardsword":1,"minecraft:stone_axe":1,"iceandfire:lectern":1,"magistuarmory:rustedcrusader_boots":1,"minecraft:iron_helmet":1,"minecraft:granite":16,"minecraft:bone_meal":1,"minecraft:chainmail_helmet":1,"minecraft:emerald":2,"tombstone:magic_scroll":2,"minecraft:oak_sapling":47,"minecraft:coal":166,"minecraft:ender_pearl":2},"minecraft:dropped":{"minecraft:iron_sword":2,"minecraft:wheat_seeds":1,"minecraft:glass_bottle":9,"minecraft:cobblestone":7,"minecraft:lantern":1,"minecraft:leather":5,"minecraft:cracked_stone_bricks":2,"alexsmobs:bison_fur":3,"minecraft:flint":1,"minecraft:dirt":6,"minecraft:diorite":1,"minecraft:torch":1,"minecraft:wooden_axe":1,"magistuarmory:rusted_bastardsword":1,"tombstone:grave_dust":6,"minecraft:potion":2,"minecraft:bone_meal":1,"minecraft:sand":5,"minecraft:paper":2,"minecraft:string":3,"minecraft:dark_oak_planks":1,"minecraft:stone_axe":1,"tombstone:gift":1,"minecraft:rotten_flesh":9,"minecraft:oak_planks":1,"minecraft:smoker":1,"minecraft:cooked_mutton":3,"minecraft:diamond_sword":2,"regions_unexplored:cattail":3,"minecraft:shield":1,"minecraft:spruce_planks":1,"minecraft:stone_bricks":1,"minecraft:iron_bars":6,"minecraft:bow":1,"minecraft:stone_pickaxe":1,"minecraft:wooden_pickaxe":1},"minecraft:broken":{"minecraft:golden_boots":1,"magistuarmory:maximilian_helmet":1,"minecraft:iron_boots":1,"minecraft:iron_leggings":1,"magistuarmory:rustedgreathelm":1,"minecraft:stone_pickaxe":1,"minecraft:shield":2,"minecraft:stone_axe":1,"magistuarmory:maximilian_chestplate":1,"minecraft:iron_pickaxe":1},"minecraft:killed":{"minecraft:cave_spider":4,"minecraft:spider":6,"minecraft:skeleton":11,"minecraft:chicken":1,"minecraft:drowned":2,"alexsmobs:bison":2,"minecraft:piglin_brute":15,"artifacts:mimic":1,"minecraft:pig":12,"minecraft:bat":1,"minecraft:sheep":8,"minecraft:pillager":2,"minecraft:zombie":28,"minecraft:mooshroom":1,"minecraft:stray":5,"minecraft:wither_skeleton":19,"minecraft:enderman":2,"minecraft:cow":8},"minecraft:custom":{"minecraft:interact_with_smithing_table":1,"minecraft:mob_kills":129,"minecraft:interact_with_crafting_table":30,"minecraft:open_barrel":8,"minecraft:damage_dealt_resisted":2581,"minecraft:leave_game":2,"minecraft:time_since_death":228,"minecraft:damage_resisted":157,"minecraft:climb_one_cm":7514,"minecraft:sprint_one_cm":455083,"minecraft:walk_one_cm":424268,"minecraft:damage_blocked_by_shield":6066,"minecraft:drop":51,"minecraft:talked_to_villager":1,"minecraft:play_time":187121,"minecraft:deaths":17,"minecraft:sneak_time":16825,"minecraft:walk_under_water_one_cm":13156,"minecraft:boat_one_cm":81151,"minecraft:jump":2631,"minecraft:walk_on_water_one_cm":16973,"minecraft:total_world_time":187121,"minecraft:interact_with_furnace":37,"tombstone:raider_killed":2,"minecraft:sleep_in_bed":10,"minecraft:time_since_rest":252,"minecraft:damage_taken":11686,"minecraft:damage_absorbed":1311,"minecraft:damage_dealt":23269,"minecraft:swim_one_cm":19039,"minecraft:fly_one_cm":330854,"minecraft:open_chest":63,"minecraft:crouch_one_cm":42742,"tombstone:undead_killed":65,"minecraft:interact_with_smoker":30,"minecraft:fall_one_cm":69651},"minecraft:killed_by":{"minecraft:piglin_brute":4,"minecraft:stray":1,"minecraft:creeper":4,"minecraft:vindicator":2,"minecraft:witch":3,"minecraft:zombie":3},"minecraft:used":{"minecraft:stone_sword":133,"minecraft:ladder":2,"minecraft:chest":2,"gobber2:gobber2_gooey_bread":1,"minecraft:spruce_planks":1,"minecraft:shield":73,"minecraft:stone_hoe":10,"minecraft:iron_chestplate":1,"minecraft:torch":34,"minecraft:dirt":14,"regions_unexplored:prismarite_cluster":3,"minecraft:granite":1,"minecraft:obsidian":1,"minecraft:wooden_axe":27,"minecraft:iron_boots":1,"minecraft:totem_of_undying":1,"minecraft:stone_brick_stairs":1,"minecraft:bow":6,"minecraft:furnace":6,"tombstone:gift":4,"minecraft:egg":2,"minecraft:cooked_beef":24,"minecraft:calcite":65,"minecraft:cooked_mutton":7,"minecraft:stone_pickaxe":131,"minecraft:oak_planks":45,"minecraft:wooden_pickaxe":27,"minecraft:golden_apple":5,"iceandfire:podium_spruce":1,"minecraft:crafting_table":9,"minecraft:white_bed":8,"minecraft:smoker":5,"minecraft:apple":7,"gobber2:gobber2_gooey_beefstew":1,"minecraft:bread":31,"minecraft:iron_pickaxe":366,"tombstone:grave_key":42,"minecraft:stone_axe":134,"minecraft:potion":8,"minecraft:diamond_sword":537,"minecraft:cobblestone":146,"minecraft:cooked_porkchop":19,"minecraft:andesite":3,"minecraft:yellow_bed":3,"minecraft:oak_boat":1,"alexsmobs:animal_dictionary":3,"minecraft:coarse_dirt":2,"minecraft:cobweb":5}},"DataVersion":2975}