{"stats":{"minecraft:crafted":{"minecraft:oak_planks":36,"minecraft:iron_boots":1,"minecraft:iron_chestplate":1,"minecraft:cooked_porkchop":6,"minecraft:iron_axe":1,"minecraft:crafting_table":1,"minecraft:stick":8,"minecraft:iron_pickaxe":1,"minecraft:iron_helmet":1,"minecraft:iron_ingot":42,"minecraft:wooden_pickaxe":1,"minecraft:stone_pickaxe":1,"minecraft:wooden_axe":1,"minecraft:iron_sword":1,"minecraft:iron_shovel":1,"minecraft:iron_leggings":1,"minecraft:furnace":4,"minecraft:stone_axe":1,"minecraft:air":0,"minecraft:smoker":1},"minecraft:custom":{"minecraft:time_since_rest":18986,"minecraft:interact_with_furnace":26,"minecraft:sprint_one_cm":27118,"minecraft:damage_taken":160,"minecraft:walk_one_cm":25616,"minecraft:mob_kills":3,"minecraft:drop":4,"minecraft:damage_dealt":300,"minecraft:interact_with_crafting_table":11,"minecraft:fly_one_cm":30667,"minecraft:crouch_one_cm":5846,"minecraft:play_time":18986,"minecraft:sneak_time":2478,"minecraft:jump":295,"minecraft:time_since_death":18986,"minecraft:interact_with_smoker":3,"minecraft:total_world_time":18986,"minecraft:climb_one_cm":6140,"minecraft:fall_one_cm":7047},"minecraft:picked_up":{"minecraft:raw_iron":58,"minecraft:stick":18,"minecraft:crafting_table":2,"minecraft:porkchop":6,"minecraft:oak_log":32,"minecraft:dirt":1,"minecraft:emerald":2,"minecraft:oak_sapling":12,"minecraft:coal":39,"minecraft:cobblestone":42},"minecraft:dropped":{"minecraft:wooden_axe":1,"minecraft:oak_sapling":12,"minecraft:cobblestone":1,"minecraft:wooden_pickaxe":1},"minecraft:used":{"minecraft:wooden_axe":31,"minecraft:iron_pickaxe":3,"minecraft:stone_pickaxe":125,"minecraft:oak_planks":19,"minecraft:wooden_pickaxe":14,"minecraft:stone_axe":6,"minecraft:cobblestone":3,"minecraft:crafting_table":3,"minecraft:furnace":3,"minecraft:cooked_porkchop":2,"minecraft:smoker":1},"minecraft:killed":{"minecraft:pig":3},"minecraft:mined":{"minecraft:iron_ore":58,"minecraft:crafting_table":2,"minecraft:emerald_ore":2,"minecraft:grass":2,"minecraft:coal_ore":39,"minecraft:grass_block":1,"minecraft:oak_log":32,"minecraft:stone":42}},"DataVersion":2975}