{"stats":{"minecraft:crafted":{"minecraft:oak_planks":20,"minecraft:cooked_porkchop":6,"minecraft:crafting_table":2,"minecraft:wooden_pickaxe":1,"minecraft:furnace":3,"minecraft:stone_axe":1,"minecraft:cooked_mutton":9,"minecraft:air":0,"minecraft:jungle_planks":20,"minecraft:shield":1,"minecraft:stick":16,"minecraft:iron_ingot":4,"minecraft:iron_pickaxe":1,"minecraft:stone_pickaxe":1,"minecraft:wooden_axe":1,"minecraft:stone_sword":1,"minecraft:white_bed":2,"minecraft:stone_hoe":1,"minecraft:smoker":1},"minecraft:mined":{"minecraft:white_bed":1,"minecraft:crafting_table":3,"minecraft:granite":4,"minecraft:grass_block":1,"minecraft:jungle_log":5,"minecraft:cobblestone":5,"minecraft:furnace":2,"minecraft:iron_ore":19,"minecraft:andesite":1,"minecraft:grass":2,"minecraft:oak_log":35,"minecraft:coal_ore":31,"minecraft:vine":2,"minecraft:gravel":1,"minecraft:sand":5,"minecraft:dirt":2,"minecraft:stone":94},"minecraft:picked_up":{"minecraft:crafting_table":3,"minecraft:jungle_log":5,"minecraft:andesite":3,"minecraft:flint":1,"minecraft:oak_log":34,"minecraft:golden_boots":1,"minecraft:dirt":8,"minecraft:cooked_mutton":1,"minecraft:bow":1,"minecraft:wheat_seeds":1,"minecraft:stone_pickaxe":1,"minecraft:furnace":2,"minecraft:stick":10,"minecraft:raw_iron":18,"minecraft:porkchop":6,"minecraft:sand":5,"tombstone:grave_dust":2,"minecraft:white_bed":1,"magistuarmory:rustedgreathelm":1,"minecraft:arrow":6,"minecraft:rotten_flesh":2,"minecraft:granite":4,"minecraft:oak_sapling":24,"minecraft:mutton":10,"minecraft:coal":31,"minecraft:cobblestone":106,"minecraft:white_wool":7},"minecraft:dropped":{"minecraft:wheat_seeds":1,"minecraft:sand":5,"minecraft:stone_pickaxe":1},"minecraft:killed":{"minecraft:pig":3,"minecraft:skeleton":3,"minecraft:sheep":7,"minecraft:zombie":2},"minecraft:custom":{"minecraft:interact_with_furnace":16,"minecraft:mob_kills":14,"minecraft:interact_with_crafting_table":13,"minecraft:leave_game":2,"minecraft:time_since_death":43121,"minecraft:sleep_in_bed":2,"minecraft:climb_one_cm":73,"minecraft:time_since_rest":26993,"minecraft:sprint_one_cm":72882,"minecraft:damage_taken":639,"minecraft:walk_one_cm":71206,"minecraft:damage_blocked_by_shield":510,"minecraft:drop":3,"minecraft:damage_dealt":1898,"minecraft:swim_one_cm":348,"minecraft:fly_one_cm":58921,"minecraft:crouch_one_cm":11952,"minecraft:play_time":43121,"tombstone:undead_killed":5,"minecraft:sneak_time":4767,"minecraft:walk_under_water_one_cm":626,"minecraft:jump":457,"minecraft:walk_on_water_one_cm":4765,"minecraft:total_world_time":43121,"minecraft:interact_with_smoker":4,"minecraft:fall_one_cm":10324},"minecraft:broken":{"minecraft:stone_pickaxe":1},"minecraft:used":{"minecraft:cooked_mutton":3,"minecraft:stone_sword":23,"minecraft:stone_pickaxe":131,"minecraft:wooden_pickaxe":27,"minecraft:shield":2,"minecraft:dirt":6,"minecraft:crafting_table":4,"minecraft:white_bed":3,"minecraft:granite":1,"minecraft:smoker":1,"minecraft:wooden_axe":27,"minecraft:iron_pickaxe":1,"minecraft:stone_axe":30,"minecraft:cobblestone":31,"minecraft:furnace":3,"minecraft:cooked_porkchop":5,"minecraft:andesite":3}},"DataVersion":2975}