{"stats":{"minecraft:crafted":{"minecraft:oak_planks":108,"minecraft:furnace":3,"minecraft:yellow_bed":1,"minecraft:cooked_mutton":9,"minecraft:iron_boots":1,"minecraft:stone_pickaxe":1,"minecraft:chest":1,"minecraft:stone_hoe":1,"minecraft:smoker":1,"minecraft:cooked_beef":25,"minecraft:diamond_sword":1,"sophisticatedbackpacks:backpack":1,"minecraft:cooked_porkchop":19,"minecraft:crafting_table":3,"minecraft:wooden_pickaxe":1,"minecraft:iron_sword":1,"minecraft:stone_axe":1,"minecraft:air":0,"minecraft:jungle_planks":20,"minecraft:oak_boat":1,"minecraft:iron_chestplate":1,"minecraft:yellow_dye":1,"minecraft:shield":2,"minecraft:stick":16,"minecraft:iron_ingot":42,"minecraft:iron_pickaxe":1,"minecraft:wooden_axe":1,"minecraft:stone_sword":1,"minecraft:iron_leggings":1,"minecraft:white_bed":2},"minecraft:mined":{"minecraft:spruce_planks":1,"minecraft:white_bed":7,"farmersdelight:rich_soil":1,"regions_unexplored:barley":1,"regions_unexplored:seeded_tall_grass":3,"regions_unexplored:hanging_prismarite":1,"regions_unexplored:cattail":8,"minecraft:granite":6,"minecraft:grass_block":7,"gobber2:gobber2_lucky_block":2,"minecraft:jungle_log":5,"iceandfire:lectern":1,"minecraft:coal_block":8,"regions_unexplored:large_prismarite_cluster":8,"minecraft:spawner":2,"minecraft:hay_block":8,"minecraft:furnace":5,"minecraft:iron_ore":52,"minecraft:andesite":5,"minecraft:bookshelf":12,"minecraft:vine":2,"minecraft:stone":155,"iceandfire:podium_spruce":1,"minecraft:smoker":4,"minecraft:dandelion":1,"minecraft:oak_fence":1,"minecraft:crafting_table":5,"minecraft:torch":1,"minecraft:emerald_ore":2,"minecraft:calcite":42,"minecraft:mushroom_stem":2,"minecraft:cobblestone":7,"minecraft:tall_grass":4,"minecraft:lapis_ore":6,"minecraft:diorite":3,"regions_unexplored:prismarite_cluster":24,"minecraft:coarse_dirt":2,"regions_unexplored:plains_grass_block":2,"minecraft:yellow_bed":1,"minecraft:grass":35,"minecraft:coal_ore":56,"minecraft:oak_log":99,"minecraft:dirt":11,"minecraft:sand":5,"minecraft:gravel":1,"minecraft:cobweb":5,"regions_unexplored:prismoss_sprout":18,"minecraft:gold_ore":6,"minecraft:oak_leaves":2},"minecraft:picked_up":{"minecraft:coarse_dirt":2,"minecraft:crafting_table":5,"minecraft:ladder":2,"minecraft:chicken":1,"artifacts:bunny_hoppers":1,"minecraft:brown_mushroom":64,"minecraft:diamond_sword":2,"minecraft:wither_rose":1,"regions_unexplored:prismarite_cluster":24,"minecraft:string":5,"iceandfire:bestiary":1,"minecraft:spruce_planks":2,"minecraft:beef":36,"minecraft:calcite":40,"minecraft:coal_block":8,"minecraft:furnace":5,"minecraft:egg":2,"minecraft:raw_iron":62,"minecraft:stick":26,"minecraft:torch":1,"minecraft:porkchop":26,"tombstone:grave_dust":4,"minecraft:diorite":1,"minecraft:dark_oak_planks":1,"minecraft:arrow":6,"minecraft:rotten_flesh":4,"minecraft:hay_block":8,"minecraft:mutton":12,"minecraft:white_wool":8,"minecraft:cobblestone":169,"regions_unexplored:hanging_prismarite":4,"minecraft:andesite":3,"minecraft:jungle_log":5,"gobber2:gobber2_gooey_beefstew":1,"minecraft:leather":10,"minecraft:smoker":5,"alexsmobs:bison_fur":3,"minecraft:flint":1,"minecraft:oak_log":95,"minecraft:golden_boots":1,"minecraft:yellow_bed":1,"magistuarmory:chainmail_horse_armor":1,"minecraft:lapis_lazuli":36,"minecraft:dirt":21,"minecraft:lantern":1,"minecraft:cooked_mutton":1,"regions_unexplored:large_prismarite_cluster":1,"minecraft:apple":2,"minecraft:bow":2,"minecraft:wheat_seeds":3,"minecraft:raw_gold":6,"minecraft:stone_pickaxe":1,"minecraft:iron_sword":2,"gobber2:gobber2_gooey_bread":1,"minecraft:book":36,"iceandfire:podium_spruce":1,"minecraft:dandelion":1,"minecraft:sand":5,"minecraft:white_bed":7,"magistuarmory:rustedgreathelm":1,"regions_unexplored:cattail":5,"magistuarmory:rusted_bastardsword":1,"minecraft:stone_axe":1,"iceandfire:lectern":1,"minecraft:granite":6,"minecraft:bone_meal":1,"minecraft:emerald":2,"minecraft:oak_sapling":47,"minecraft:coal":160,"minecraft:ender_pearl":2},"minecraft:dropped":{"minecraft:iron_sword":2,"minecraft:wheat_seeds":1,"minecraft:cobblestone":7,"minecraft:lantern":1,"minecraft:leather":3,"alexsmobs:bison_fur":3,"minecraft:flint":1,"minecraft:dirt":6,"minecraft:diorite":1,"minecraft:torch":1,"minecraft:wooden_axe":1,"magistuarmory:rusted_bastardsword":1,"tombstone:grave_dust":6,"minecraft:bone_meal":1,"minecraft:sand":5,"minecraft:paper":2,"minecraft:dark_oak_planks":1,"minecraft:stone_axe":1,"minecraft:rotten_flesh":2,"minecraft:oak_planks":1,"minecraft:smoker":1,"minecraft:cooked_mutton":3,"minecraft:diamond_sword":2,"regions_unexplored:cattail":3,"minecraft:spruce_planks":1,"minecraft:bow":1,"minecraft:stone_pickaxe":1,"minecraft:wooden_pickaxe":1},"minecraft:killed":{"minecraft:skeleton":3,"minecraft:chicken":1,"minecraft:drowned":2,"alexsmobs:bison":2,"minecraft:piglin_brute":15,"artifacts:mimic":1,"minecraft:pig":12,"minecraft:sheep":8,"minecraft:pillager":2,"minecraft:zombie":3,"minecraft:mooshroom":1,"minecraft:enderman":2,"minecraft:cow":8},"minecraft:broken":{"minecraft:golden_boots":1,"magistuarmory:rustedgreathelm":1,"minecraft:stone_pickaxe":1,"minecraft:shield":2,"minecraft:stone_axe":1},"minecraft:custom":{"minecraft:interact_with_smithing_table":1,"minecraft:mob_kills":60,"minecraft:interact_with_crafting_table":25,"minecraft:open_barrel":8,"minecraft:damage_dealt_resisted":458,"minecraft:leave_game":2,"minecraft:time_since_death":21145,"minecraft:climb_one_cm":6614,"minecraft:sprint_one_cm":314445,"minecraft:walk_one_cm":280540,"minecraft:damage_blocked_by_shield":4171,"minecraft:drop":37,"minecraft:talked_to_villager":1,"minecraft:play_time":139121,"minecraft:deaths":5,"minecraft:sneak_time":11946,"minecraft:walk_under_water_one_cm":13156,"minecraft:boat_one_cm":81151,"minecraft:jump":2178,"minecraft:walk_on_water_one_cm":16354,"minecraft:total_world_time":139121,"minecraft:interact_with_furnace":37,"tombstone:raider_killed":2,"minecraft:sleep_in_bed":10,"minecraft:time_since_rest":1,"minecraft:damage_taken":5832,"minecraft:damage_dealt":9861,"minecraft:swim_one_cm":19039,"minecraft:fly_one_cm":299528,"minecraft:open_chest":19,"minecraft:crouch_one_cm":32021,"tombstone:undead_killed":8,"minecraft:interact_with_smoker":29,"minecraft:fall_one_cm":61694},"minecraft:killed_by":{"minecraft:piglin_brute":4,"minecraft:zombie":1},"minecraft:used":{"minecraft:stone_sword":133,"minecraft:ladder":2,"gobber2:gobber2_gooey_bread":1,"minecraft:spruce_planks":1,"minecraft:shield":48,"minecraft:stone_hoe":10,"minecraft:iron_chestplate":1,"minecraft:dirt":14,"regions_unexplored:prismarite_cluster":3,"minecraft:granite":1,"minecraft:obsidian":1,"minecraft:wooden_axe":27,"minecraft:iron_boots":1,"minecraft:bow":6,"minecraft:furnace":6,"tombstone:gift":4,"minecraft:egg":2,"minecraft:cooked_beef":23,"minecraft:cooked_mutton":7,"minecraft:stone_pickaxe":131,"minecraft:oak_planks":45,"minecraft:wooden_pickaxe":27,"iceandfire:podium_spruce":1,"minecraft:crafting_table":7,"minecraft:white_bed":8,"minecraft:smoker":4,"minecraft:apple":7,"gobber2:gobber2_gooey_beefstew":1,"minecraft:iron_pickaxe":217,"minecraft:stone_axe":134,"minecraft:diamond_sword":148,"minecraft:cobblestone":128,"minecraft:cooked_porkchop":18,"minecraft:andesite":3,"minecraft:yellow_bed":2,"minecraft:oak_boat":1,"alexsmobs:animal_dictionary":3,"minecraft:coarse_dirt":2,"minecraft:cobweb":5}},"DataVersion":2975}