{"stats":{"minecraft:crafted":{"minecraft:oak_planks":36,"minecraft:cooked_porkchop":6,"minecraft:crafting_table":1,"minecraft:wooden_pickaxe":1,"minecraft:iron_helmet":1,"minecraft:iron_sword":1,"minecraft:furnace":4,"minecraft:bucket":1,"minecraft:stone_axe":1,"minecraft:air":0,"minecraft:iron_boots":1,"minecraft:iron_chestplate":1,"minecraft:iron_axe":1,"minecraft:stick":8,"minecraft:iron_ingot":58,"minecraft:iron_pickaxe":1,"minecraft:stone_pickaxe":1,"minecraft:wooden_axe":1,"minecraft:iron_shovel":1,"minecraft:iron_leggings":1,"minecraft:smoker":1},"minecraft:custom":{"minecraft:interact_with_furnace":29,"minecraft:mob_kills":8,"minecraft:interact_with_crafting_table":19,"minecraft:damage_dealt_resisted":625,"minecraft:time_since_death":5684,"minecraft:climb_one_cm":6816,"minecraft:time_since_rest":5708,"minecraft:sprint_one_cm":43325,"minecraft:damage_taken":1534,"minecraft:walk_one_cm":48128,"minecraft:trigger_trapped_chest":3,"minecraft:drop":5,"minecraft:damage_dealt":2206,"minecraft:fly_one_cm":65349,"minecraft:crouch_one_cm":8428,"minecraft:play_time":30986,"tombstone:undead_killed":4,"minecraft:deaths":2,"minecraft:sneak_time":3800,"minecraft:walk_under_water_one_cm":630,"minecraft:jump":510,"minecraft:walk_on_water_one_cm":8245,"minecraft:total_world_time":30986,"minecraft:interact_with_smoker":5,"minecraft:fall_one_cm":17795},"minecraft:picked_up":{"minecraft:crafting_table":4,"minecraft:leather_chestplate":1,"minecraft:turtle_helmet":1,"minecraft:smoker":1,"minecraft:oak_log":32,"minecraft:dirt":1,"minecraft:iron_pickaxe":1,"farmersdelight:golden_knife":1,"minecraft:furnace":3,"minecraft:stick":18,"minecraft:raw_iron":75,"minecraft:fire_charge":2,"minecraft:porkchop":8,"minecraft:trident":1,"minecraft:rotten_flesh":2,"minecraft:emerald":8,"minecraft:oak_sapling":12,"minecraft:coal":68,"minecraft:cobblestone":62},"minecraft:killed_by":{"minecraft:drowned":2},"minecraft:dropped":{"minecraft:cobblestone":1,"minecraft:wooden_axe":1,"minecraft:oak_sapling":12,"minecraft:wooden_pickaxe":1,"minecraft:iron_pickaxe":1},"minecraft:used":{"minecraft:water_bucket":9,"minecraft:trident":8,"minecraft:stone_pickaxe":125,"minecraft:oak_planks":19,"minecraft:wooden_pickaxe":14,"minecraft:iron_sword":50,"minecraft:crafting_table":4,"minecraft:smoker":2,"minecraft:wooden_axe":31,"minecraft:iron_pickaxe":50,"minecraft:stone_axe":8,"minecraft:cobblestone":3,"minecraft:furnace":3,"minecraft:cooked_porkchop":6,"minecraft:bucket":10},"minecraft:killed":{"minecraft:pig":4,"iceandfire:ghost":3,"minecraft:drowned":1},"minecraft:mined":{"minecraft:smoker":1,"minecraft:crafting_table":4,"minecraft:emerald_ore":8,"minecraft:grass_block":1,"minecraft:furnace":3,"minecraft:iron_ore":75,"minecraft:grass":3,"minecraft:oak_log":32,"minecraft:coal_ore":39,"minecraft:vine":1,"minecraft:stone":61}},"DataVersion":2975}