{"stats":{"minecraft:crafted":{"minecraft:oak_planks":36,"minecraft:cooked_porkchop":8,"minecraft:crafting_table":1,"minecraft:wooden_pickaxe":1,"minecraft:iron_helmet":1,"minecraft:iron_sword":1,"minecraft:furnace":4,"ironfurnaces:iron_furnace":1,"minecraft:bucket":1,"minecraft:stone_axe":1,"minecraft:bread":30,"minecraft:cooked_mutton":21,"minecraft:air":0,"minecraft:iron_boots":1,"minecraft:iron_chestplate":1,"minecraft:iron_axe":1,"minecraft:stick":8,"minecraft:iron_ingot":58,"minecraft:iron_pickaxe":1,"minecraft:stone_pickaxe":1,"minecraft:wooden_axe":1,"minecraft:iron_shovel":1,"minecraft:iron_leggings":1,"minecraft:wheat":90,"minecraft:smoker":1},"minecraft:custom":{"minecraft:interact_with_furnace":37,"minecraft:mob_kills":31,"minecraft:interact_with_crafting_table":22,"minecraft:damage_dealt_resisted":1343,"minecraft:eat_cake_slice":2,"minecraft:time_since_death":14167,"minecraft:climb_one_cm":7197,"minecraft:time_since_rest":14190,"minecraft:sprint_one_cm":92863,"minecraft:damage_taken":2922,"minecraft:walk_one_cm":113119,"minecraft:trigger_trapped_chest":4,"minecraft:drop":23,"minecraft:damage_dealt":5359,"minecraft:swim_one_cm":5915,"minecraft:fly_one_cm":199789,"minecraft:open_chest":19,"minecraft:crouch_one_cm":11068,"minecraft:play_time":54986,"tombstone:undead_killed":9,"minecraft:deaths":4,"minecraft:sneak_time":4489,"minecraft:walk_under_water_one_cm":17460,"minecraft:jump":975,"minecraft:walk_on_water_one_cm":28159,"minecraft:total_world_time":54986,"minecraft:interact_with_smoker":16,"minecraft:fall_one_cm":35426},"minecraft:picked_up":{"iceandfire:dragon_skull_lightning":1,"minecraft:crafting_table":5,"minecraft:leather_chestplate":1,"minecraft:turtle_helmet":1,"minecraft:leather":4,"minecraft:brown_mushroom":64,"minecraft:smoker":4,"minecraft:oak_log":32,"minecraft:string":6,"minecraft:dirt":1,"minecraft:beef":7,"minecraft:iron_pickaxe":1,"naturalist:snail_shell":1,"farmersdelight:golden_knife":1,"iceandfire:copper_nugget":14,"iceandfire:dragonbone":18,"minecraft:furnace":3,"aquaculture:gar":1,"minecraft:stick":18,"minecraft:raw_iron":75,"minecraft:acacia_fence":1,"minecraft:cooked_porkchop":1,"farmersdelight:minced_beef":4,"minecraft:fire_charge":2,"minecraft:porkchop":8,"minecraft:trident":1,"magistuarmory:rustedcrusader_chestplate":1,"minecraft:arrow":1,"minecraft:rotten_flesh":5,"iceandfire:lectern":1,"magistuarmory:rusted_bastardsword":1,"minecraft:hay_block":10,"magistuarmory:corruptedroundshield":1,"minecraft:emerald":9,"minecraft:oak_sapling":12,"minecraft:black_wool":1,"minecraft:mutton":13,"minecraft:coal":123,"minecraft:white_wool":12,"minecraft:cobblestone":62},"minecraft:killed_by":{"minecraft:creeper":1,"alexsmobs:capuchin_monkey":1,"minecraft:drowned":2},"minecraft:dropped":{"minecraft:brown_mushroom":64,"naturalist:snail_shell":1,"magistuarmory:rustedcrusader_chestplate":1,"minecraft:rotten_flesh":12,"minecraft:cobblestone":1,"minecraft:leather":1,"iceandfire:ectoplasm":4,"iceandfire:graveyard_soil":4,"minecraft:dirt":1,"iceandfire:copper_nugget":14,"minecraft:wooden_axe":1,"magistuarmory:rusted_bastardsword":1,"minecraft:oak_sapling":12,"tombstone:grave_dust":1,"minecraft:arrow":1,"minecraft:stone_pickaxe":1,"minecraft:wooden_pickaxe":1,"magistuarmory:corruptedroundshield":1,"minecraft:iron_pickaxe":1,"minecraft:acacia_fence":1,"iceandfire:manuscript":1},"minecraft:used":{"minecraft:cooked_mutton":4,"minecraft:water_bucket":33,"minecraft:trident":24,"minecraft:stone_pickaxe":125,"minecraft:oak_planks":19,"minecraft:wooden_pickaxe":14,"minecraft:iron_sword":182,"minecraft:crafting_table":6,"minecraft:smoker":4,"minecraft:wooden_axe":31,"minecraft:black_wool":1,"minecraft:bread":4,"minecraft:iron_pickaxe":69,"tombstone:grave_key":1,"minecraft:stone_axe":11,"minecraft:cobblestone":3,"minecraft:furnace":3,"minecraft:cooked_porkchop":9,"minecraft:bucket":34,"tombstone:gift":2,"minecraft:cobweb":8},"minecraft:killed":{"minecraft:pig":4,"alexsmobs:raccoon":1,"aquaculture:gar":1,"naturalist:snail":2,"minecraft:skeleton":1,"minecraft:sheep":9,"minecraft:zombie":3,"iceandfire:ghost":4,"minecraft:mooshroom":1,"alexsmobs:capuchin_monkey":1,"alexsmobs:gazelle":2,"minecraft:drowned":1,"minecraft:cow":1},"minecraft:mined":{"minecraft:yellow_terracotta":1,"minecraft:acacia_leaves":1,"minecraft:glass_pane":6,"iceandfire:copper_pile":1,"minecraft:smoker":4,"minecraft:crafting_table":5,"minecraft:emerald_ore":9,"minecraft:grass_block":1,"iceandfire:lectern":1,"minecraft:glass":3,"minecraft:tall_grass":5,"minecraft:hay_block":10,"minecraft:furnace":3,"minecraft:fire":4,"minecraft:wheat":1,"minecraft:iron_ore":75,"minecraft:grass":27,"minecraft:oak_log":32,"minecraft:coal_ore":39,"minecraft:vine":3,"minecraft:acacia_fence":1,"minecraft:cobweb":8,"minecraft:stone":74}},"DataVersion":2975}