{"stats":{"minecraft:crafted":{"minecraft:cooked_beef":8,"iceandfire:copper_ingot":11,"sophisticatedbackpacks:backpack":1,"minecraft:cooked_porkchop":9,"minecraft:crafting_table":1,"minecraft:cooked_chicken":0,"minecraft:wooden_pickaxe":1,"minecraft:iron_helmet":1,"minecraft:iron_sword":1,"minecraft:furnace":2,"ironfurnaces:iron_furnace":1,"minecraft:cooked_mutton":4,"minecraft:air":0,"minecraft:jungle_planks":48,"ironfurnaces:copper_furnace":1,"minecraft:iron_boots":1,"minecraft:iron_chestplate":1,"minecraft:stick":16,"minecraft:iron_ingot":10,"minecraft:iron_pickaxe":1,"minecraft:stone_pickaxe":1,"minecraft:wooden_axe":1,"minecraft:stone_sword":1,"minecraft:chest":1,"minecraft:iron_leggings":1,"minecraft:wheat":27,"sophisticatedbackpacks:iron_backpack":1,"minecraft:smoker":1},"minecraft:custom":{"minecraft:interact_with_furnace":59,"minecraft:mob_kills":29,"minecraft:interact_with_crafting_table":23,"minecraft:bell_ring":6,"minecraft:interact_with_stonecutter":1,"minecraft:damage_dealt_resisted":48,"minecraft:leave_game":1,"minecraft:time_since_death":122227,"minecraft:sleep_in_bed":5,"minecraft:time_since_rest":4964,"minecraft:sprint_one_cm":291785,"minecraft:damage_taken":697,"minecraft:walk_one_cm":223501,"minecraft:drop":9,"minecraft:damage_dealt":3169,"minecraft:swim_one_cm":18710,"minecraft:talked_to_villager":2,"minecraft:fly_one_cm":74438,"minecraft:open_chest":29,"minecraft:crouch_one_cm":1401,"minecraft:play_time":122227,"tombstone:undead_killed":5,"minecraft:sneak_time":192,"minecraft:walk_under_water_one_cm":3421,"minecraft:jump":705,"minecraft:fall_one_cm":9509,"minecraft:walk_on_water_one_cm":8104,"minecraft:horse_one_cm":104760,"minecraft:total_world_time":122227,"minecraft:interact_with_smoker":6},"minecraft:picked_up":{"iceandfire:copper_ingot":3,"minecraft:crafting_table":6,"minecraft:feather":4,"minecraft:cooked_beef":2,"minecraft:chicken":3,"magistuarmory:rustedchainmail_boots":1,"minecraft:andesite":2,"minecraft:jungle_log":12,"minecraft:brown_wool":1,"minecraft:leather":5,"minecraft:brown_mushroom":128,"minecraft:smoker":1,"minecraft:oak_log":5,"iceandfire:ectoplasm":4,"farmersdelight:tomato":4,"minecraft:string":13,"minecraft:dirt":30,"minecraft:red_bed":6,"minecraft:bone":2,"minecraft:experience_bottle":1,"minecraft:zombie_head":1,"minecraft:apple":1,"iceandfire:pixie_jar_empty":1,"gobber2:gobber2_gooey_beef":1,"minecraft:wheat_seeds":1,"minecraft:iron_ingot":45,"minecraft:beef":12,"gobber2:gobber2_gooey_beefstew_nether":1,"minecraft:sugar_cane":13,"ironfurnaces:iron_furnace":4,"minecraft:furnace":3,"minecraft:egg":3,"minecraft:raw_iron":110,"iceandfire:copper_nugget":105,"reliquary:rib_bone":1,"minecraft:cooked_porkchop":2,"minecraft:torch":1,"sophisticatedbackpacks:backpack":1,"minecraft:porkchop":18,"minecraft:jungle_planks":22,"farmersdelight:tomato_seeds":2,"gobber2:gobber2_foo":1,"minecraft:arrow":1,"minecraft:rotten_flesh":2,"gobber2:gobber2_gooey_beef_nether":1,"ironfurnaces:copper_furnace":1,"minecraft:hay_block":7,"minecraft:gold_ingot":1,"minecraft:emerald":1,"minecraft:mutton":11,"gobber2:gobber2_goo":1,"minecraft:coal":227,"unusualprehistory:mezo_fossil":6,"minecraft:white_wool":7,"minecraft:cobblestone":35},"minecraft:dropped":{"minecraft:glass_bottle":5,"minecraft:feather":2,"sophisticatedbackpacks:backpack":1,"iceandfire:copper_nugget":5,"minecraft:potion":1,"minecraft:string":3,"farmersdelight:tomato":2,"minecraft:white_wool":3,"minecraft:brick":6},"minecraft:used":{"minecraft:cooked_mutton":2,"ironfurnaces:copper_furnace":1,"minecraft:stone_sword":41,"gobber2:gobber2_goo":1,"minecraft:stone_pickaxe":132,"minecraft:wooden_pickaxe":18,"minecraft:iron_sword":41,"minecraft:cooked_chicken":5,"minecraft:torch":1,"minecraft:crafting_table":6,"minecraft:red_bed":5,"minecraft:smoker":1,"minecraft:wooden_axe":24,"minecraft:bread":2,"minecraft:iron_pickaxe":57,"minecraft:stone_axe":13,"ironfurnaces:iron_furnace":4,"minecraft:cobblestone":9,"minecraft:furnace":2,"minecraft:cooked_porkchop":8,"alexsmobs:animal_dictionary":1,"minecraft:egg":3,"minecraft:experience_bottle":1,"minecraft:cobweb":7},"minecraft:killed":{"minecraft:pig":8,"minecraft:zombie_villager":1,"minecraft:sheep":8,"minecraft:horse":1,"minecraft:skeleton":2,"minecraft:zombie":2,"minecraft:chicken":3,"minecraft:cow":4},"minecraft:broken":{"minecraft:stone_pickaxe":1},"minecraft:mined":{"minecraft:acacia_leaves":2,"minecraft:red_bed":6,"iceandfire:copper_pile":12,"minecraft:smoker":1,"ironfurnaces:iron_furnace":4,"ironfurnaces:copper_furnace":1,"minecraft:crafting_table":6,"minecraft:grass_block":4,"gobber2:gobber2_lucky_block":5,"minecraft:jungle_log":12,"minecraft:glass":1,"farmersdelight:cabbages":1,"farmersdelight:tomatoes":2,"minecraft:cobblestone":2,"minecraft:sugar_cane":6,"minecraft:wall_torch":1,"minecraft:hay_block":7,"minecraft:furnace":3,"minecraft:iron_ore":91,"unusualprehistory:stone_fossil":6,"minecraft:andesite":2,"minecraft:grass":17,"minecraft:coal_ore":53,"minecraft:oak_log":5,"minecraft:vine":4,"minecraft:zombie_head":1,"minecraft:cobweb":7,"minecraft:stone":33,"minecraft:fern":2,"iceandfire:pixie_jar_empty":1}},"DataVersion":2975}