{"stats":{"minecraft:mined":{"minecraft:white_bed":3,"regions_unexplored:seeded_tall_grass":4,"regions_unexplored:hanging_prismarite":2,"regions_unexplored:cattail":3,"minecraft:granite":6,"minecraft:grass_block":6,"gobber2:gobber2_lucky_block":4,"minecraft:jungle_log":16,"regions_unexplored:large_prismarite_cluster":4,"minecraft:spawner":2,"minecraft:large_fern":4,"minecraft:furnace":5,"minecraft:iron_ore":61,"minecraft:andesite":1,"regions_unexplored:seeded_grass":3,"minecraft:vine":2,"minecraft:iron_bars":2,"minecraft:lantern":1,"regions_unexplored:medium_grass":2,"minecraft:stone":107,"regions_unexplored:prismoss":2,"minecraft:smoker":1,"ironfurnaces:iron_furnace":1,"minecraft:oak_fence":1,"minecraft:crafting_table":8,"minecraft:torch":6,"minecraft:emerald_ore":1,"minecraft:calcite":34,"minecraft:poppy":1,"minecraft:campfire":1,"minecraft:mushroom_stem":1,"minecraft:copper_ore":4,"minecraft:tall_grass":3,"minecraft:cobblestone":1,"regions_unexplored:prismarite_cluster":6,"minecraft:diorite":2,"minecraft:wall_torch":9,"minecraft:skeleton_skull":1,"regions_unexplored:plains_grass_block":2,"minecraft:grass":18,"minecraft:coal_ore":89,"minecraft:oak_log":24,"minecraft:dirt":8,"regions_unexplored:prismoss_sprout":2,"minecraft:oak_leaves":8,"minecraft:fern":3},"minecraft:crafted":{"minecraft:oak_planks":20,"minecraft:smooth_stone":3,"minecraft:cooked_chicken":12,"minecraft:furnace":3,"ironfurnaces:iron_furnace":1,"minecraft:stone":3,"minecraft:cooked_mutton":10,"minecraft:iron_boots":1,"minecraft:stone_pickaxe":2,"minecraft:chest":1,"minecraft:smoker":1,"minecraft:cooked_beef":16,"minecraft:oak_slab":6,"sophisticatedbackpacks:backpack":1,"minecraft:cooked_porkchop":13,"minecraft:crafting_table":1,"minecraft:wooden_pickaxe":2,"minecraft:iron_helmet":1,"minecraft:air":0,"minecraft:jungle_planks":48,"minecraft:iron_chestplate":1,"minecraft:charcoal":1,"minecraft:shield":1,"minecraft:stick":28,"minecraft:iron_ingot":38,"minecraft:iron_pickaxe":1,"minecraft:wooden_axe":2,"minecraft:stone_sword":1,"minecraft:iron_leggings":1,"minecraft:torch":64},"minecraft:picked_up":{"minecraft:charcoal":2,"minecraft:crafting_table":8,"minecraft:chicken":17,"minecraft:enchanted_book":1,"regions_unexplored:prismarite_cluster":6,"minecraft:raw_copper":16,"minecraft:string":5,"minecraft:cracked_stone_bricks":4,"minecraft:beef":16,"minecraft:calcite":34,"minecraft:light_gray_wool":1,"minecraft:furnace":5,"minecraft:egg":5,"minecraft:stick":4,"minecraft:raw_iron":60,"minecraft:copper_ingot":1,"minecraft:oak_fence":1,"minecraft:torch":15,"minecraft:porkchop":19,"tombstone:grave_dust":5,"minecraft:diorite":2,"regions_unexplored:barley":1,"minecraft:arrow":3,"minecraft:rotten_flesh":12,"minecraft:mutton":13,"minecraft:iron_bars":1,"minecraft:cobblestone":100,"minecraft:skeleton_skull":1,"minecraft:white_wool":4,"minecraft:feather":29,"regions_unexplored:hanging_prismarite":3,"minecraft:jungle_log":18,"minecraft:leather":10,"minecraft:smoker":1,"minecraft:potato":1,"minecraft:oak_log":24,"gobber2:gobber2_gooey_bread_nether":1,"minecraft:gunpowder":1,"minecraft:cobblestone_stairs":1,"minecraft:dirt":19,"minecraft:lantern":2,"tombstone:gift":1,"minecraft:cooked_mutton":3,"regions_unexplored:large_prismarite_cluster":2,"minecraft:bone":2,"minecraft:apple":1,"minecraft:stone_bricks":3,"gobber2:gobber2_gooey_beef":1,"minecraft:wheat_seeds":4,"minecraft:mossy_stone_bricks":1,"ironfurnaces:iron_furnace":1,"minecraft:iron_sword":3,"minecraft:white_bed":3,"minecraft:spider_eye":1,"regions_unexplored:cattail":1,"minecraft:bundle":1,"magistuarmory:rustedcrusader_boots":1,"minecraft:granite":6,"minecraft:emerald":1,"minecraft:oak_sapling":12,"minecraft:black_wool":1,"minecraft:coal":118,"gobber2:gobber2_goo_nether":1},"minecraft:dropped":{"minecraft:iron_sword":3,"minecraft:oak_fence":1,"minecraft:feather":13,"regions_unexplored:barley":1,"tombstone:grave_dust":1,"farmersdelight:onion":2,"minecraft:rotten_flesh":12,"minecraft:light_gray_wool":1,"regions_unexplored:cattail":1,"minecraft:gunpowder":1,"minecraft:oak_sapling":9,"minecraft:spider_eye":1},"minecraft:broken":{"minecraft:stone_pickaxe":1,"minecraft:wooden_axe":1},"minecraft:killed":{"minecraft:spider":3,"minecraft:skeleton":1,"minecraft:chicken":16,"minecraft:drowned":1,"alexsmobs:bison":1,"minecraft:piglin_brute":7,"minecraft:pig":9,"minecraft:zombie_villager":1,"mowziesmobs:umvuthana_follower_raptor":1,"minecraft:creeper":1,"minecraft:sheep":7,"minecraft:pillager":2,"minecraft:zombie":6,"minecraft:cow":8},"minecraft:custom":{"minecraft:mob_kills":68,"minecraft:interact_with_crafting_table":24,"minecraft:open_barrel":5,"minecraft:damage_dealt_resisted":92,"minecraft:leave_game":2,"minecraft:time_since_death":19161,"minecraft:climb_one_cm":3691,"minecraft:sprint_one_cm":384126,"minecraft:walk_one_cm":403820,"minecraft:damage_blocked_by_shield":806,"minecraft:drop":15,"minecraft:talked_to_villager":2,"minecraft:play_time":140987,"minecraft:deaths":5,"minecraft:sneak_time":2722,"minecraft:walk_under_water_one_cm":11076,"minecraft:boat_one_cm":48189,"minecraft:jump":1452,"minecraft:walk_on_water_one_cm":22378,"minecraft:total_world_time":140987,"minecraft:interact_with_furnace":60,"tombstone:raider_killed":2,"minecraft:sleep_in_bed":1,"minecraft:time_since_rest":19185,"minecraft:damage_taken":4037,"minecraft:damage_dealt":7655,"minecraft:swim_one_cm":20833,"minecraft:fly_one_cm":115331,"minecraft:open_chest":18,"minecraft:crouch_one_cm":6003,"tombstone:undead_killed":9,"minecraft:interact_with_smoker":10,"minecraft:fall_one_cm":24268},"minecraft:killed_by":{"minecraft:piglin_brute":3,"minecraft:zombie":2},"minecraft:used":{"minecraft:stone_sword":110,"minecraft:shield":9,"minecraft:iron_sword":83,"minecraft:cooked_chicken":12,"minecraft:torch":45,"minecraft:dirt":19,"minecraft:granite":6,"minecraft:wooden_axe":75,"ironfurnaces:iron_furnace":2,"minecraft:furnace":5,"tombstone:gift":5,"minecraft:egg":5,"minecraft:cooked_beef":2,"minecraft:cooked_mutton":15,"minecraft:diorite":2,"minecraft:stone_pickaxe":133,"minecraft:wooden_pickaxe":55,"minecraft:crafting_table":8,"minecraft:white_bed":3,"minecraft:smoker":1,"minecraft:iron_pickaxe":156,"adorn:guide_book":1,"tombstone:grave_key":2,"minecraft:cobblestone":65,"minecraft:cooked_porkchop":15,"alexsmobs:animal_dictionary":1}},"DataVersion":2975}