{"stats":{"minecraft:crafted":{"minecraft:raw_iron":36,"minecraft:cooked_chicken":0,"minecraft:furnace":3,"ironfurnaces:iron_furnace":1,"minecraft:cooked_mutton":4,"sophisticatedbackpacks:smelting_upgrade":1,"minecraft:iron_boots":1,"minecraft:stone_pickaxe":1,"minecraft:chest":1,"minecraft:smoker":1,"sophisticatedbackpacks:iron_backpack":1,"minecraft:wheat":27,"minecraft:cooked_beef":8,"iceandfire:copper_ingot":11,"sophisticatedbackpacks:backpack":1,"minecraft:cooked_porkchop":9,"minecraft:crafting_table":2,"minecraft:wooden_pickaxe":1,"minecraft:iron_helmet":1,"minecraft:iron_sword":1,"sophisticatedbackpacks:gold_backpack":1,"minecraft:bucket":1,"sophisticatedbackpacks:upgrade_base":1,"minecraft:air":0,"minecraft:jungle_planks":48,"ironfurnaces:copper_furnace":1,"minecraft:iron_chestplate":1,"minecraft:stick":16,"minecraft:iron_ingot":20,"minecraft:iron_pickaxe":1,"minecraft:wooden_axe":1,"minecraft:stone_sword":1,"minecraft:gold_ingot":9,"minecraft:iron_leggings":1,"unusualprehistory:encyclopedia":1},"minecraft:custom":{"minecraft:mob_kills":81,"minecraft:interact_with_crafting_table":33,"minecraft:open_barrel":13,"goblintraders:trade_with_goblin":8,"minecraft:bell_ring":6,"minecraft:damage_dealt_resisted":48,"minecraft:leave_game":3,"minecraft:time_since_death":2630,"minecraft:sprint_one_cm":412487,"minecraft:walk_one_cm":452136,"minecraft:drop":11,"minecraft:damage_dealt_absorbed":40,"minecraft:talked_to_villager":2,"minecraft:play_time":201284,"minecraft:sneak_time":379,"minecraft:deaths":8,"minecraft:walk_under_water_one_cm":4660,"minecraft:jump":1530,"minecraft:walk_on_water_one_cm":18600,"minecraft:total_world_time":201284,"minecraft:interact_with_furnace":81,"minecraft:interact_with_stonecutter":1,"minecraft:sleep_in_bed":5,"minecraft:time_since_rest":2652,"minecraft:damage_taken":4755,"minecraft:damage_dealt":14621,"minecraft:swim_one_cm":18710,"minecraft:fly_one_cm":165900,"minecraft:open_chest":47,"minecraft:crouch_one_cm":1699,"tombstone:undead_killed":41,"minecraft:interact_with_smoker":6,"minecraft:fall_one_cm":21626,"minecraft:horse_one_cm":104760},"minecraft:picked_up":{"iceandfire:copper_ingot":3,"minecraft:crafting_table":8,"unusualprehistory:amber_shard":4,"minecraft:chicken":3,"minecraft:brown_mushroom":128,"minecraft:enchanted_book":1,"minecraft:chain":1,"minecraft:string":17,"minecraft:red_bed":6,"minecraft:experience_bottle":1,"minecraft:zombie_head":1,"minecraft:cobbled_deepslate":48,"reliquary:zombie_heart":2,"minecraft:beef":12,"unusualprehistory:plant_fossil_item":12,"minecraft:iron_pickaxe":1,"minecraft:light_gray_wool":1,"minecraft:sugar_cane":13,"minecraft:furnace":3,"minecraft:egg":3,"iceandfire:dragonbone":21,"minecraft:raw_iron":144,"iceandfire:dragonscales_green":55,"reliquary:rib_bone":1,"minecraft:torch":4,"minecraft:green_bed":1,"sophisticatedbackpacks:backpack":1,"minecraft:porkchop":18,"farmersdelight:tomato_seeds":2,"tombstone:grave_dust":6,"minecraft:diorite":1,"minecraft:redstone":17,"gobber2:gobber2_foo":3,"minecraft:arrow":10,"minecraft:rotten_flesh":26,"gobber2:gobber2_gooey_beef_nether":1,"minecraft:hay_block":7,"iceandfire:fire_dragon_heart":1,"minecraft:gold_ingot":1,"minecraft:mutton":19,"minecraft:cobblestone":36,"minecraft:white_wool":10,"minecraft:feather":4,"magistuarmory:rustedhalfarmor_chestplate":1,"minecraft:cooked_beef":2,"magistuarmory:rustedchainmail_boots":1,"minecraft:glow_ink_sac":6,"minecraft:andesite":2,"minecraft:jungle_log":12,"minecraft:brown_wool":1,"minecraft:leather":5,"minecraft:smoker":1,"minecraft:tuff":1,"minecraft:oak_log":5,"iceandfire:ectoplasm":4,"iceandfire:dragonegg_gray":1,"artifacts:cloud_in_a_bottle":1,"minecraft:gunpowder":1,"minecraft:dirt":32,"farmersdelight:tomato":4,"minecraft:bone":14,"minecraft:apple":1,"iceandfire:pixie_jar_empty":1,"gobber2:gobber2_gooey_beef":2,"minecraft:wheat_seeds":1,"minecraft:raw_gold":24,"minecraft:iron_ingot":46,"minecraft:cobweb":1,"gobber2:gobber2_gooey_beefstew_nether":2,"iceandfire:fire_dragon_flesh":11,"ironfurnaces:iron_furnace":7,"gobber2:gobber2_gooey_bread":3,"iceandfire:chared_stone":1,"iceandfire:copper_nugget":105,"minecraft:cooked_porkchop":2,"magistuarmory:rustedchainmail_chestplate":1,"iceandfire:dragon_skull_fire":1,"minecraft:jungle_planks":22,"magistuarmory:rustedchainmail_leggings":1,"minecraft:spider_eye":2,"artifacts:golden_hook":1,"minecraft:diamond":10,"ironfurnaces:copper_furnace":2,"magistuarmory:rustedcrusader_boots":2,"magistuarmory:corruptedroundshield":1,"minecraft:emerald":1,"tombstone:magic_scroll":1,"gobber2:gobber2_goo_nether":2,"minecraft:coal":460,"gobber2:gobber2_goo":2,"unusualprehistory:mezo_fossil":6},"minecraft:killed_by":{"minecraft:creeper":1,"alexsmobs:centipede_head":1,"minecraft:zombie":4,"mythicmounts:dragon":1,"iceandfire:fire_dragon":1},"minecraft:dropped":{"minecraft:glass_bottle":5,"minecraft:feather":2,"iceandfire:copper_nugget":5,"minecraft:potion":1,"minecraft:iron_pickaxe":1,"magistuarmory:corruptedroundshield":1,"minecraft:string":3,"minecraft:white_wool":3,"sophisticatedbackpacks:backpack":1,"farmersdelight:tomato":2,"minecraft:brick":6},"minecraft:used":{"ironfurnaces:copper_furnace":2,"minecraft:stone_sword":41,"gobber2:gobber2_goo":2,"gobber2:gobber2_gooey_bread":3,"minecraft:iron_sword":329,"minecraft:cooked_chicken":5,"minecraft:torch":18,"gobber2:gobber2_goo_nether":2,"minecraft:dirt":8,"minecraft:wooden_axe":24,"gobber2:gobber2_gooey_beef":2,"ironfurnaces:iron_furnace":7,"minecraft:furnace":2,"tombstone:gift":6,"minecraft:egg":3,"minecraft:cooked_beef":8,"minecraft:cobbled_deepslate":29,"gobber2:gobber2_bow":65,"minecraft:cooked_mutton":2,"minecraft:water_bucket":3,"minecraft:stone_pickaxe":132,"minecraft:wooden_pickaxe":18,"minecraft:crafting_table":9,"minecraft:red_bed":5,"minecraft:smoker":1,"minecraft:bread":5,"minecraft:iron_pickaxe":202,"tombstone:grave_key":1,"minecraft:stone_axe":16,"minecraft:cobblestone":15,"unusualprehistory:encyclopedia":1,"minecraft:cooked_porkchop":8,"minecraft:bucket":4,"minecraft:splash_potion":78,"alexsmobs:animal_dictionary":1,"minecraft:cobweb":7,"minecraft:experience_bottle":1,"gobber2:gobber2_gooey_beef_nether":1},"minecraft:killed":{"minecraft:spider":6,"minecraft:skeleton":13,"minecraft:horse":1,"iceandfire:fire_dragon":1,"minecraft:chicken":3,"artifacts:mimic":2,"minecraft:pig":8,"minecraft:zombie_villager":2,"minecraft:creeper":2,"minecraft:sheep":12,"minecraft:zombie":26,"minecraft:cow":4},"minecraft:broken":{"minecraft:stone_pickaxe":1,"minecraft:iron_sword":1},"minecraft:mined":{"minecraft:diamond_ore":2,"minecraft:tuff":1,"minecraft:deepslate_diamond_ore":8,"iceandfire:copper_pile":12,"unusualprehistory:stone_amber_ore":4,"minecraft:grass_block":4,"gobber2:gobber2_lucky_block":9,"unusualprehistory:plant_fossil":12,"minecraft:jungle_log":12,"farmersdelight:tomatoes":2,"minecraft:hay_block":7,"minecraft:furnace":3,"minecraft:iron_ore":97,"minecraft:andesite":2,"minecraft:deepslate_iron_ore":18,"minecraft:vine":4,"minecraft:stone":34,"iceandfire:chared_cobblestone":8,"minecraft:green_bed":1,"iceandfire:pixie_jar_empty":1,"minecraft:deepslate_redstone_ore":4,"minecraft:acacia_leaves":2,"minecraft:red_bed":6,"minecraft:smoker":1,"ironfurnaces:iron_furnace":7,"minecraft:crafting_table":8,"ironfurnaces:copper_furnace":2,"minecraft:torch":1,"farmersdelight:cabbages":1,"minecraft:glass":1,"minecraft:cobblestone":2,"minecraft:deepslate_gold_ore":24,"minecraft:sugar_cane":6,"minecraft:diorite":1,"minecraft:wall_torch":3,"unusualprehistory:stone_fossil":6,"gobber2:gobber2_lucky_block_deepslate":6,"minecraft:grass":18,"minecraft:oak_log":5,"minecraft:coal_ore":53,"minecraft:zombie_head":1,"minecraft:dirt":3,"minecraft:cobweb":7,"iceandfire:chared_stone":2,"minecraft:deepslate":35,"minecraft:fern":3}},"DataVersion":2975}