{"stats":{"minecraft:mined":{"minecraft:white_bed":4,"regions_unexplored:seeded_tall_grass":6,"minecraft:nether_bricks":1,"regions_unexplored:hanging_prismarite":4,"regions_unexplored:cattail":3,"minecraft:granite":6,"minecraft:grass_block":14,"minecraft:jungle_planks":4,"gobber2:gobber2_lucky_block":4,"minecraft:jungle_log":16,"regions_unexplored:large_prismarite_cluster":4,"minecraft:spawner":12,"minecraft:large_fern":5,"minecraft:furnace":5,"minecraft:iron_ore":61,"minecraft:andesite":1,"regions_unexplored:seeded_grass":3,"minecraft:vine":4,"minecraft:iron_bars":12,"minecraft:lantern":1,"regions_unexplored:medium_grass":2,"minecraft:stone":107,"regions_unexplored:prismoss":2,"minecraft:player_head":1,"minecraft:podzol":1,"minecraft:smoker":1,"ironfurnaces:iron_furnace":2,"minecraft:oak_fence":1,"minecraft:crafting_table":9,"minecraft:torch":22,"minecraft:emerald_ore":1,"minecraft:calcite":34,"minecraft:poppy":1,"minecraft:campfire":1,"minecraft:mushroom_stem":1,"minecraft:copper_ore":4,"minecraft:tall_grass":4,"minecraft:cobblestone":1,"regions_unexplored:prismarite_cluster":6,"minecraft:diorite":2,"minecraft:wall_torch":12,"minecraft:skeleton_skull":1,"regions_unexplored:plains_grass_block":2,"minecraft:grass":19,"minecraft:coal_ore":89,"minecraft:oak_log":24,"minecraft:dirt":10,"regions_unexplored:prismoss_sprout":2,"minecraft:oak_leaves":14,"minecraft:fern":5},"minecraft:crafted":{"minecraft:oak_planks":20,"minecraft:smooth_stone":3,"minecraft:cooked_chicken":12,"minecraft:furnace":3,"ironfurnaces:iron_furnace":1,"minecraft:stone":3,"minecraft:cooked_mutton":10,"minecraft:iron_boots":1,"minecraft:iron_axe":1,"minecraft:stone_pickaxe":2,"minecraft:chest":1,"sophisticatedbackpacks:iron_backpack":1,"minecraft:smoker":1,"minecraft:cooked_beef":16,"minecraft:oak_slab":6,"sophisticatedbackpacks:backpack":1,"minecraft:cooked_porkchop":13,"minecraft:crafting_table":2,"minecraft:wooden_pickaxe":2,"minecraft:iron_helmet":1,"minecraft:iron_sword":1,"minecraft:air":0,"minecraft:jungle_planks":48,"minecraft:iron_chestplate":1,"minecraft:charcoal":1,"minecraft:shield":1,"minecraft:stick":28,"minecraft:iron_ingot":38,"minecraft:iron_pickaxe":1,"minecraft:wooden_axe":2,"minecraft:stone_sword":1,"minecraft:iron_leggings":1,"minecraft:torch":64},"minecraft:picked_up":{"minecraft:charcoal":2,"minecraft:crafting_table":9,"regions_unexplored:tall_mauve_sapling":1,"iceandfire:witherbone":2,"minecraft:chicken":17,"minecraft:potion":2,"minecraft:enchanted_book":1,"minecraft:stone_brick_stairs":1,"minecraft:shield":1,"regions_unexplored:prismarite_cluster":6,"minecraft:raw_copper":16,"minecraft:string":10,"minecraft:cracked_stone_bricks":4,"minecraft:beef":24,"minecraft:player_head":1,"minecraft:calcite":34,"minecraft:light_gray_wool":1,"minecraft:furnace":5,"minecraft:egg":5,"minecraft:tipped_arrow":1,"minecraft:stick":7,"minecraft:raw_iron":60,"minecraft:copper_ingot":1,"minecraft:oak_fence":1,"minecraft:torch":35,"minecraft:porkchop":19,"tombstone:grave_dust":6,"minecraft:diorite":2,"regions_unexplored:barley":1,"minecraft:arrow":5,"minecraft:rotten_flesh":14,"minecraft:nether_bricks":1,"minecraft:mutton":13,"minecraft:iron_bars":11,"minecraft:cobblestone":102,"minecraft:skeleton_skull":1,"minecraft:white_wool":4,"minecraft:feather":29,"magistuarmory:rustedchainmail_boots":1,"regions_unexplored:hanging_prismarite":6,"minecraft:jungle_log":18,"minecraft:leather":15,"minecraft:smoker":1,"minecraft:potato":1,"minecraft:oak_log":24,"gobber2:gobber2_gooey_bread_nether":1,"minecraft:gunpowder":2,"minecraft:cobblestone_stairs":1,"minecraft:dirt":30,"minecraft:lantern":2,"tombstone:gift":2,"minecraft:name_tag":1,"minecraft:leather_boots":2,"minecraft:cooked_mutton":3,"regions_unexplored:large_prismarite_cluster":2,"minecraft:bone":11,"minecraft:apple":1,"minecraft:stone_bricks":3,"gobber2:gobber2_gooey_beef":1,"minecraft:wheat_seeds":5,"minecraft:iron_ingot":63,"tombstone:bag_of_seeds":1,"minecraft:mossy_stone_bricks":3,"minecraft:glass_bottle":9,"ironfurnaces:iron_furnace":2,"minecraft:iron_sword":3,"minecraft:jungle_planks":15,"minecraft:white_bed":4,"minecraft:spider_eye":2,"minecraft:mossy_cobblestone":1,"regions_unexplored:hyssop":1,"regions_unexplored:cattail":1,"minecraft:bundle":2,"minecraft:diamond":1,"magistuarmory:rustedcrusader_boots":1,"magistuarmory:corruptedroundshield":2,"minecraft:granite":14,"minecraft:chainmail_helmet":1,"minecraft:emerald":1,"minecraft:oak_sapling":12,"minecraft:black_wool":1,"minecraft:coal":175,"gobber2:gobber2_goo_nether":1},"minecraft:dropped":{"minecraft:iron_sword":3,"minecraft:oak_fence":1,"minecraft:feather":13,"regions_unexplored:barley":1,"tombstone:grave_dust":1,"farmersdelight:onion":2,"minecraft:rotten_flesh":12,"minecraft:light_gray_wool":1,"minecraft:name_tag":1,"regions_unexplored:cattail":1,"minecraft:gunpowder":1,"minecraft:leather_boots":1,"minecraft:oak_sapling":9,"minecraft:spider_eye":1},"minecraft:broken":{"minecraft:stone_pickaxe":1,"minecraft:iron_sword":1,"minecraft:wooden_axe":1},"minecraft:custom":{"minecraft:mob_kills":94,"minecraft:interact_with_crafting_table":28,"minecraft:open_barrel":7,"minecraft:damage_dealt_resisted":6827,"minecraft:leave_game":2,"minecraft:time_since_death":8528,"minecraft:climb_one_cm":6203,"minecraft:sprint_one_cm":559334,"minecraft:walk_one_cm":627288,"minecraft:damage_blocked_by_shield":2001,"minecraft:drop":17,"minecraft:talked_to_villager":2,"minecraft:play_time":200987,"minecraft:deaths":18,"minecraft:sneak_time":2731,"minecraft:walk_under_water_one_cm":11431,"minecraft:boat_one_cm":48189,"minecraft:jump":2237,"minecraft:walk_on_water_one_cm":28047,"minecraft:total_world_time":200987,"minecraft:interact_with_furnace":69,"tombstone:raider_killed":3,"minecraft:sleep_in_bed":1,"minecraft:time_since_rest":8540,"minecraft:damage_taken":9876,"minecraft:damage_absorbed":40,"minecraft:damage_dealt":16708,"minecraft:swim_one_cm":47607,"minecraft:fly_one_cm":187575,"minecraft:open_chest":38,"minecraft:crouch_one_cm":6081,"tombstone:undead_killed":22,"minecraft:interact_with_smoker":10,"minecraft:fall_one_cm":34779},"minecraft:killed":{"minecraft:evoker":1,"minecraft:cave_spider":2,"minecraft:spider":4,"minecraft:skeleton":3,"minecraft:chicken":16,"minecraft:silverfish":1,"minecraft:drowned":1,"alexsmobs:bison":1,"minecraft:piglin_brute":7,"minecraft:husk":1,"minecraft:pig":9,"minecraft:zombie_villager":1,"mowziesmobs:umvuthana_follower_raptor":1,"minecraft:creeper":2,"minecraft:sheep":7,"minecraft:pillager":2,"minecraft:zombie":11,"minecraft:stray":2,"minecraft:wither_skeleton":3,"minecraft:cow":12},"minecraft:killed_by":{"minecraft:evoker":1,"minecraft:piglin_brute":6,"minecraft:vindicator":2,"minecraft:skeleton":1,"minecraft:witch":4,"minecraft:zombie":4},"minecraft:used":{"minecraft:stone_sword":110,"minecraft:shield":30,"minecraft:iron_sword":345,"minecraft:cooked_chicken":12,"minecraft:torch":91,"gobber2:gobber2_goo_nether":1,"minecraft:dirt":27,"minecraft:jungle_planks":7,"minecraft:nether_bricks":1,"minecraft:granite":14,"minecraft:wooden_axe":75,"minecraft:iron_axe":11,"gobber2:gobber2_gooey_beef":1,"ironfurnaces:iron_furnace":2,"minecraft:bow":5,"minecraft:furnace":5,"tombstone:gift":7,"minecraft:egg":5,"minecraft:cooked_beef":15,"minecraft:cooked_mutton":15,"minecraft:diorite":2,"minecraft:stone_pickaxe":136,"minecraft:wooden_pickaxe":55,"minecraft:cracked_stone_bricks":4,"minecraft:golden_apple":1,"minecraft:crafting_table":10,"minecraft:white_bed":3,"gobber2:gobber2_gooey_bread_nether":1,"minecraft:smoker":1,"tombstone:bag_of_seeds":1,"minecraft:iron_pickaxe":180,"adorn:guide_book":1,"tombstone:grave_key":9,"minecraft:stone_axe":36,"minecraft:cobblestone":67,"minecraft:cooked_porkchop":17,"alexsmobs:animal_dictionary":1}},"DataVersion":2975}