{"stats":{"minecraft:crafted":{"minecraft:cooked_beef":7,"minecraft:iron_boots":1,"minecraft:iron_chestplate":1,"minecraft:cooked_porkchop":7,"minecraft:crafting_table":1,"minecraft:stick":16,"minecraft:iron_helmet":1,"minecraft:iron_pickaxe":1,"minecraft:iron_ingot":10,"minecraft:stone_pickaxe":1,"minecraft:wooden_pickaxe":1,"minecraft:wooden_axe":1,"minecraft:iron_leggings":1,"minecraft:stone_sword":1,"minecraft:furnace":1,"ironfurnaces:iron_furnace":1,"minecraft:smoker":1,"minecraft:jungle_planks":48,"minecraft:cooked_mutton":1,"minecraft:air":0},"minecraft:custom":{"minecraft:time_since_rest":9846,"minecraft:sprint_one_cm":43816,"minecraft:interact_with_furnace":29,"minecraft:damage_taken":75,"minecraft:walk_one_cm":62991,"minecraft:mob_kills":9,"minecraft:damage_dealt":790,"minecraft:interact_with_crafting_table":15,"minecraft:fly_one_cm":15639,"minecraft:open_chest":1,"minecraft:crouch_one_cm":494,"minecraft:play_time":32345,"tombstone:undead_killed":1,"minecraft:sneak_time":93,"minecraft:jump":259,"minecraft:time_since_death":32345,"minecraft:sleep_in_bed":2,"minecraft:interact_with_smoker":2,"minecraft:total_world_time":32345,"minecraft:fall_one_cm":1583},"minecraft:picked_up":{"minecraft:raw_iron":105,"minecraft:crafting_table":4,"minecraft:cooked_beef":2,"minecraft:jungle_log":12,"minecraft:leather":3,"minecraft:torch":1,"minecraft:smoker":1,"minecraft:porkchop":7,"minecraft:oak_log":5,"minecraft:dirt":3,"minecraft:red_bed":3,"minecraft:rotten_flesh":1,"minecraft:apple":1,"minecraft:beef":12,"ironfurnaces:iron_furnace":1,"gobber2:gobber2_goo":1,"minecraft:mutton":1,"minecraft:coal":123,"minecraft:white_wool":1,"minecraft:cobblestone":31,"minecraft:furnace":3},"minecraft:used":{"minecraft:cooked_mutton":1,"minecraft:wooden_axe":24,"minecraft:iron_pickaxe":31,"minecraft:stone_pickaxe":132,"minecraft:wooden_pickaxe":18,"ironfurnaces:iron_furnace":1,"minecraft:stone_axe":9,"minecraft:torch":1,"minecraft:crafting_table":4,"minecraft:red_bed":2,"minecraft:furnace":2,"minecraft:cooked_porkchop":1,"alexsmobs:animal_dictionary":1,"minecraft:smoker":1},"minecraft:killed":{"minecraft:sheep":1,"minecraft:pig":3,"minecraft:zombie_villager":1,"minecraft:cow":4},"minecraft:broken":{"minecraft:stone_pickaxe":1},"minecraft:mined":{"minecraft:furnace":3,"minecraft:red_bed":3,"minecraft:iron_ore":86,"minecraft:smoker":1,"ironfurnaces:iron_furnace":1,"minecraft:crafting_table":4,"minecraft:grass":2,"minecraft:coal_ore":53,"minecraft:oak_log":5,"minecraft:grass_block":3,"minecraft:vine":4,"gobber2:gobber2_lucky_block":1,"minecraft:jungle_log":12,"minecraft:stone":31,"minecraft:wall_torch":1,"minecraft:fern":1}},"DataVersion":2975}