{"stats":{"minecraft:mined":{"minecraft:white_bed":2,"minecraft:smoker":1,"regions_unexplored:seeded_tall_grass":2,"regions_unexplored:cattail":3,"minecraft:crafting_table":5,"minecraft:torch":2,"minecraft:granite":6,"minecraft:grass_block":6,"minecraft:poppy":1,"minecraft:jungle_log":16,"minecraft:campfire":1,"minecraft:tall_grass":3,"minecraft:copper_ore":4,"minecraft:cobblestone":1,"minecraft:diorite":2,"minecraft:wall_torch":4,"minecraft:skeleton_skull":1,"minecraft:large_fern":4,"minecraft:furnace":4,"minecraft:iron_ore":19,"regions_unexplored:plains_grass_block":2,"minecraft:grass":17,"regions_unexplored:seeded_grass":2,"minecraft:oak_log":24,"minecraft:coal_ore":39,"minecraft:vine":2,"minecraft:lantern":1,"minecraft:dirt":7,"regions_unexplored:medium_grass":2,"minecraft:stone":97,"minecraft:oak_leaves":1,"minecraft:fern":2},"minecraft:picked_up":{"minecraft:charcoal":2,"minecraft:crafting_table":5,"minecraft:feather":26,"minecraft:chicken":14,"minecraft:jungle_log":18,"minecraft:leather":10,"minecraft:smoker":1,"minecraft:potato":1,"minecraft:oak_log":24,"minecraft:gunpowder":1,"minecraft:lantern":2,"minecraft:dirt":19,"minecraft:raw_copper":16,"minecraft:cooked_mutton":3,"minecraft:apple":1,"minecraft:wheat_seeds":2,"minecraft:beef":16,"minecraft:light_gray_wool":1,"minecraft:egg":5,"minecraft:furnace":4,"minecraft:stick":3,"minecraft:raw_iron":19,"minecraft:torch":6,"minecraft:porkchop":13,"tombstone:grave_dust":5,"minecraft:diorite":2,"minecraft:white_bed":2,"regions_unexplored:cattail":1,"minecraft:bundle":1,"minecraft:rotten_flesh":6,"minecraft:granite":6,"minecraft:skeleton_skull":1,"minecraft:oak_sapling":12,"minecraft:black_wool":1,"minecraft:mutton":11,"minecraft:coal":68,"minecraft:white_wool":3,"minecraft:cobblestone":95},"minecraft:crafted":{"minecraft:cooked_beef":16,"minecraft:oak_slab":6,"minecraft:oak_planks":20,"minecraft:cooked_porkchop":13,"minecraft:crafting_table":1,"minecraft:wooden_pickaxe":2,"minecraft:cooked_chicken":12,"minecraft:furnace":2,"minecraft:cooked_mutton":10,"minecraft:air":0,"minecraft:jungle_planks":48,"minecraft:iron_chestplate":1,"minecraft:charcoal":1,"minecraft:stick":12,"minecraft:iron_ingot":19,"minecraft:stone_pickaxe":1,"minecraft:wooden_axe":2,"minecraft:stone_sword":1,"minecraft:torch":4,"minecraft:smoker":1},"minecraft:dropped":{"minecraft:feather":13,"minecraft:light_gray_wool":1,"regions_unexplored:cattail":1,"minecraft:gunpowder":1,"minecraft:oak_sapling":9,"farmersdelight:onion":2},"minecraft:killed":{"minecraft:pig":6,"minecraft:spider":1,"minecraft:creeper":1,"minecraft:sheep":6,"minecraft:zombie":5,"minecraft:chicken":13,"alexsmobs:bison":1,"minecraft:cow":8},"minecraft:custom":{"minecraft:interact_with_furnace":36,"minecraft:mob_kills":42,"minecraft:open_barrel":4,"minecraft:interact_with_crafting_table":12,"minecraft:leave_game":2,"minecraft:time_since_death":68987,"minecraft:sleep_in_bed":1,"minecraft:climb_one_cm":1379,"minecraft:time_since_rest":40397,"minecraft:sprint_one_cm":166963,"minecraft:damage_taken":1173,"minecraft:walk_one_cm":200079,"minecraft:drop":6,"minecraft:damage_dealt":4028,"minecraft:talked_to_villager":2,"minecraft:swim_one_cm":2465,"minecraft:fly_one_cm":40744,"minecraft:open_chest":7,"minecraft:crouch_one_cm":1172,"minecraft:play_time":68987,"tombstone:undead_killed":5,"minecraft:sneak_time":304,"minecraft:walk_under_water_one_cm":2672,"minecraft:jump":614,"minecraft:walk_on_water_one_cm":15337,"minecraft:interact_with_smoker":10,"minecraft:total_world_time":68987,"minecraft:fall_one_cm":9909},"minecraft:broken":{"minecraft:stone_pickaxe":1,"minecraft:wooden_axe":1},"minecraft:used":{"minecraft:cooked_mutton":8,"minecraft:diorite":2,"minecraft:stone_sword":94,"minecraft:stone_pickaxe":131,"minecraft:wooden_pickaxe":55,"minecraft:cooked_chicken":12,"minecraft:torch":8,"minecraft:dirt":10,"minecraft:crafting_table":5,"minecraft:white_bed":1,"minecraft:granite":6,"minecraft:smoker":1,"minecraft:wooden_axe":70,"adorn:guide_book":1,"minecraft:cobblestone":62,"minecraft:furnace":4,"minecraft:cooked_porkchop":2,"alexsmobs:animal_dictionary":1,"minecraft:egg":5}},"DataVersion":2975}