{"stats":{"minecraft:crafted":{"minecraft:cooked_beef":7,"minecraft:cooked_porkchop":7,"minecraft:crafting_table":1,"minecraft:stick":16,"minecraft:stone_pickaxe":1,"minecraft:wooden_pickaxe":1,"minecraft:wooden_axe":1,"minecraft:stone_sword":1,"minecraft:furnace":1,"minecraft:smoker":1,"minecraft:jungle_planks":48,"minecraft:cooked_mutton":1,"minecraft:air":0},"minecraft:custom":{"minecraft:time_since_rest":10943,"minecraft:sprint_one_cm":32986,"minecraft:interact_with_furnace":8,"minecraft:damage_taken":75,"minecraft:walk_one_cm":46419,"minecraft:mob_kills":9,"minecraft:damage_dealt":790,"minecraft:interact_with_crafting_table":9,"minecraft:fly_one_cm":12137,"minecraft:open_chest":1,"minecraft:crouch_one_cm":494,"minecraft:play_time":20345,"tombstone:undead_killed":1,"minecraft:sneak_time":93,"minecraft:jump":224,"minecraft:time_since_death":20345,"minecraft:sleep_in_bed":1,"minecraft:interact_with_smoker":2,"minecraft:total_world_time":20345,"minecraft:fall_one_cm":1374},"minecraft:picked_up":{"minecraft:raw_iron":71,"minecraft:crafting_table":3,"minecraft:cooked_beef":2,"minecraft:jungle_log":12,"minecraft:leather":3,"minecraft:torch":1,"minecraft:smoker":1,"minecraft:porkchop":7,"minecraft:oak_log":5,"minecraft:dirt":3,"minecraft:red_bed":2,"minecraft:rotten_flesh":1,"minecraft:apple":1,"minecraft:beef":12,"minecraft:mutton":1,"minecraft:coal":27,"minecraft:white_wool":1,"minecraft:cobblestone":26,"minecraft:furnace":2},"minecraft:used":{"minecraft:cooked_mutton":1,"minecraft:wooden_axe":24,"minecraft:stone_pickaxe":103,"minecraft:wooden_pickaxe":18,"minecraft:stone_axe":8,"minecraft:torch":1,"minecraft:crafting_table":4,"minecraft:red_bed":1,"minecraft:furnace":2,"alexsmobs:animal_dictionary":1,"minecraft:smoker":1},"minecraft:killed":{"minecraft:sheep":1,"minecraft:pig":3,"minecraft:zombie_villager":1,"minecraft:cow":4},"minecraft:mined":{"minecraft:furnace":2,"minecraft:red_bed":2,"minecraft:iron_ore":71,"minecraft:smoker":1,"minecraft:crafting_table":3,"minecraft:grass":2,"minecraft:coal_ore":17,"minecraft:oak_log":5,"minecraft:grass_block":3,"minecraft:vine":4,"minecraft:jungle_log":12,"minecraft:stone":26,"minecraft:wall_torch":1,"minecraft:fern":1}},"DataVersion":2975}