{"stats":{"minecraft:mined":{"minecraft:white_bed":2,"minecraft:furnace":3,"minecraft:iron_ore":3,"minecraft:crafting_table":3,"minecraft:coal_ore":24,"minecraft:grass":11,"minecraft:grass_block":5,"minecraft:oak_log":13,"minecraft:vine":2,"minecraft:jungle_log":16,"minecraft:dirt":5,"minecraft:copper_ore":4,"minecraft:stone":33,"minecraft:wall_torch":4,"minecraft:fern":1},"minecraft:crafted":{"minecraft:oak_planks":16,"minecraft:charcoal":1,"minecraft:cooked_porkchop":3,"minecraft:crafting_table":1,"minecraft:stick":8,"minecraft:iron_ingot":3,"minecraft:wooden_pickaxe":1,"minecraft:cooked_chicken":8,"minecraft:stone_pickaxe":1,"minecraft:wooden_axe":1,"minecraft:stone_sword":1,"minecraft:furnace":1,"minecraft:torch":4,"minecraft:cooked_mutton":3,"minecraft:air":0},"minecraft:picked_up":{"minecraft:stick":2,"minecraft:raw_iron":3,"minecraft:crafting_table":3,"minecraft:feather":8,"minecraft:chicken":8,"minecraft:jungle_log":18,"minecraft:torch":4,"minecraft:porkchop":3,"minecraft:oak_log":13,"tombstone:grave_dust":3,"minecraft:gunpowder":1,"minecraft:white_bed":2,"minecraft:dirt":10,"minecraft:raw_copper":16,"minecraft:bundle":1,"minecraft:rotten_flesh":6,"minecraft:light_gray_wool":1,"minecraft:oak_sapling":3,"minecraft:coal":23,"minecraft:mutton":3,"minecraft:white_wool":1,"minecraft:furnace":3,"minecraft:cobblestone":32,"minecraft:egg":2},"minecraft:broken":{"minecraft:wooden_axe":1},"minecraft:killed":{"minecraft:sheep":2,"minecraft:zombie":4,"minecraft:pig":1,"minecraft:chicken":9,"minecraft:spider":1,"minecraft:creeper":1},"minecraft:custom":{"minecraft:time_since_rest":4397,"minecraft:interact_with_furnace":17,"minecraft:sprint_one_cm":59082,"minecraft:damage_taken":873,"minecraft:walk_one_cm":72829,"minecraft:mob_kills":19,"minecraft:damage_dealt":1918,"minecraft:interact_with_crafting_table":5,"minecraft:fly_one_cm":19036,"minecraft:crouch_one_cm":195,"minecraft:play_time":32987,"tombstone:undead_killed":4,"minecraft:sneak_time":75,"minecraft:walk_under_water_one_cm":41,"minecraft:jump":235,"minecraft:leave_game":2,"minecraft:walk_on_water_one_cm":7471,"minecraft:time_since_death":32987,"minecraft:sleep_in_bed":1,"minecraft:total_world_time":32987,"minecraft:climb_one_cm":16,"minecraft:fall_one_cm":3732},"minecraft:used":{"minecraft:cooked_mutton":3,"minecraft:wooden_axe":53,"minecraft:stone_sword":31,"minecraft:stone_pickaxe":53,"minecraft:wooden_pickaxe":14,"minecraft:cooked_chicken":8,"minecraft:torch":5,"minecraft:cobblestone":17,"minecraft:crafting_table":3,"minecraft:furnace":3,"minecraft:white_bed":1,"alexsmobs:animal_dictionary":1,"minecraft:egg":2}},"DataVersion":2975}