{"stats":{"minecraft:crafted":{"minecraft:raw_iron":36,"minecraft:cooked_chicken":0,"minecraft:furnace":2,"ironfurnaces:iron_furnace":1,"minecraft:cooked_mutton":4,"minecraft:iron_boots":1,"minecraft:stone_pickaxe":1,"minecraft:chest":1,"minecraft:smoker":1,"sophisticatedbackpacks:iron_backpack":1,"minecraft:wheat":27,"minecraft:cooked_beef":8,"iceandfire:copper_ingot":11,"sophisticatedbackpacks:backpack":1,"minecraft:cooked_porkchop":9,"minecraft:crafting_table":2,"minecraft:wooden_pickaxe":1,"minecraft:iron_helmet":1,"minecraft:iron_sword":1,"sophisticatedbackpacks:gold_backpack":1,"minecraft:bucket":1,"minecraft:air":0,"minecraft:jungle_planks":48,"ironfurnaces:copper_furnace":1,"minecraft:iron_chestplate":1,"minecraft:stick":16,"minecraft:iron_ingot":10,"minecraft:iron_pickaxe":1,"minecraft:wooden_axe":1,"minecraft:stone_sword":1,"minecraft:gold_ingot":0,"minecraft:iron_leggings":1,"unusualprehistory:encyclopedia":1},"minecraft:custom":{"minecraft:mob_kills":55,"minecraft:interact_with_crafting_table":28,"minecraft:open_barrel":10,"minecraft:bell_ring":6,"minecraft:damage_dealt_resisted":48,"minecraft:leave_game":3,"minecraft:time_since_death":4199,"minecraft:sprint_one_cm":353292,"minecraft:walk_one_cm":339427,"minecraft:drop":11,"minecraft:talked_to_villager":2,"minecraft:play_time":153284,"minecraft:sneak_time":226,"minecraft:deaths":3,"minecraft:walk_under_water_one_cm":4660,"minecraft:jump":1065,"minecraft:walk_on_water_one_cm":10709,"minecraft:total_world_time":153284,"minecraft:interact_with_furnace":77,"minecraft:interact_with_stonecutter":1,"minecraft:sleep_in_bed":5,"minecraft:time_since_rest":4208,"minecraft:damage_taken":2369,"minecraft:damage_dealt":7597,"minecraft:swim_one_cm":18710,"minecraft:fly_one_cm":94031,"minecraft:open_chest":31,"minecraft:crouch_one_cm":1488,"tombstone:undead_killed":24,"minecraft:interact_with_smoker":6,"minecraft:fall_one_cm":17637,"minecraft:horse_one_cm":104760},"minecraft:picked_up":{"iceandfire:copper_ingot":3,"minecraft:crafting_table":7,"unusualprehistory:amber_shard":4,"minecraft:chicken":3,"minecraft:brown_mushroom":128,"minecraft:enchanted_book":1,"minecraft:string":16,"minecraft:red_bed":6,"minecraft:experience_bottle":1,"minecraft:zombie_head":1,"minecraft:cobbled_deepslate":24,"reliquary:zombie_heart":2,"minecraft:beef":12,"unusualprehistory:plant_fossil_item":12,"minecraft:iron_pickaxe":1,"minecraft:light_gray_wool":1,"minecraft:sugar_cane":13,"minecraft:furnace":3,"minecraft:egg":3,"minecraft:raw_iron":127,"reliquary:rib_bone":1,"minecraft:torch":3,"sophisticatedbackpacks:backpack":1,"minecraft:porkchop":18,"farmersdelight:tomato_seeds":2,"tombstone:grave_dust":2,"minecraft:diorite":1,"minecraft:redstone":17,"gobber2:gobber2_foo":3,"minecraft:arrow":7,"minecraft:rotten_flesh":14,"gobber2:gobber2_gooey_beef_nether":1,"minecraft:hay_block":7,"minecraft:gold_ingot":1,"minecraft:mutton":19,"minecraft:cobblestone":36,"minecraft:white_wool":10,"minecraft:feather":4,"magistuarmory:rustedhalfarmor_chestplate":1,"minecraft:cooked_beef":2,"magistuarmory:rustedchainmail_boots":1,"minecraft:andesite":2,"minecraft:jungle_log":12,"minecraft:brown_wool":1,"minecraft:leather":5,"minecraft:smoker":1,"minecraft:tuff":1,"minecraft:oak_log":5,"iceandfire:ectoplasm":4,"minecraft:dirt":31,"farmersdelight:tomato":4,"minecraft:bone":10,"minecraft:apple":1,"iceandfire:pixie_jar_empty":1,"gobber2:gobber2_gooey_beef":2,"minecraft:wheat_seeds":1,"minecraft:raw_gold":15,"minecraft:iron_ingot":46,"gobber2:gobber2_gooey_beefstew_nether":2,"ironfurnaces:iron_furnace":6,"gobber2:gobber2_gooey_bread":3,"iceandfire:copper_nugget":105,"minecraft:cooked_porkchop":2,"minecraft:jungle_planks":22,"minecraft:spider_eye":1,"minecraft:diamond":8,"ironfurnaces:copper_furnace":2,"magistuarmory:corruptedroundshield":1,"minecraft:emerald":1,"gobber2:gobber2_goo_nether":2,"minecraft:coal":408,"gobber2:gobber2_goo":2,"unusualprehistory:mezo_fossil":6},"minecraft:killed_by":{"minecraft:creeper":1,"alexsmobs:centipede_head":1,"minecraft:zombie":1},"minecraft:dropped":{"minecraft:glass_bottle":5,"minecraft:feather":2,"iceandfire:copper_nugget":5,"minecraft:potion":1,"minecraft:iron_pickaxe":1,"magistuarmory:corruptedroundshield":1,"minecraft:string":3,"minecraft:white_wool":3,"sophisticatedbackpacks:backpack":1,"farmersdelight:tomato":2,"minecraft:brick":6},"minecraft:used":{"ironfurnaces:copper_furnace":2,"minecraft:stone_sword":41,"gobber2:gobber2_goo":1,"gobber2:gobber2_gooey_bread":3,"minecraft:iron_sword":143,"minecraft:cooked_chicken":5,"minecraft:torch":17,"gobber2:gobber2_goo_nether":2,"minecraft:dirt":4,"minecraft:wooden_axe":24,"gobber2:gobber2_gooey_beef":2,"ironfurnaces:iron_furnace":7,"minecraft:furnace":2,"tombstone:gift":2,"minecraft:egg":3,"minecraft:cooked_beef":2,"minecraft:cooked_mutton":2,"minecraft:water_bucket":2,"minecraft:stone_pickaxe":132,"minecraft:wooden_pickaxe":18,"minecraft:crafting_table":9,"minecraft:red_bed":5,"minecraft:smoker":1,"minecraft:bread":5,"minecraft:iron_pickaxe":152,"tombstone:grave_key":1,"minecraft:stone_axe":15,"minecraft:cobblestone":15,"unusualprehistory:encyclopedia":1,"minecraft:cooked_porkchop":8,"minecraft:bucket":3,"alexsmobs:animal_dictionary":1,"minecraft:cobweb":7,"minecraft:experience_bottle":1,"gobber2:gobber2_gooey_beef_nether":1},"minecraft:killed":{"minecraft:spider":3,"minecraft:skeleton":8,"minecraft:horse":1,"minecraft:chicken":3,"minecraft:pig":8,"minecraft:zombie_villager":2,"minecraft:sheep":12,"minecraft:zombie":14,"minecraft:cow":4},"minecraft:broken":{"minecraft:stone_pickaxe":1},"minecraft:mined":{"minecraft:diamond_ore":1,"minecraft:tuff":1,"minecraft:deepslate_diamond_ore":7,"iceandfire:copper_pile":12,"unusualprehistory:stone_amber_ore":4,"minecraft:grass_block":4,"gobber2:gobber2_lucky_block":9,"unusualprehistory:plant_fossil":12,"minecraft:jungle_log":12,"farmersdelight:tomatoes":2,"minecraft:hay_block":7,"minecraft:furnace":3,"minecraft:iron_ore":97,"minecraft:andesite":2,"minecraft:deepslate_iron_ore":1,"minecraft:vine":4,"minecraft:stone":34,"iceandfire:pixie_jar_empty":1,"minecraft:deepslate_redstone_ore":4,"minecraft:acacia_leaves":2,"minecraft:red_bed":6,"minecraft:smoker":1,"ironfurnaces:iron_furnace":6,"minecraft:crafting_table":7,"ironfurnaces:copper_furnace":2,"farmersdelight:cabbages":1,"minecraft:glass":1,"minecraft:cobblestone":2,"minecraft:deepslate_gold_ore":15,"minecraft:sugar_cane":6,"minecraft:diorite":1,"minecraft:wall_torch":3,"unusualprehistory:stone_fossil":6,"gobber2:gobber2_lucky_block_deepslate":6,"minecraft:grass":18,"minecraft:oak_log":5,"minecraft:coal_ore":53,"minecraft:zombie_head":1,"minecraft:dirt":2,"minecraft:cobweb":7,"minecraft:deepslate":25,"minecraft:fern":3}},"DataVersion":2975}