{"stats":{"minecraft:mined":{"minecraft:white_bed":2,"minecraft:smoker":1,"regions_unexplored:seeded_tall_grass":3,"minecraft:oak_fence":1,"regions_unexplored:cattail":3,"minecraft:crafting_table":7,"minecraft:torch":2,"minecraft:granite":6,"minecraft:calcite":1,"minecraft:grass_block":6,"minecraft:poppy":1,"minecraft:jungle_log":16,"minecraft:campfire":1,"minecraft:tall_grass":3,"minecraft:copper_ore":4,"minecraft:cobblestone":1,"minecraft:diorite":2,"minecraft:wall_torch":9,"minecraft:skeleton_skull":1,"minecraft:large_fern":4,"minecraft:furnace":4,"minecraft:iron_ore":31,"regions_unexplored:plains_grass_block":2,"minecraft:grass":18,"regions_unexplored:seeded_grass":3,"minecraft:oak_log":24,"minecraft:coal_ore":52,"minecraft:vine":2,"minecraft:lantern":1,"minecraft:dirt":7,"regions_unexplored:medium_grass":2,"minecraft:stone":97,"minecraft:oak_leaves":1,"minecraft:fern":3},"minecraft:picked_up":{"minecraft:charcoal":2,"minecraft:crafting_table":7,"minecraft:feather":29,"minecraft:chicken":17,"minecraft:jungle_log":18,"minecraft:leather":10,"minecraft:smoker":1,"minecraft:potato":1,"minecraft:enchanted_book":1,"minecraft:oak_log":24,"minecraft:gunpowder":1,"tombstone:gift":1,"minecraft:string":5,"minecraft:lantern":2,"minecraft:dirt":19,"minecraft:raw_copper":16,"minecraft:cooked_mutton":3,"minecraft:bone":1,"minecraft:apple":1,"minecraft:wheat_seeds":3,"minecraft:beef":16,"minecraft:calcite":1,"minecraft:light_gray_wool":1,"minecraft:iron_sword":1,"minecraft:egg":5,"minecraft:furnace":4,"minecraft:stick":3,"minecraft:raw_iron":31,"minecraft:oak_fence":1,"minecraft:torch":11,"minecraft:porkchop":17,"tombstone:grave_dust":5,"minecraft:diorite":2,"minecraft:white_bed":2,"minecraft:spider_eye":1,"regions_unexplored:cattail":1,"minecraft:bundle":1,"minecraft:arrow":1,"minecraft:rotten_flesh":7,"magistuarmory:rustedcrusader_boots":1,"minecraft:granite":6,"minecraft:skeleton_skull":1,"minecraft:oak_sapling":12,"minecraft:black_wool":1,"minecraft:mutton":13,"minecraft:coal":81,"minecraft:white_wool":4,"minecraft:cobblestone":95},"minecraft:crafted":{"minecraft:cooked_beef":16,"minecraft:oak_slab":6,"minecraft:oak_planks":20,"sophisticatedbackpacks:backpack":1,"minecraft:cooked_porkchop":13,"minecraft:crafting_table":1,"minecraft:wooden_pickaxe":2,"minecraft:cooked_chicken":12,"minecraft:furnace":2,"minecraft:cooked_mutton":10,"minecraft:air":0,"minecraft:jungle_planks":48,"minecraft:iron_chestplate":1,"minecraft:charcoal":1,"minecraft:stick":28,"minecraft:iron_pickaxe":1,"minecraft:chest":1,"minecraft:iron_ingot":19,"minecraft:stone_pickaxe":2,"minecraft:wooden_axe":2,"minecraft:stone_sword":1,"minecraft:torch":4,"minecraft:smoker":1},"minecraft:dropped":{"minecraft:feather":13,"minecraft:rotten_flesh":6,"minecraft:light_gray_wool":1,"regions_unexplored:cattail":1,"minecraft:gunpowder":1,"minecraft:oak_sapling":9,"minecraft:spider_eye":1,"farmersdelight:onion":2},"minecraft:killed":{"minecraft:pig":8,"minecraft:spider":3,"minecraft:creeper":1,"minecraft:sheep":7,"minecraft:zombie":5,"minecraft:chicken":16,"alexsmobs:bison":1,"minecraft:cow":8},"minecraft:custom":{"minecraft:interact_with_furnace":36,"minecraft:mob_kills":53,"minecraft:open_barrel":4,"minecraft:interact_with_crafting_table":18,"minecraft:leave_game":2,"minecraft:time_since_death":20245,"minecraft:sleep_in_bed":1,"minecraft:climb_one_cm":1379,"minecraft:time_since_rest":20267,"minecraft:sprint_one_cm":275347,"minecraft:damage_taken":1876,"minecraft:walk_one_cm":244389,"minecraft:drop":8,"minecraft:damage_dealt":5112,"minecraft:talked_to_villager":2,"minecraft:swim_one_cm":2465,"minecraft:fly_one_cm":84849,"minecraft:deaths":1,"minecraft:open_chest":7,"minecraft:crouch_one_cm":4935,"minecraft:play_time":92987,"tombstone:undead_killed":5,"minecraft:sneak_time":2204,"minecraft:walk_under_water_one_cm":2672,"minecraft:jump":1023,"minecraft:walk_on_water_one_cm":15337,"minecraft:interact_with_smoker":10,"minecraft:total_world_time":92987,"minecraft:fall_one_cm":14551},"minecraft:broken":{"minecraft:stone_pickaxe":1,"minecraft:wooden_axe":1},"minecraft:killed_by":{"minecraft:zombie":1},"minecraft:used":{"minecraft:cooked_mutton":11,"minecraft:diorite":2,"minecraft:stone_sword":110,"minecraft:stone_pickaxe":133,"minecraft:wooden_pickaxe":55,"minecraft:iron_sword":17,"minecraft:cooked_chicken":12,"minecraft:torch":13,"minecraft:dirt":19,"minecraft:crafting_table":7,"minecraft:white_bed":1,"minecraft:granite":6,"minecraft:smoker":1,"minecraft:wooden_axe":73,"minecraft:iron_pickaxe":25,"adorn:guide_book":1,"tombstone:grave_key":1,"minecraft:cobblestone":65,"minecraft:furnace":4,"minecraft:cooked_porkchop":3,"tombstone:gift":2,"alexsmobs:animal_dictionary":1,"minecraft:egg":5,"minecraft:cooked_beef":2}},"DataVersion":2975}