{"stats":{"minecraft:mined":{"minecraft:white_bed":2,"minecraft:smoker":1,"regions_unexplored:seeded_tall_grass":3,"minecraft:oak_fence":1,"regions_unexplored:cattail":3,"minecraft:crafting_table":7,"minecraft:torch":6,"minecraft:granite":6,"minecraft:calcite":34,"minecraft:grass_block":6,"minecraft:poppy":1,"gobber2:gobber2_lucky_block":4,"minecraft:jungle_log":16,"minecraft:campfire":1,"minecraft:tall_grass":3,"minecraft:copper_ore":4,"minecraft:cobblestone":1,"minecraft:diorite":2,"minecraft:wall_torch":9,"minecraft:skeleton_skull":1,"minecraft:large_fern":4,"minecraft:furnace":5,"minecraft:iron_ore":39,"regions_unexplored:plains_grass_block":2,"minecraft:grass":18,"regions_unexplored:seeded_grass":3,"minecraft:oak_log":24,"minecraft:coal_ore":65,"minecraft:vine":2,"minecraft:lantern":1,"minecraft:dirt":7,"regions_unexplored:medium_grass":2,"minecraft:stone":102,"minecraft:oak_leaves":1,"minecraft:fern":3},"minecraft:picked_up":{"minecraft:charcoal":2,"minecraft:crafting_table":7,"minecraft:feather":29,"minecraft:chicken":17,"minecraft:jungle_log":18,"minecraft:leather":10,"minecraft:smoker":1,"minecraft:potato":1,"minecraft:enchanted_book":1,"minecraft:oak_log":24,"gobber2:gobber2_gooey_bread_nether":1,"minecraft:gunpowder":1,"tombstone:gift":1,"minecraft:string":5,"minecraft:lantern":2,"minecraft:dirt":19,"minecraft:raw_copper":16,"minecraft:cooked_mutton":3,"minecraft:bone":1,"minecraft:apple":1,"gobber2:gobber2_gooey_beef":1,"minecraft:wheat_seeds":3,"minecraft:beef":16,"minecraft:calcite":34,"minecraft:light_gray_wool":1,"minecraft:iron_sword":1,"minecraft:egg":5,"minecraft:furnace":5,"minecraft:stick":3,"minecraft:raw_iron":38,"minecraft:oak_fence":1,"minecraft:torch":15,"minecraft:porkchop":17,"tombstone:grave_dust":5,"minecraft:diorite":2,"minecraft:white_bed":2,"minecraft:spider_eye":1,"regions_unexplored:cattail":1,"minecraft:bundle":1,"minecraft:arrow":1,"minecraft:rotten_flesh":7,"magistuarmory:rustedcrusader_boots":1,"minecraft:granite":6,"gobber2:gobber2_goo_nether":1,"minecraft:skeleton_skull":1,"minecraft:oak_sapling":12,"minecraft:black_wool":1,"minecraft:mutton":13,"minecraft:coal":94,"minecraft:white_wool":4,"minecraft:cobblestone":100},"minecraft:crafted":{"minecraft:cooked_beef":16,"minecraft:smooth_stone":3,"minecraft:oak_slab":6,"minecraft:oak_planks":20,"sophisticatedbackpacks:backpack":1,"minecraft:cooked_porkchop":13,"minecraft:crafting_table":1,"minecraft:iron_helmet":1,"minecraft:wooden_pickaxe":2,"minecraft:cooked_chicken":12,"minecraft:furnace":3,"ironfurnaces:iron_furnace":1,"minecraft:stone":3,"minecraft:cooked_mutton":10,"minecraft:air":0,"minecraft:jungle_planks":48,"minecraft:iron_boots":1,"minecraft:iron_chestplate":1,"minecraft:charcoal":1,"minecraft:shield":1,"minecraft:iron_leggings":1,"minecraft:stick":28,"minecraft:iron_pickaxe":1,"minecraft:chest":1,"minecraft:iron_ingot":38,"minecraft:stone_pickaxe":2,"minecraft:wooden_axe":2,"minecraft:stone_sword":1,"minecraft:torch":4,"minecraft:smoker":1},"minecraft:dropped":{"minecraft:feather":13,"minecraft:rotten_flesh":6,"minecraft:light_gray_wool":1,"regions_unexplored:cattail":1,"minecraft:gunpowder":1,"minecraft:oak_sapling":9,"minecraft:spider_eye":1,"farmersdelight:onion":2},"minecraft:killed":{"minecraft:pig":8,"minecraft:spider":3,"minecraft:creeper":1,"minecraft:sheep":7,"minecraft:zombie":5,"minecraft:chicken":16,"alexsmobs:bison":1,"minecraft:piglin_brute":3,"minecraft:cow":8},"minecraft:custom":{"minecraft:interact_with_furnace":57,"minecraft:mob_kills":56,"minecraft:open_barrel":4,"minecraft:interact_with_crafting_table":24,"minecraft:damage_dealt_resisted":64,"minecraft:leave_game":2,"minecraft:time_since_death":6335,"minecraft:sleep_in_bed":1,"minecraft:climb_one_cm":1379,"minecraft:time_since_rest":6358,"minecraft:sprint_one_cm":300430,"minecraft:damage_taken":2518,"minecraft:walk_one_cm":269406,"minecraft:drop":8,"minecraft:damage_dealt":5610,"minecraft:talked_to_villager":2,"minecraft:swim_one_cm":2465,"minecraft:fly_one_cm":92283,"minecraft:deaths":2,"minecraft:open_chest":7,"minecraft:crouch_one_cm":4935,"minecraft:play_time":104987,"tombstone:undead_killed":5,"minecraft:sneak_time":2204,"minecraft:walk_under_water_one_cm":2672,"minecraft:jump":1095,"minecraft:walk_on_water_one_cm":15337,"minecraft:interact_with_smoker":10,"minecraft:total_world_time":104987,"minecraft:fall_one_cm":14985},"minecraft:broken":{"minecraft:stone_pickaxe":1,"minecraft:wooden_axe":1},"minecraft:killed_by":{"minecraft:piglin_brute":1,"minecraft:zombie":1},"minecraft:used":{"minecraft:cooked_mutton":14,"minecraft:diorite":2,"minecraft:stone_sword":110,"minecraft:stone_pickaxe":133,"minecraft:wooden_pickaxe":55,"minecraft:iron_sword":31,"minecraft:cooked_chicken":12,"minecraft:torch":17,"minecraft:dirt":19,"minecraft:crafting_table":8,"minecraft:white_bed":2,"minecraft:granite":6,"minecraft:smoker":1,"minecraft:wooden_axe":73,"minecraft:iron_pickaxe":89,"ironfurnaces:iron_furnace":1,"adorn:guide_book":1,"tombstone:grave_key":2,"minecraft:cobblestone":65,"minecraft:furnace":5,"minecraft:cooked_porkchop":7,"tombstone:gift":4,"alexsmobs:animal_dictionary":1,"minecraft:egg":5,"minecraft:cooked_beef":2}},"DataVersion":2975}