{"stats":{"minecraft:crafted":{"minecraft:cooked_beef":8,"iceandfire:copper_ingot":11,"sophisticatedbackpacks:backpack":1,"minecraft:cooked_porkchop":9,"minecraft:crafting_table":1,"minecraft:cooked_chicken":0,"minecraft:wooden_pickaxe":1,"minecraft:iron_helmet":1,"minecraft:iron_sword":1,"minecraft:furnace":2,"ironfurnaces:iron_furnace":1,"minecraft:cooked_mutton":4,"minecraft:air":0,"minecraft:jungle_planks":48,"ironfurnaces:copper_furnace":1,"minecraft:iron_boots":1,"minecraft:iron_chestplate":1,"minecraft:stick":16,"minecraft:iron_ingot":10,"minecraft:iron_pickaxe":1,"minecraft:stone_pickaxe":1,"minecraft:wooden_axe":1,"minecraft:stone_sword":1,"minecraft:chest":1,"minecraft:iron_leggings":1,"sophisticatedbackpacks:iron_backpack":1,"minecraft:smoker":1},"minecraft:custom":{"minecraft:interact_with_furnace":59,"minecraft:mob_kills":26,"minecraft:interact_with_crafting_table":23,"minecraft:bell_ring":6,"minecraft:interact_with_stonecutter":1,"minecraft:time_since_death":104345,"minecraft:sleep_in_bed":4,"minecraft:time_since_rest":51994,"minecraft:sprint_one_cm":202468,"minecraft:damage_taken":321,"minecraft:walk_one_cm":173353,"minecraft:drop":9,"minecraft:damage_dealt":2380,"minecraft:talked_to_villager":1,"minecraft:swim_one_cm":10297,"minecraft:fly_one_cm":47981,"minecraft:open_chest":27,"tombstone:undead_killed":2,"minecraft:crouch_one_cm":494,"minecraft:play_time":104345,"minecraft:sneak_time":93,"minecraft:walk_under_water_one_cm":219,"minecraft:jump":498,"minecraft:walk_on_water_one_cm":2079,"minecraft:total_world_time":104345,"minecraft:interact_with_smoker":6,"minecraft:fall_one_cm":6701},"minecraft:picked_up":{"minecraft:crafting_table":6,"minecraft:feather":4,"minecraft:cooked_beef":2,"minecraft:chicken":3,"minecraft:jungle_log":12,"minecraft:brown_wool":1,"minecraft:leather":5,"minecraft:brown_mushroom":128,"minecraft:smoker":1,"minecraft:oak_log":5,"iceandfire:ectoplasm":4,"minecraft:string":13,"farmersdelight:tomato":4,"minecraft:dirt":16,"minecraft:red_bed":5,"minecraft:experience_bottle":1,"minecraft:zombie_head":1,"minecraft:apple":1,"iceandfire:pixie_jar_empty":1,"minecraft:wheat_seeds":1,"minecraft:iron_ingot":45,"minecraft:beef":12,"minecraft:sugar_cane":7,"ironfurnaces:iron_furnace":4,"minecraft:furnace":3,"minecraft:egg":3,"minecraft:raw_iron":105,"iceandfire:copper_nugget":105,"minecraft:cooked_porkchop":2,"minecraft:torch":1,"sophisticatedbackpacks:backpack":1,"minecraft:jungle_planks":22,"minecraft:porkchop":18,"farmersdelight:tomato_seeds":2,"minecraft:rotten_flesh":2,"ironfurnaces:copper_furnace":1,"minecraft:hay_block":7,"minecraft:emerald":1,"minecraft:gold_ingot":1,"minecraft:cobblestone":31,"minecraft:mutton":11,"minecraft:coal":227,"gobber2:gobber2_goo":1,"minecraft:white_wool":7,"iceandfire:copper_ingot":3},"minecraft:dropped":{"minecraft:glass_bottle":5,"minecraft:feather":2,"sophisticatedbackpacks:backpack":1,"iceandfire:copper_nugget":5,"minecraft:potion":1,"minecraft:string":3,"farmersdelight:tomato":2,"minecraft:white_wool":3,"minecraft:brick":6},"minecraft:used":{"minecraft:cooked_mutton":1,"ironfurnaces:copper_furnace":1,"gobber2:gobber2_goo":1,"minecraft:stone_sword":41,"minecraft:stone_pickaxe":132,"minecraft:wooden_pickaxe":18,"minecraft:iron_sword":18,"minecraft:cooked_chicken":2,"minecraft:torch":1,"minecraft:crafting_table":6,"minecraft:red_bed":4,"minecraft:smoker":1,"minecraft:wooden_axe":24,"minecraft:iron_pickaxe":36,"minecraft:stone_axe":13,"ironfurnaces:iron_furnace":4,"minecraft:cobblestone":2,"minecraft:furnace":2,"minecraft:cooked_porkchop":8,"alexsmobs:animal_dictionary":1,"minecraft:egg":3,"minecraft:cobweb":7,"minecraft:experience_bottle":1},"minecraft:killed":{"minecraft:pig":8,"minecraft:zombie_villager":1,"minecraft:sheep":8,"minecraft:horse":1,"minecraft:zombie":1,"minecraft:chicken":3,"minecraft:cow":4},"minecraft:broken":{"minecraft:stone_pickaxe":1},"minecraft:mined":{"iceandfire:pixie_jar_empty":1,"minecraft:acacia_leaves":2,"minecraft:red_bed":5,"iceandfire:copper_pile":12,"minecraft:smoker":1,"ironfurnaces:copper_furnace":1,"ironfurnaces:iron_furnace":4,"minecraft:crafting_table":6,"minecraft:grass_block":3,"gobber2:gobber2_lucky_block":1,"minecraft:jungle_log":12,"farmersdelight:cabbages":1,"minecraft:glass":1,"farmersdelight:tomatoes":2,"minecraft:sugar_cane":3,"minecraft:wall_torch":1,"minecraft:hay_block":7,"minecraft:furnace":3,"minecraft:iron_ore":86,"minecraft:grass":13,"minecraft:oak_log":5,"minecraft:coal_ore":53,"minecraft:vine":4,"minecraft:zombie_head":1,"minecraft:cobweb":7,"minecraft:stone":31,"minecraft:fern":1}},"DataVersion":2975}