{"stats":{"minecraft:mined":{"minecraft:white_bed":1,"minecraft:crafting_table":1,"minecraft:grass":5,"minecraft:grass_block":1,"minecraft:oak_log":4,"minecraft:vine":1,"minecraft:jungle_log":4,"minecraft:dirt":2,"minecraft:stone":13,"minecraft:fern":1},"minecraft:crafted":{"minecraft:oak_planks":16,"minecraft:crafting_table":1,"minecraft:stick":8,"minecraft:wooden_pickaxe":1,"minecraft:cooked_chicken":2,"minecraft:wooden_axe":1,"minecraft:furnace":1,"minecraft:air":0},"minecraft:picked_up":{"minecraft:crafting_table":1,"minecraft:feather":3,"minecraft:chicken":2,"minecraft:jungle_log":4,"minecraft:oak_log":4,"minecraft:white_bed":1,"minecraft:dirt":3,"minecraft:cobblestone":13,"minecraft:egg":1},"minecraft:killed":{"minecraft:chicken":2,"minecraft:spider":1},"minecraft:custom":{"minecraft:time_since_rest":8987,"minecraft:interact_with_furnace":2,"minecraft:sprint_one_cm":13074,"minecraft:damage_taken":240,"minecraft:walk_one_cm":20006,"minecraft:mob_kills":4,"minecraft:damage_dealt":410,"minecraft:interact_with_crafting_table":2,"minecraft:fly_one_cm":7570,"minecraft:play_time":8987,"minecraft:jump":53,"minecraft:leave_game":2,"minecraft:time_since_death":8987,"minecraft:total_world_time":8987,"minecraft:climb_one_cm":16,"minecraft:fall_one_cm":1111},"minecraft:used":{"minecraft:wooden_axe":20,"minecraft:wooden_pickaxe":13,"minecraft:cooked_chicken":2,"minecraft:crafting_table":2,"minecraft:furnace":1}},"DataVersion":2975}