{
  "minecraft:recipes/tools/fishing_rod": {
    "criteria": {
      "has_string": "2024-07-08 20:37:12 +0000"
    },
    "done": true
  },
  "dungeontactics:recipes/misc/convenience/planks_from_sticks": {
    "criteria": {
      "has_stick": "2024-07-09 23:53:51 +0000"
    },
    "done": true
  },
  "minecraft:recipes/decorations/purple_stained_glass_pane": {
    "criteria": {
      "has_glass": "2024-07-08 02:50:10 +0000"
    },
    "done": true
  },
  "connectedglass:recipes/buildingblocks/clear_glass_blue2": {
    "criteria": {
      "recipe_condition2": "2024-07-05 04:10:40 +0000"
    },
    "done": true
  },
  "minecraft:recipes/building_blocks/black_stained_glass": {
    "criteria": {
      "has_glass": "2024-07-08 02:50:10 +0000"
    },
    "done": true
  },
  "blue_skies:recipes/blocks/wood/starlit_chest": {
    "criteria": {
      "has_planks": "2024-07-08 20:16:55 +0000"
    },
    "done": true
  },
  "dungeontactics:recipes/weapons/stone_weapons": {
    "criteria": {
      "has_item": "2024-07-09 22:31:54 +0000"
    },
    "done": true
  },
  "connectedglass:recipes/decorations/scratched_glass_lime_pane2": {
    "criteria": {
      "recipe_condition2": "2024-07-05 04:10:40 +0000"
    },
    "done": true
  },
  "minecraft:recipes/redstone/lever": {
    "criteria": {
      "has_cobblestone": "2024-07-05 20:20:30 +0000"
    },
    "done": true
  },
  "tombstone:tutorial/first_knowledge": {
    "criteria": {
      "coded_trigger": "2024-07-11 23:28:41 +0000"
    },
    "done": true
  },
  "minecraft:recipes/building_blocks/acacia_wooden_slab": {
    "criteria": {
      "has_planks": "2024-07-05 20:18:37 +0000"
    },
    "done": true
  },
  "minecraft:recipes/combat/iron_sword": {
    "criteria": {
      "has_iron_ingot": "2024-07-05 20:41:09 +0000"
    },
    "done": true
  },
  "connectedglass:recipes/buildingblocks/clear_glass_orange2": {
    "criteria": {
      "recipe_condition2": "2024-07-05 04:10:40 +0000"
    },
    "done": true
  },
  "dungeontactics:recipes/misc/convenience/sticks_from_cactus": {
    "criteria": {
      "has_stick": "2024-07-09 23:53:51 +0000"
    },
    "done": true
  },
  "minecraft:recipes/building_blocks/lime_concrete_powder": {
    "criteria": {
      "has_sand": "2024-07-05 20:49:06 +0000"
    },
    "done": true
  },
  "minecraft:recipes/tools/iron_pickaxe": {
    "criteria": {
      "has_iron_ingot": "2024-07-05 20:41:09 +0000"
    },
    "done": true
  },
  "minecraft:recipes/building_blocks/gray_stained_glass": {
    "criteria": {
      "has_glass": "2024-07-08 02:50:10 +0000"
    },
    "done": true
  },
  "minecraft:recipes/building_blocks/yellow_concrete_powder": {
    "criteria": {
      "has_sand": "2024-07-05 20:49:06 +0000"
    },
    "done": true
  },
  "connectedglass:recipes/decorations/borderless_glass_pane1": {
    "criteria": {
      "recipe_condition": "2024-07-13 04:13:01 +0000"
    },
    "done": true
  },
  "minecraft:recipes/combat/leather_helmet": {
    "criteria": {
      "has_leather": "2024-07-05 21:58:21 +0000"
    },
    "done": true
  },
  "connectedglass:recipes/decorations/clear_glass_orange_pane2": {
    "criteria": {
      "recipe_condition2": "2024-07-05 04:10:40 +0000"
    },
    "done": true
  },
  "minecraft:recipes/decorations/crafting_table": {
    "criteria": {
      "has_the_recipe": "2024-07-05 20:18:28 +0000"
    },
    "done": true
  },
  "minecraft:recipes/building_blocks/magenta_wool": {
    "criteria": {
      "has_white_wool": "2024-07-05 21:20:41 +0000"
    },
    "done": true
  },
  "connectedglass:recipes/buildingblocks/borderless_glass_purple2": {
    "criteria": {
      "recipe_condition2": "2024-07-05 04:10:40 +0000"
    },
    "done": true
  },
  "minecraft:recipes/building_blocks/purple_stained_glass": {
    "criteria": {
      "has_glass": "2024-07-08 02:50:10 +0000"
    },
    "done": true
  },
  "minecraft:recipes/decorations/ladder": {
    "criteria": {
      "has_stick": "2024-07-05 20:18:33 +0000"
    },
    "done": true
  },
  "iceandfire:iceandfire/root": {
    "criteria": {
      "tick": "2024-07-09 22:31:56 +0000"
    },
    "done": true
  },
  "minecraft:recipes/misc/map": {
    "criteria": {
      "has_compass": "2024-07-13 00:33:37 +0000"
    },
    "done": true
  },
  "minecraft:recipes/decorations/chest": {
    "criteria": {
      "has_lots_of_items": "2024-07-05 20:20:30 +0000"
    },
    "done": true
  },
  "minecraft:recipes/combat/golden_sword": {
    "criteria": {
      "has_gold_ingot": "2024-07-05 21:02:29 +0000"
    },
    "done": true
  },
  "minecraft:recipes/decorations/magenta_stained_glass_pane": {
    "criteria": {
      "has_glass": "2024-07-08 02:50:10 +0000"
    },
    "done": true
  },
  "connectedglass:recipes/buildingblocks/tinted_borderless_glass_blue2": {
    "criteria": {
      "recipe_condition2": "2024-07-05 04:10:40 +0000"
    },
    "done": true
  },
  "mowziesmobs:kill_barakoana": {
    "criteria": {
      "barakoana": "2024-07-05 21:53:54 +0000"
    },
    "done": true
  },
  "minecraft:recipes/tools/wooden_shovel": {
    "criteria": {
      "has_stick": "2024-07-05 20:18:33 +0000"
    },
    "done": true
  },
  "minecraft:recipes/decorations/torch": {
    "criteria": {
      "has_stone_pickaxe": "2024-07-05 20:21:31 +0000"
    },
    "done": true
  },
  "connectedglass:recipes/buildingblocks/tinted_borderless_glass_orange2": {
    "criteria": {
      "recipe_condition2": "2024-07-05 04:10:40 +0000"
    },
    "done": true
  },
  "minecraft:recipes/tools/shears": {
    "criteria": {
      "has_iron_ingot": "2024-07-05 20:41:09 +0000"
    },
    "done": true
  },
  "minecraft:recipes/misc/stick": {
    "criteria": {
      "has_the_recipe": "2024-07-05 20:18:32 +0000"
    },
    "done": true
  },
  "connectedglass:recipes/buildingblocks/tinted_glass": {
    "criteria": {
      "recipe_condition": "2024-07-05 04:10:40 +0000"
    },
    "done": true
  },
  "connectedglass:recipes/decorations/borderless_glass_red_pane2": {
    "criteria": {
      "recipe_condition2": "2024-07-05 04:10:40 +0000"
    },
    "done": true
  },
  "minecraft:recipes/redstone/dispenser": {
    "criteria": {
      "has_bow": "2024-07-11 23:17:37 +0000"
    },
    "done": true
  },
  "minecraft:recipes/misc/pink_dye_from_red_bonemeal": {
    "criteria": {
      "has_red_dye": "2024-07-08 02:49:42 +0000"
    },
    "done": true
  },
  "dungeontactics:recipes/misc/convenience/string_from_wool": {
    "criteria": {
      "has_string": "2024-07-10 23:55:02 +0000"
    },
    "done": true
  },
  "dungeontactics:recipes/weapons/golden_weapons": {
    "criteria": {
      "has_item": "2024-07-09 22:31:54 +0000"
    },
    "done": true
  },
  "dungeontactics:recipes/misc/diamond": {
    "criteria": {
      "has_recipe": "2024-07-09 22:31:54 +0000"
    },
    "done": true
  },
  "minecraft:recipes/building_blocks/dark_oak_planks": {
    "criteria": {
      "has_log2": "2024-07-10 23:51:24 +0000"
    },
    "done": true
  },
  "minecraft:recipes/food/cake": {
    "criteria": {
      "has_egg": "2024-07-11 23:24:33 +0000"
    },
    "done": true
  },
  "dungeontactics:recipes/tools/boomglove": {
    "criteria": {
      "has_flint_and_steel": "2024-07-13 04:35:48 +0000"
    },
    "done": true
  },
  "minecraft:recipes/combat/iron_leggings": {
    "criteria": {
      "has_iron_ingot": "2024-07-05 20:41:09 +0000"
    },
    "done": true
  },
  "minecraft:recipes/redstone/dark_oak_door": {
    "criteria": {
      "has_planks": "2024-07-10 23:54:25 +0000"
    },
    "done": true
  },
  "minecraft:recipes/brewing/golden_carrot": {
    "criteria": {
      "has_gold_nugget": "2024-07-13 06:20:30 +0000"
    },
    "done": true
  },
  "minecraft:recipes/combat/shield": {
    "criteria": {
      "has_iron_ingot": "2024-07-05 20:41:09 +0000"
    },
    "done": true
  },
  "minecraft:recipes/building_blocks/cobblestone_slab": {
    "criteria": {
      "has_cobblestone": "2024-07-05 20:20:30 +0000"
    },
    "done": true
  },
  "connectedglass:recipes/buildingblocks/tinted_borderless_glass_white2": {
    "criteria": {
      "recipe_condition2": "2024-07-05 04:10:40 +0000"
    },
    "done": true
  },
  "minecraft:recipes/misc/iron_ingot_from_block": {
    "criteria": {
      "has_the_recipe": "2024-07-05 20:46:35 +0000"
    },
    "done": true
  },
  "connectedglass:recipes/buildingblocks/borderless_glass_gray2": {
    "criteria": {
      "recipe_condition2": "2024-07-05 04:10:40 +0000"
    },
    "done": true
  },
  "minecraft:recipes/redstone/hopper": {
    "criteria": {
      "has_iron_ingot": "2024-07-05 20:41:09 +0000"
    },
    "done": true
  },
  "connectedglass:recipes/buildingblocks/tinted_borderless_glass_light_blue2": {
    "criteria": {
      "recipe_condition2": "2024-07-05 04:10:40 +0000"
    },
    "done": true
  },
  "connectedglass:recipes/buildingblocks/clear_glass_green2": {
    "criteria": {
      "recipe_condition2": "2024-07-05 04:10:40 +0000"
    },
    "done": true
  },
  "minecraft:recipes/building_blocks/coarse_dirt": {
    "criteria": {
      "has_gravel": "2024-07-09 23:38:40 +0000"
    },
    "done": true
  },
  "minecraft:recipes/redstone/fence_gate": {
    "criteria": {
      "has_planks": "2024-07-08 21:52:11 +0000"
    },
    "done": true
  },
  "connectedglass:recipes/buildingblocks/scratched_glass_blue2": {
    "criteria": {
      "recipe_condition2": "2024-07-05 04:10:40 +0000"
    },
    "done": true
  },
  "minecraft:recipes/building_blocks/light_gray_concrete_powder": {
    "criteria": {
      "has_sand": "2024-07-05 20:49:06 +0000"
    },
    "done": true
  },
  "connectedglass:recipes/buildingblocks/borderless_glass_lime2": {
    "criteria": {
      "recipe_condition2": "2024-07-05 04:10:40 +0000"
    },
    "done": true
  },
  "mcwlights:recipes/redstone_slab": {
    "criteria": {
      "has_wood": "2024-07-09 22:31:54 +0000"
    },
    "done": true
  },
  "betteranimalsplus:shark_target_player": {
    "criteria": {
      "targeted": "2024-07-08 21:22:49 +0000"
    },
    "done": true
  },
  "minecraft:recipes/misc/lime_dye": {
    "criteria": {
      "has_bonemeal": "2024-07-13 01:21:32 +0000"
    },
    "done": true
  },
  "dungeontactics:dungeoneering/root": {
    "criteria": {
      "kill": "2024-07-09 22:44:00 +0000"
    },
    "done": true
  },
  "minecraft:recipes/combat/leather_leggings": {
    "criteria": {
      "has_leather": "2024-07-05 21:58:21 +0000"
    },
    "done": true
  },
  "minecraft:recipes/building_blocks/pink_concrete_powder": {
    "criteria": {
      "has_sand": "2024-07-05 20:49:06 +0000"
    },
    "done": true
  },
  "connectedglass:recipes/decorations/clear_glass_white_pane2": {
    "criteria": {
      "recipe_condition2": "2024-07-05 04:10:40 +0000"
    },
    "done": true
  },
  "minecraft:recipes/building_blocks/yellow_stained_glass": {
    "criteria": {
      "has_glass": "2024-07-08 02:50:10 +0000"
    },
    "done": true
  },
  "minecraft:recipes/decorations/acacia_fence": {
    "criteria": {
      "has_planks": "2024-07-05 20:18:37 +0000"
    },
    "done": true
  },
  "connectedglass:recipes/decorations/borderless_glass_black_pane2": {
    "criteria": {
      "recipe_condition2": "2024-07-05 04:10:40 +0000"
    },
    "done": true
  },
  "minecraft:recipes/decorations/magenta_bed_from_white_bed": {
    "criteria": {
      "has_bed": "2024-07-05 21:22:26 +0000"
    },
    "done": true
  },
  "minecraft:recipes/decorations/iron_bars": {
    "criteria": {
      "has_iron_ingot": "2024-07-05 20:41:09 +0000"
    },
    "done": true
  },
  "connectedglass:recipes/decorations/borderless_glass_cyan_pane2": {
    "criteria": {
      "recipe_condition2": "2024-07-05 04:10:40 +0000"
    },
    "done": true
  },
  "minecraft:recipes/misc/sugar": {
    "criteria": {
      "has_reeds": "2024-07-08 21:50:37 +0000"
    },
    "done": true
  },
  "connectedglass:recipes/buildingblocks/scratched_glass_red2": {
    "criteria": {
      "recipe_condition2": "2024-07-05 04:10:40 +0000"
    },
    "done": true
  },
  "minecraft:recipes/building_blocks/gold_block": {
    "criteria": {
      "has_at_least_9_gold_ingot": "2024-07-05 21:10:30 +0000"
    },
    "done": true
  },
  "minecraft:recipes/building_blocks/blue_wool": {
    "criteria": {
      "has_white_wool": "2024-07-05 21:20:41 +0000"
    },
    "done": true
  },
  "minecraft:recipes/misc/magenta_dye_from_purple_and_pink": {
    "criteria": {
      "has_pink_dye": "2024-07-13 03:00:30 +0000"
    },
    "done": true
  },
  "minecraft:story/obtain_armor": {
    "criteria": {
      "iron_leggings": "2024-07-05 20:41:18 +0000"
    },
    "done": true
  },
  "dungeontactics:recipes/misc/radio": {
    "criteria": {
      "has_stal": "2024-07-12 03:02:44 +0000"
    },
    "done": true
  },
  "minecraft:recipes/brewing/cauldron": {
    "criteria": {
      "has_water_bucket": "2024-07-08 03:55:28 +0000"
    },
    "done": true
  },
  "minecraft:recipes/combat/diamond_leggings": {
    "criteria": {
      "has_diamond": "2024-07-05 20:53:16 +0000"
    },
    "done": true
  },
  "minecraft:recipes/decorations/gray_stained_glass_pane": {
    "criteria": {
      "has_glass": "2024-07-08 02:50:10 +0000"
    },
    "done": true
  },
  "minecraft:recipes/decorations/armor_stand": {
    "criteria": {
      "has_stone_slab": "2024-07-08 21:32:09 +0000"
    },
    "done": true
  },
  "minecraft:recipes/building_blocks/sandstone": {
    "criteria": {
      "has_sand": "2024-07-05 20:49:06 +0000"
    },
    "done": true
  },
  "minecraft:adventure/sleep_in_bed": {
    "criteria": {
      "slept_in_bed": "2024-07-05 22:36:50 +0000"
    },
    "done": true
  },
  "minecraft:recipes/building_blocks/red_stained_glass": {
    "criteria": {
      "has_glass": "2024-07-08 02:50:10 +0000"
    },
    "done": true
  },
  "connectedglass:recipes/decorations/scratched_glass_silver_pane2": {
    "criteria": {
      "recipe_condition2": "2024-07-05 04:10:40 +0000"
    },
    "done": true
  },
  "tombstone:tutorial/enchant_grave_key": {
    "criteria": {
      "has_upgraded_grave_key": "2024-07-11 23:28:43 +0000"
    },
    "done": true
  },
  "blue_skies:recipes/blocks/wood/frostbright_fence": {
    "criteria": {
      "has_item": "2024-07-08 20:16:55 +0000"
    },
    "done": true
  },
  "minecraft:story/lava_bucket": {
    "criteria": {
      "lava_bucket": "2024-07-08 22:56:01 +0000"
    },
    "done": true
  },
  "connectedglass:recipes/decorations/scratched_glass_magenta_pane2": {
    "criteria": {
      "recipe_condition2": "2024-07-05 04:10:40 +0000"
    },
    "done": true
  },
  "minecraft:recipes/building_blocks/oak_stairs": {
    "criteria": {
      "has_planks": "2024-07-08 21:52:11 +0000"
    },
    "done": true
  },
  "minecraft:recipes/transportation/acacia_boat": {
    "criteria": {
      "entered_water": "2024-07-05 20:28:19 +0000"
    },
    "done": true
  },
  "connectedglass:recipes/buildingblocks/clear_glass_brown2": {
    "criteria": {
      "recipe_condition2": "2024-07-05 04:10:40 +0000"
    },
    "done": true
  },
  "minecraft:recipes/redstone/iron_trapdoor": {
    "criteria": {
      "has_iron_ingot": "2024-07-05 20:41:09 +0000"
    },
    "done": true
  },
  "minecraft:adventure/root": {
    "criteria": {
      "killed_something": "2024-07-05 20:19:28 +0000"
    },
    "done": true
  },
  "connectedglass:recipes/buildingblocks/clear_glass_black2": {
    "criteria": {
      "recipe_condition2": "2024-07-05 04:10:40 +0000"
    },
    "done": true
  },
  "connectedglass:recipes/buildingblocks/tinted_borderless_glass_green2": {
    "criteria": {
      "recipe_condition2": "2024-07-05 04:10:40 +0000"
    },
    "done": true
  },
  "minecraft:recipes/decorations/gray_bed_from_white_bed": {
    "criteria": {
      "has_bed": "2024-07-05 21:22:26 +0000"
    },
    "done": true
  },
  "minecraft:recipes/building_blocks/white_concrete_powder": {
    "criteria": {
      "has_sand": "2024-07-05 20:49:06 +0000"
    },
    "done": true
  },
  "minecraft:recipes/tools/diamond_pickaxe": {
    "criteria": {
      "has_diamond": "2024-07-05 20:53:16 +0000"
    },
    "done": true
  },
  "minecraft:adventure/kill_all_mobs": {
    "criteria": {
      "zombie_villager": "2024-07-05 20:53:26 +0000",
      "skeleton": "2024-07-05 20:28:38 +0000",
      "husk": "2024-07-05 22:36:24 +0000",
      "zombie": "2024-07-05 20:36:09 +0000",
      "witch": "2024-07-08 21:23:40 +0000",
      "spider": "2024-07-08 20:30:58 +0000",
      "creeper": "2024-07-08 22:30:41 +0000",
      "enderman": "2024-07-08 23:19:05 +0000"
    },
    "done": false
  },
  "connectedglass:recipes/buildingblocks/scratched_glass_orange2": {
    "criteria": {
      "recipe_condition2": "2024-07-05 04:10:40 +0000"
    },
    "done": true
  },
  "minecraft:recipes/misc/ender_eye": {
    "criteria": {
      "has_blaze_powder": "2024-07-08 21:36:21 +0000"
    },
    "done": true
  },
  "connectedglass:recipes/decorations/scratched_glass_blue_pane2": {
    "criteria": {
      "recipe_condition2": "2024-07-05 04:10:40 +0000"
    },
    "done": true
  },
  "connectedglass:recipes/buildingblocks/tinted_borderless_glass_brown2": {
    "criteria": {
      "recipe_condition2": "2024-07-05 04:10:40 +0000"
    },
    "done": true
  },
  "connectedglass:recipes/buildingblocks/borderless_glass_blue2": {
    "criteria": {
      "recipe_condition2": "2024-07-05 04:10:40 +0000"
    },
    "done": true
  },
  "minecraft:recipes/redstone/redstone_block": {
    "criteria": {
      "has_at_least_9_redstone": "2024-07-08 23:40:22 +0000"
    },
    "done": true
  },
  "connectedglass:recipes/decorations/scratched_glass_light_blue_pane2": {
    "criteria": {
      "recipe_condition2": "2024-07-05 04:10:40 +0000"
    },
    "done": true
  },
  "minecraft:recipes/decorations/pink_bed_from_white_bed": {
    "criteria": {
      "has_bed": "2024-07-05 21:22:26 +0000"
    },
    "done": true
  },
  "minecraft:recipes/building_blocks/lime_stained_glass": {
    "criteria": {
      "has_glass": "2024-07-08 02:50:10 +0000"
    },
    "done": true
  },
  "minecraft:recipes/decorations/pink_stained_glass_pane": {
    "criteria": {
      "has_glass": "2024-07-08 02:50:10 +0000"
    },
    "done": true
  },
  "connectedglass:recipes/decorations/clear_glass_gray_pane2": {
    "criteria": {
      "recipe_condition2": "2024-07-05 04:10:40 +0000"
    },
    "done": true
  },
  "minecraft:recipes/misc/light_gray_dye_from_azure_bluet": {
    "criteria": {
      "has_red_flower": "2024-07-13 06:37:57 +0000"
    },
    "done": true
  },
  "minecraft:recipes/redstone/dark_oak_fence_gate": {
    "criteria": {
      "has_planks": "2024-07-10 23:54:25 +0000"
    },
    "done": true
  },
  "dungeontactics:recipes/misc/rings": {
    "criteria": {
      "has_iron": "2024-07-11 00:15:20 +0000"
    },
    "done": true
  },
  "minecraft:recipes/building_blocks/light_blue_stained_glass": {
    "criteria": {
      "has_glass": "2024-07-08 02:50:10 +0000"
    },
    "done": true
  },
  "minecraft:recipes/building_blocks/brick_block": {
    "criteria": {
      "has_brick": "2024-07-13 00:43:33 +0000"
    },
    "done": true
  },
  "minecraft:recipes/building_blocks/orange_concrete_powder": {
    "criteria": {
      "has_sand": "2024-07-05 20:49:06 +0000"
    },
    "done": true
  },
  "minecraft:recipes/decorations/blue_stained_glass_pane": {
    "criteria": {
      "has_glass": "2024-07-08 02:50:10 +0000"
    },
    "done": true
  },
  "connectedglass:recipes/decorations/clear_glass_light_blue_pane2": {
    "criteria": {
      "recipe_condition2": "2024-07-05 04:10:40 +0000"
    },
    "done": true
  },
  "treasure2:recipes/skull_chest": {
    "criteria": {
      "has_skull": "2024-07-12 03:02:35 +0000"
    },
    "done": true
  },
  "connectedglass:recipes/decorations/borderless_glass_yellow_pane2": {
    "criteria": {
      "recipe_condition2": "2024-07-05 04:10:40 +0000"
    },
    "done": true
  },
  "blue_skies:recipes/blocks/utility/lunar_furnace": {
    "criteria": {
      "has_stone": "2024-07-08 20:16:55 +0000"
    },
    "done": true
  },
  "blue_skies:recipes/blocks/wood/cherry_chest": {
    "criteria": {
      "has_planks": "2024-07-08 20:16:55 +0000"
    },
    "done": true
  },
  "dungeontactics:recipes/weapons/slingshot": {
    "criteria": {
      "has_item": "2024-07-10 23:55:02 +0000"
    },
    "done": true
  },
  "dungeontactics:recipes/armour/golden_plate_armour": {
    "criteria": {
      "has_item": "2024-07-09 22:31:54 +0000"
    },
    "done": true
  },
  "minecraft:recipes/misc/cyan_dye": {
    "criteria": {
      "has_lapis": "2024-07-05 21:03:08 +0000"
    },
    "done": true
  },
  "dungeontactics:recipes/misc/ration": {
    "criteria": {
      "has_item": "2024-07-09 22:44:00 +0000"
    },
    "done": true
  },
  "minecraft:recipes/building_blocks/black_wool": {
    "criteria": {
      "has_white_wool": "2024-07-05 21:20:41 +0000"
    },
    "done": true
  },
  "minecraft:recipes/combat/golden_chestplate": {
    "criteria": {
      "has_gold_ingot": "2024-07-05 21:02:29 +0000"
    },
    "done": true
  },
  "dungeontactics:recipes/tools/ducttape": {
    "criteria": {
      "has_anvil": "2024-07-10 00:22:10 +0000"
    },
    "done": true
  },
  "minecraft:recipes/misc/magenta_dye_from_lapis_red_pink": {
    "criteria": {
      "has_lapis": "2024-07-05 21:03:08 +0000"
    },
    "done": true
  },
  "connectedglass:recipes/buildingblocks/borderless_glass_red2": {
    "criteria": {
      "recipe_condition2": "2024-07-05 04:10:40 +0000"
    },
    "done": true
  },
  "minecraft:recipes/brewing/glass_bottle": {
    "criteria": {
      "has_glass": "2024-07-08 02:50:10 +0000"
    },
    "done": true
  },
  "treasure2:recipes/thiefs_lock_pick": {
    "criteria": {
      "has_iron_ingot": "2024-07-05 20:41:09 +0000"
    },
    "done": true
  },
  "connectedglass:recipes/buildingblocks/borderless_glass_black2": {
    "criteria": {
      "recipe_condition2": "2024-07-05 04:10:40 +0000"
    },
    "done": true
  },
  "minecraft:recipes/decorations/light_blue_stained_glass_pane": {
    "criteria": {
      "has_glass": "2024-07-08 02:50:10 +0000"
    },
    "done": true
  },
  "tombstone:tutorial/find_grave_dust": {
    "criteria": {
      "has_grave_dust": "2024-07-11 23:17:36 +0000"
    },
    "done": true
  },
  "minecraft:recipes/misc/light_gray_dye_from_gray_bonemeal": {
    "criteria": {
      "has_bonemeal": "2024-07-13 01:21:32 +0000"
    },
    "done": true
  },
  "minecraft:recipes/building_blocks/iron_block": {
    "criteria": {
      "has_at_least_9_iron_ingot": "2024-07-05 20:46:35 +0000"
    },
    "done": true
  },
  "minecraft:recipes/misc/red_dye_from_poppy": {
    "criteria": {
      "has_red_flower": "2024-07-08 02:47:45 +0000"
    },
    "done": true
  },
  "connectedglass:recipes/decorations/scratched_glass_white_pane2": {
    "criteria": {
      "recipe_condition2": "2024-07-05 04:10:40 +0000"
    },
    "done": true
  },
  "minecraft:recipes/redstone/wooden_pressure_plate": {
    "criteria": {
      "has_planks": "2024-07-05 20:18:37 +0000"
    },
    "done": true
  },
  "treasure2:recipes/treasure_tool": {
    "criteria": {
      "has_iron_ingot": "2024-07-05 20:41:09 +0000"
    },
    "done": true
  },
  "mowziesmobs:root": {
    "criteria": {
      "custom_test_name": "2024-07-05 04:10:40 +0000"
    },
    "done": true
  },
  "minecraft:recipes/misc/yellow_dye_from_dandelion": {
    "criteria": {
      "has_yellow_flower": "2024-07-05 22:09:36 +0000"
    },
    "done": true
  },
  "minecraft:recipes/building_blocks/clay": {
    "criteria": {
      "has_clay_ball": "2024-07-08 21:19:02 +0000"
    },
    "done": true
  },
  "minecraft:recipes/building_blocks/green_stained_glass": {
    "criteria": {
      "has_glass": "2024-07-08 02:50:10 +0000"
    },
    "done": true
  },
  "tombstone:tutorial/chain_death": {
    "criteria": {
      "coded_trigger": "2024-07-11 23:29:03 +0000"
    },
    "done": true
  },
  "minecraft:story/deflect_arrow": {
    "criteria": {
      "deflected_projectile": "2024-07-05 20:39:29 +0000"
    },
    "done": true
  },
  "minecraft:recipes/building_blocks/light_blue_wool": {
    "criteria": {
      "has_white_wool": "2024-07-05 21:20:41 +0000"
    },
    "done": true
  },
  "minecraft:recipes/combat/wooden_sword": {
    "criteria": {
      "has_stick": "2024-07-05 20:18:33 +0000"
    },
    "done": true
  },
  "minecraft:recipes/redstone/wooden_button": {
    "criteria": {
      "has_planks": "2024-07-05 20:18:37 +0000"
    },
    "done": true
  },
  "minecraft:recipes/building_blocks/oak_planks": {
    "criteria": {
      "has_log": "2024-07-08 21:12:59 +0000"
    },
    "done": true
  },
  "mcwlights:recipes/glowstone_slab": {
    "criteria": {
      "has_wood": "2024-07-09 22:31:54 +0000"
    },
    "done": true
  },
  "connectedglass:recipes/decorations/borderless_glass_green_pane2": {
    "criteria": {
      "recipe_condition2": "2024-07-05 04:10:40 +0000"
    },
    "done": true
  },
  "minecraft:recipes/building_blocks/gray_concrete_powder": {
    "criteria": {
      "has_sand": "2024-07-05 20:49:06 +0000"
    },
    "done": true
  },
  "minecraft:recipes/decorations/light_blue_carpet": {
    "criteria": {
      "has_light_blue_wool": "2024-07-13 03:04:48 +0000"
    },
    "done": true
  },
  "minecraft:recipes/building_blocks/bookshelf": {
    "criteria": {
      "has_book": "2024-07-05 21:08:01 +0000"
    },
    "done": true
  },
  "minecraft:recipes/tools/golden_axe": {
    "criteria": {
      "has_gold_ingot": "2024-07-05 21:02:29 +0000"
    },
    "done": true
  },
  "minecraft:recipes/decorations/fence": {
    "criteria": {
      "has_planks": "2024-07-08 21:52:11 +0000"
    },
    "done": true
  },
  "dungeontactics:recipes/tools/climbing_rope": {
    "criteria": {
      "has_item": "2024-07-10 23:55:02 +0000"
    },
    "done": true
  },
  "connectedglass:recipes/decorations/borderless_glass_white_pane2": {
    "criteria": {
      "recipe_condition2": "2024-07-05 04:10:40 +0000"
    },
    "done": true
  },
  "minecraft:recipes/tools/iron_axe": {
    "criteria": {
      "has_iron_ingot": "2024-07-05 20:41:09 +0000"
    },
    "done": true
  },
  "connectedglass:recipes/decorations/scratched_glass_red_pane2": {
    "criteria": {
      "recipe_condition2": "2024-07-05 04:10:40 +0000"
    },
    "done": true
  },
  "mcwlights:recipes/sea_lantern_slab": {
    "criteria": {
      "has_wood": "2024-07-09 22:31:54 +0000"
    },
    "done": true
  },
  "minecraft:recipes/redstone/tripwire_hook": {
    "criteria": {
      "has_string": "2024-07-08 20:37:12 +0000"
    },
    "done": true
  },
  "connectedglass:recipes/decorations/borderless_glass_brown_pane2": {
    "criteria": {
      "recipe_condition2": "2024-07-05 04:10:40 +0000"
    },
    "done": true
  },
  "minecraft:recipes/building_blocks/dark_oak_wooden_slab": {
    "criteria": {
      "has_the_recipe": "2024-07-10 23:54:06 +0000"
    },
    "done": true
  },
  "minecraft:recipes/combat/iron_boots": {
    "criteria": {
      "has_iron_ingot": "2024-07-05 20:41:09 +0000"
    },
    "done": true
  },
  "minecraft:recipes/building_blocks/birch_planks": {
    "criteria": {
      "has_log": "2024-07-11 00:18:41 +0000"
    },
    "done": true
  },
  "minecraft:recipes/misc/bone_meal_from_bone": {
    "criteria": {
      "has_bone": "2024-07-05 20:42:47 +0000"
    },
    "done": true
  },
  "minecraft:recipes/building_blocks/black_concrete_powder": {
    "criteria": {
      "has_sand": "2024-07-05 20:49:06 +0000"
    },
    "done": true
  },
  "connectedglass:recipes/decorations/clear_glass_brown_pane2": {
    "criteria": {
      "recipe_condition2": "2024-07-05 04:10:40 +0000"
    },
    "done": true
  },
  "minecraft:story/iron_tools": {
    "criteria": {
      "iron_pickaxe": "2024-07-05 20:52:37 +0000"
    },
    "done": true
  },
  "connectedglass:recipes/buildingblocks/tinted_borderless_glass_gray2": {
    "criteria": {
      "recipe_condition2": "2024-07-05 04:10:40 +0000"
    },
    "done": true
  },
  "blue_skies:recipes/blocks/wood/frostbright_chest": {
    "criteria": {
      "has_planks": "2024-07-08 20:16:55 +0000"
    },
    "done": true
  },
  "minecraft:recipes/redstone/stone_button": {
    "criteria": {
      "has_stone": "2024-07-08 21:45:25 +0000"
    },
    "done": true
  },
  "minecraft:recipes/combat/iron_chestplate": {
    "criteria": {
      "has_iron_ingot": "2024-07-05 20:41:09 +0000"
    },
    "done": true
  },
  "dungeontactics:dungeoneering/born_survivor": {
    "criteria": {
      "stab": "2024-07-09 22:31:54 +0000",
      "cherrybomb": "2024-07-09 23:08:50 +0000",
      "heart": "2024-07-09 23:36:25 +0000"
    },
    "done": false
  },
  "connectedglass:recipes/buildingblocks/clear_glass_purple2": {
    "criteria": {
      "recipe_condition2": "2024-07-05 04:10:40 +0000"
    },
    "done": true
  },
  "minecraft:recipes/building_blocks/yellow_wool": {
    "criteria": {
      "has_white_wool": "2024-07-05 21:20:41 +0000"
    },
    "done": true
  },
  "connectedglass:recipes/decorations/clear_glass_cyan_pane2": {
    "criteria": {
      "recipe_condition2": "2024-07-05 04:10:40 +0000"
    },
    "done": true
  },
  "connectedglass:recipes/buildingblocks/clear_glass_lime2": {
    "criteria": {
      "recipe_condition2": "2024-07-05 04:10:40 +0000"
    },
    "done": true
  },
  "connectedglass:recipes/buildingblocks/borderless_glass_cyan2": {
    "criteria": {
      "recipe_condition2": "2024-07-05 04:10:40 +0000"
    },
    "done": true
  },
  "minecraft:recipes/redstone/noteblock": {
    "criteria": {
      "has_redstone": "2024-07-08 21:50:37 +0000"
    },
    "done": true
  },
  "minecraft:recipes/building_blocks/red_concrete_powder": {
    "criteria": {
      "has_sand": "2024-07-05 20:49:06 +0000"
    },
    "done": true
  },
  "minecraft:recipes/decorations/light_blue_bed_from_white_bed": {
    "criteria": {
      "has_bed": "2024-07-05 21:22:26 +0000"
    },
    "done": true
  },
  "connectedglass:recipes/buildingblocks/scratched_glass_brown2": {
    "criteria": {
      "recipe_condition2": "2024-07-05 04:10:40 +0000"
    },
    "done": true
  },
  "tombstone:tutorial/root": {
    "criteria": {
      "auto": "2024-07-10 22:47:46 +0000"
    },
    "done": true
  },
  "minecraft:adventure/kill_a_mob": {
    "criteria": {
      "skeleton": "2024-07-05 20:28:38 +0000"
    },
    "done": true
  },
  "connectedglass:recipes/buildingblocks/tinted_borderless_glass_pink2": {
    "criteria": {
      "recipe_condition2": "2024-07-05 04:10:40 +0000"
    },
    "done": true
  },
  "connectedglass:recipes/decorations/clear_glass_lime_pane2": {
    "criteria": {
      "recipe_condition2": "2024-07-05 04:10:40 +0000"
    },
    "done": true
  },
  "minecraft:recipes/tools/golden_pickaxe": {
    "criteria": {
      "has_gold_ingot": "2024-07-05 21:02:29 +0000"
    },
    "done": true
  },
  "connectedglass:recipes/buildingblocks/tinted_borderless_glass_red2": {
    "criteria": {
      "recipe_condition2": "2024-07-05 04:10:40 +0000"
    },
    "done": true
  },
  "minecraft:recipes/redstone/sticky_piston": {
    "criteria": {
      "has_slime_ball": "2024-07-08 21:36:21 +0000"
    },
    "done": true
  },
  "dungeontactics:recipes/misc/lantern_iron": {
    "criteria": {
      "has_torch": "2024-07-09 22:31:54 +0000"
    },
    "done": true
  },
  "connectedglass:recipes/buildingblocks/scratched_glass_lime2": {
    "criteria": {
      "recipe_condition2": "2024-07-05 04:10:40 +0000"
    },
    "done": true
  },
  "minecraft:recipes/brewing/magma_cream": {
    "criteria": {
      "has_blaze_powder": "2024-07-08 21:36:21 +0000"
    },
    "done": true
  },
  "minecraft:recipes/misc/gray_dye": {
    "criteria": {
      "has_bonemeal": "2024-07-13 01:21:32 +0000"
    },
    "done": true
  },
  "minecraft:adventure/adventuring_time": {
    "criteria": {
      "forest": "2024-07-05 21:09:34 +0000",
      "swampland": "2024-07-08 21:18:49 +0000",
      "birch_forest": "2024-07-08 21:31:39 +0000",
      "deep_ocean": "2024-07-08 21:17:28 +0000",
      "beaches": "2024-07-08 03:14:14 +0000",
      "desert_hills": "2024-07-05 20:27:48 +0000",
      "forest_hills": "2024-07-08 03:08:18 +0000",
      "savanna": "2024-07-05 04:10:40 +0000",
      "plains": "2024-07-05 21:09:29 +0000",
      "savanna_rock": "2024-07-05 21:18:04 +0000",
      "taiga": "2024-07-13 06:39:27 +0000",
      "birch_forest_hills": "2024-07-08 21:35:21 +0000",
      "ocean": "2024-07-08 03:44:38 +0000",
      "extreme_hills": "2024-07-13 06:39:05 +0000",
      "roofed_forest": "2024-07-08 21:34:53 +0000",
      "river": "2024-07-05 21:08:38 +0000",
      "desert": "2024-07-05 20:27:46 +0000"
    },
    "done": false
  },
  "minecraft:recipes/decorations/purple_bed_from_white_bed": {
    "criteria": {
      "has_bed": "2024-07-05 21:22:26 +0000"
    },
    "done": true
  },
  "minecraft:recipes/misc/book": {
    "criteria": {
      "has_paper": "2024-07-09 00:05:59 +0000"
    },
    "done": true
  },
  "minecraft:recipes/combat/stone_sword": {
    "criteria": {
      "has_cobblestone": "2024-07-05 20:20:30 +0000"
    },
    "done": true
  },
  "minecraft:recipes/decorations/cobblestone_wall": {
    "criteria": {
      "has_cobblestone": "2024-07-05 20:20:30 +0000"
    },
    "done": true
  },
  "minecraft:recipes/decorations/light_blue_banner": {
    "criteria": {
      "has_light_blue_wool": "2024-07-13 03:04:48 +0000"
    },
    "done": true
  },
  "blue_skies:recipes/blocks/wood/dusk_chest": {
    "criteria": {
      "has_planks": "2024-07-08 20:16:55 +0000"
    },
    "done": true
  },
  "minecraft:recipes/tools/stone_pickaxe": {
    "criteria": {
      "has_cobblestone": "2024-07-05 20:20:30 +0000"
    },
    "done": true
  },
  "connectedglass:recipes/buildingblocks/borderless_glass_pink2": {
    "criteria": {
      "recipe_condition2": "2024-07-05 04:10:40 +0000"
    },
    "done": true
  },
  "connectedglass:recipes/decorations/scratched_glass_gray_pane2": {
    "criteria": {
      "recipe_condition2": "2024-07-05 04:10:40 +0000"
    },
    "done": true
  },
  "minecraft:recipes/building_blocks/brown_stained_glass": {
    "criteria": {
      "has_glass": "2024-07-08 02:50:10 +0000"
    },
    "done": true
  },
  "minecraft:recipes/redstone/stone_pressure_plate": {
    "criteria": {
      "has_stone": "2024-07-08 21:45:25 +0000"
    },
    "done": true
  },
  "minecraft:recipes/transportation/boat": {
    "criteria": {
      "entered_water": "2024-07-05 20:28:19 +0000"
    },
    "done": true
  },
  "minecraft:recipes/misc/purple_dye": {
    "criteria": {
      "has_lapis": "2024-07-05 21:03:08 +0000"
    },
    "done": true
  },
  "minecraft:recipes/combat/leather_boots": {
    "criteria": {
      "has_leather": "2024-07-05 21:58:21 +0000"
    },
    "done": true
  },
  "connectedglass:recipes/decorations/scratched_glass_black_pane2": {
    "criteria": {
      "recipe_condition2": "2024-07-05 04:10:40 +0000"
    },
    "done": true
  },
  "blue_skies:rewards/blue_lore": {
    "criteria": {
      "tick": "2024-07-08 20:16:56 +0000"
    },
    "done": true
  },
  "mcwlights:recipes/paper_lamp": {
    "criteria": {
      "paper": "2024-07-09 22:31:54 +0000"
    },
    "done": true
  },
  "blue_skies:recipes/blocks/wood/maple_fence": {
    "criteria": {
      "has_item": "2024-07-08 20:16:55 +0000"
    },
    "done": true
  },
  "minecraft:recipes/building_blocks/light_gray_stained_glass": {
    "criteria": {
      "has_glass": "2024-07-08 02:50:10 +0000"
    },
    "done": true
  },
  "dungeontactics:recipes/misc/convenience/books_from_shelves": {
    "criteria": {
      "has_book": "2024-07-09 22:31:54 +0000"
    },
    "done": true
  },
  "minecraft:recipes/building_blocks/diamond_block": {
    "criteria": {
      "has_at_least_9_diamond": "2024-07-05 21:08:32 +0000"
    },
    "done": true
  },
  "minecraft:recipes/decorations/red_stained_glass_pane": {
    "criteria": {
      "has_glass": "2024-07-08 02:50:10 +0000"
    },
    "done": true
  },
  "minecraft:recipes/decorations/flower_pot": {
    "criteria": {
      "has_brick": "2024-07-13 00:43:33 +0000"
    },
    "done": true
  },
  "connectedglass:recipes/buildingblocks/scratched_glass_magenta2": {
    "criteria": {
      "recipe_condition2": "2024-07-05 04:10:40 +0000"
    },
    "done": true
  },
  "minecraft:recipes/building_blocks/lapis_block": {
    "criteria": {
      "has_at_least_9_lapis": "2024-07-05 21:03:14 +0000"
    },
    "done": true
  },
  "connectedglass:recipes/buildingblocks/clear_glass_silver2": {
    "criteria": {
      "recipe_condition2": "2024-07-05 04:10:40 +0000"
    },
    "done": true
  },
  "connectedglass:recipes/buildingblocks/scratched_glass_green2": {
    "criteria": {
      "recipe_condition2": "2024-07-05 04:10:40 +0000"
    },
    "done": true
  },
  "dungeontactics:recipes/armour/stone_plate_armour": {
    "criteria": {
      "has_item": "2024-07-09 22:31:54 +0000"
    },
    "done": true
  },
  "cfm:root": {
    "criteria": {
      "tick": "2024-07-05 04:10:40 +0000"
    },
    "done": true
  },
  "tombstone:tutorial/ashes_and_bones": {
    "criteria": {
      "coded_trigger": "2024-07-12 03:01:35 +0000"
    },
    "done": true
  },
  "connectedglass:recipes/decorations/borderless_glass_orange_pane2": {
    "criteria": {
      "recipe_condition2": "2024-07-05 04:10:40 +0000"
    },
    "done": true
  },
  "minecraft:recipes/misc/diamond": {
    "criteria": {
      "has_the_recipe": "2024-07-05 21:08:32 +0000"
    },
    "done": true
  },
  "minecraft:recipes/misc/bone_meal_from_block": {
    "criteria": {
      "has_the_recipe": "2024-07-13 01:21:32 +0000"
    },
    "done": true
  },
  "minecraft:recipes/building_blocks/polished_diorite": {
    "criteria": {
      "has_stone": "2024-07-05 20:20:44 +0000"
    },
    "done": true
  },
  "minecraft:recipes/building_blocks/light_gray_wool": {
    "criteria": {
      "has_white_wool": "2024-07-05 21:20:41 +0000"
    },
    "done": true
  },
  "minecraft:recipes/decorations/red_bed_from_white_bed": {
    "criteria": {
      "has_bed": "2024-07-05 21:22:26 +0000"
    },
    "done": true
  },
  "minecraft:recipes/building_blocks/acacia_stairs": {
    "criteria": {
      "has_planks": "2024-07-05 20:18:37 +0000"
    },
    "done": true
  },
  "minecraft:recipes/building_blocks/red_wool": {
    "criteria": {
      "has_white_wool": "2024-07-05 21:20:41 +0000"
    },
    "done": true
  },
  "minecraft:recipes/misc/light_gray_dye_from_oxeye_daisy": {
    "criteria": {
      "has_red_flower": "2024-07-08 22:35:46 +0000"
    },
    "done": true
  },
  "minecraft:recipes/misc/orange_dye_from_red_yellow": {
    "criteria": {
      "has_red_dye": "2024-07-08 02:49:42 +0000"
    },
    "done": true
  },
  "connectedglass:recipes/buildingblocks/clear_glass_light_blue2": {
    "criteria": {
      "recipe_condition2": "2024-07-05 04:10:40 +0000"
    },
    "done": true
  },
  "minecraft:recipes/tools/stone_axe": {
    "criteria": {
      "has_cobblestone": "2024-07-05 20:20:30 +0000"
    },
    "done": true
  },
  "minecraft:recipes/misc/fire_charge": {
    "criteria": {
      "has_blaze_powder": "2024-07-08 21:36:21 +0000"
    },
    "done": true
  },
  "dungeontactics:recipes/weapons/diamond_weapons": {
    "criteria": {
      "has_item": "2024-07-09 22:31:54 +0000"
    },
    "done": true
  },
  "connectedglass:recipes/decorations/clear_glass_purple_pane2": {
    "criteria": {
      "recipe_condition2": "2024-07-05 04:10:40 +0000"
    },
    "done": true
  },
  "minecraft:recipes/building_blocks/purple_wool": {
    "criteria": {
      "has_white_wool": "2024-07-05 21:20:41 +0000"
    },
    "done": true
  },
  "minecraft:recipes/building_blocks/magenta_concrete_powder": {
    "criteria": {
      "has_sand": "2024-07-05 20:49:06 +0000"
    },
    "done": true
  },
  "connectedglass:recipes/decorations/scratched_glass_orange_pane2": {
    "criteria": {
      "recipe_condition2": "2024-07-05 04:10:40 +0000"
    },
    "done": true
  },
  "dungeontactics:recipes/armour/diamond_plate_armour": {
    "criteria": {
      "has_item": "2024-07-09 22:31:54 +0000"
    },
    "done": true
  },
  "connectedglass:recipes/decorations/borderless_glass_silver_pane2": {
    "criteria": {
      "recipe_condition2": "2024-07-05 04:10:40 +0000"
    },
    "done": true
  },
  "minecraft:recipes/misc/writable_book": {
    "criteria": {
      "has_book": "2024-07-05 21:08:01 +0000"
    },
    "done": true
  },
  "treasure2:recipes/spider_key": {
    "criteria": {
      "has_iron_key": "2024-07-08 21:49:28 +0000"
    },
    "done": true
  },
  "minecraft:recipes/building_blocks/oak_wooden_slab": {
    "criteria": {
      "has_planks": "2024-07-08 21:52:11 +0000"
    },
    "done": true
  },
  "minecraft:recipes/decorations/white_bed": {
    "criteria": {
      "has_white_wool": "2024-07-05 21:20:41 +0000"
    },
    "done": true
  },
  "minecraft:recipes/redstone/redstone": {
    "criteria": {
      "has_the_recipe": "2024-07-08 23:40:22 +0000"
    },
    "done": true
  },
  "minecraft:recipes/tools/golden_hoe": {
    "criteria": {
      "has_gold_ingot": "2024-07-05 21:02:29 +0000"
    },
    "done": true
  },
  "dungeontactics:recipes/misc/convenience/flint_from_gravel": {
    "criteria": {
      "has_gravel": "2024-07-09 23:38:40 +0000"
    },
    "done": true
  },
  "minecraft:recipes/decorations/lime_stained_glass_pane": {
    "criteria": {
      "has_glass": "2024-07-08 02:50:10 +0000"
    },
    "done": true
  },
  "connectedglass:recipes/decorations/borderless_glass_lime_pane2": {
    "criteria": {
      "recipe_condition2": "2024-07-05 04:10:40 +0000"
    },
    "done": true
  },
  "minecraft:recipes/misc/iron_nugget": {
    "criteria": {
      "has_iron_ingot": "2024-07-05 20:41:09 +0000"
    },
    "done": true
  },
  "minecraft:recipes/building_blocks/brown_concrete_powder": {
    "criteria": {
      "has_sand": "2024-07-05 20:49:06 +0000"
    },
    "done": true
  },
  "minecraft:recipes/decorations/black_bed_from_white_bed": {
    "criteria": {
      "has_bed": "2024-07-05 21:22:26 +0000"
    },
    "done": true
  },
  "connectedglass:recipes/decorations/scratched_glass_purple_pane2": {
    "criteria": {
      "recipe_condition2": "2024-07-05 04:10:40 +0000"
    },
    "done": true
  },
  "dungeontactics:recipes/misc/wooden_chair": {
    "criteria": {
      "has_recipe": "2024-07-09 23:53:51 +0000",
      "has_wood": "2024-07-09 23:53:51 +0000"
    },
    "done": true
  },
  "connectedglass:recipes/buildingblocks/borderless_glass_magenta2": {
    "criteria": {
      "recipe_condition2": "2024-07-05 04:10:40 +0000"
    },
    "done": true
  },
  "minecraft:recipes/combat/diamond_sword": {
    "criteria": {
      "has_diamond": "2024-07-05 20:53:16 +0000"
    },
    "done": true
  },
  "minecraft:recipes/decorations/cyan_stained_glass_pane": {
    "criteria": {
      "has_glass": "2024-07-08 02:50:10 +0000"
    },
    "done": true
  },
  "connectedglass:recipes/buildingblocks/scratched_glass_light_blue2": {
    "criteria": {
      "recipe_condition2": "2024-07-05 04:10:40 +0000"
    },
    "done": true
  },
  "minecraft:recipes/building_blocks/blue_stained_glass": {
    "criteria": {
      "has_glass": "2024-07-08 02:50:10 +0000"
    },
    "done": true
  },
  "minecraft:recipes/building_blocks/cyan_wool": {
    "criteria": {
      "has_white_wool": "2024-07-05 21:20:41 +0000"
    },
    "done": true
  },
  "dungeontactics:recipes/tools/alchemical_cauldron": {
    "criteria": {
      "has_ingot": "2024-07-09 22:31:54 +0000"
    },
    "done": true
  },
  "connectedglass:recipes/decorations/clear_glass_pink_pane2": {
    "criteria": {
      "recipe_condition2": "2024-07-05 04:10:40 +0000"
    },
    "done": true
  },
  "minecraft:recipes/decorations/sign": {
    "criteria": {
      "has_planks": "2024-07-05 20:18:37 +0000"
    },
    "done": true
  },
  "dungeontactics:recipes/misc/wooden_table": {
    "criteria": {
      "has_wood": "2024-07-09 23:53:51 +0000"
    },
    "done": true
  },
  "minecraft:recipes/transportation/spruce_boat": {
    "criteria": {
      "entered_water": "2024-07-05 20:28:19 +0000"
    },
    "done": true
  },
  "minecraft:recipes/decorations/jukebox": {
    "criteria": {
      "has_diamond": "2024-07-05 20:53:16 +0000"
    },
    "done": true
  },
  "mcwlights:recipes/tiki_torches": {
    "criteria": {
      "torch": "2024-07-09 22:31:54 +0000"
    },
    "done": true
  },
  "dungeontactics:recipes/tools/magic_tether": {
    "criteria": {
      "has_pearl": "2024-07-09 22:31:54 +0000"
    },
    "done": true
  },
  "minecraft:recipes/tools/flint_and_steel": {
    "criteria": {
      "has_obsidian": "2024-07-05 21:19:17 +0000"
    },
    "done": true
  },
  "connectedglass:recipes/buildingblocks/clear_glass_cyan2": {
    "criteria": {
      "recipe_condition2": "2024-07-05 04:10:40 +0000"
    },
    "done": true
  },
  "minecraft:recipes/building_blocks/gray_wool": {
    "criteria": {
      "has_white_wool": "2024-07-05 21:20:41 +0000"
    },
    "done": true
  },
  "minecraft:recipes/misc/gold_nugget": {
    "criteria": {
      "has_gold_ingot": "2024-07-05 21:02:29 +0000"
    },
    "done": true
  },
  "connectedglass:recipes/buildingblocks/scratched_glass_pink2": {
    "criteria": {
      "recipe_condition2": "2024-07-05 04:10:40 +0000"
    },
    "done": true
  },
  "minecraft:husbandry/balanced_diet": {
    "criteria": {
      "cooked_porkchop": "2024-07-05 20:28:27 +0000",
      "cooked_mutton": "2024-07-08 23:59:31 +0000",
      "cooked_beef": "2024-07-08 21:16:11 +0000",
      "porkchop": "2024-07-11 22:49:57 +0000",
      "cooked_cod": "2024-07-09 23:53:26 +0000",
      "bread": "2024-07-05 22:10:07 +0000",
      "cooked_chicken": "2024-07-08 21:22:27 +0000"
    },
    "done": false
  },
  "connectedglass:recipes/buildingblocks/tinted_borderless_glass_silver2": {
    "criteria": {
      "recipe_condition2": "2024-07-05 04:10:40 +0000"
    },
    "done": true
  },
  "treasure2:recipes/sapphire_key": {
    "criteria": {
      "has_gem": "2024-07-09 00:03:11 +0000"
    },
    "done": true
  },
  "minecraft:recipes/tools/wooden_hoe": {
    "criteria": {
      "has_stick": "2024-07-05 20:18:33 +0000"
    },
    "done": true
  },
  "tombstone:recipes/from_grave_key": {
    "criteria": {
      "has_ingredient": "2024-07-11 23:28:43 +0000"
    },
    "done": true
  },
  "minecraft:recipes/misc/bucket": {
    "criteria": {
      "has_iron_ingot": "2024-07-05 20:41:09 +0000"
    },
    "done": true
  },
  "connectedglass:recipes/decorations/clear_glass_red_pane2": {
    "criteria": {
      "recipe_condition2": "2024-07-05 04:10:40 +0000"
    },
    "done": true
  },
  "dungeontactics:recipes/misc/convenience/clayball_from_clay": {
    "criteria": {
      "has_clayball": "2024-07-09 22:31:54 +0000"
    },
    "done": true
  },
  "connectedglass:recipes/buildingblocks/borderless_glass_green2": {
    "criteria": {
      "recipe_condition2": "2024-07-05 04:10:40 +0000"
    },
    "done": true
  },
  "connectedglass:recipes/buildingblocks/tinted_borderless_glass_cyan2": {
    "criteria": {
      "recipe_condition2": "2024-07-05 04:10:40 +0000"
    },
    "done": true
  },
  "minecraft:recipes/decorations/yellow_bed_from_white_bed": {
    "criteria": {
      "has_bed": "2024-07-05 21:22:26 +0000"
    },
    "done": true
  },
  "minecraft:recipes/decorations/orange_stained_glass_pane": {
    "criteria": {
      "has_glass": "2024-07-08 02:50:10 +0000"
    },
    "done": true
  },
  "minecraft:recipes/decorations/white_banner": {
    "criteria": {
      "has_white_wool": "2024-07-05 21:20:41 +0000"
    },
    "done": true
  },
  "connectedglass:recipes/buildingblocks/borderless_glass_yellow2": {
    "criteria": {
      "recipe_condition2": "2024-07-05 04:10:40 +0000"
    },
    "done": true
  },
  "connectedglass:recipes/decorations/borderless_glass_blue_pane2": {
    "criteria": {
      "recipe_condition2": "2024-07-05 04:10:40 +0000"
    },
    "done": true
  },
  "minecraft:recipes/building_blocks/light_blue_concrete_powder": {
    "criteria": {
      "has_sand": "2024-07-05 20:49:06 +0000"
    },
    "done": true
  },
  "minecraft:recipes/combat/iron_helmet": {
    "criteria": {
      "has_iron_ingot": "2024-07-05 20:41:09 +0000"
    },
    "done": true
  },
  "minecraft:recipes/tools/golden_shovel": {
    "criteria": {
      "has_gold_ingot": "2024-07-05 21:02:29 +0000"
    },
    "done": true
  },
  "minecraft:recipes/combat/bow": {
    "criteria": {
      "has_string": "2024-07-08 20:37:12 +0000"
    },
    "done": true
  },
  "minecraft:recipes/redstone/tnt": {
    "criteria": {
      "has_gunpowder": "2024-07-08 21:51:49 +0000"
    },
    "done": true
  },
  "connectedglass:recipes/buildingblocks/borderless_glass_white2": {
    "criteria": {
      "recipe_condition2": "2024-07-05 04:10:40 +0000"
    },
    "done": true
  },
  "minecraft:recipes/decorations/black_stained_glass_pane": {
    "criteria": {
      "has_glass": "2024-07-08 02:50:10 +0000"
    },
    "done": true
  },
  "dungeontactics:recipes/misc/dungeonpedia": {
    "criteria": {
      "has_book": "2024-07-09 22:31:54 +0000"
    },
    "done": true
  },
  "dungeontactics:recipes/misc/obsidianbrick": {
    "criteria": {
      "has_item": "2024-07-09 23:54:33 +0000"
    },
    "done": true
  },
  "minecraft:recipes/building_blocks/purple_concrete_powder": {
    "criteria": {
      "has_sand": "2024-07-05 20:49:06 +0000"
    },
    "done": true
  },
  "connectedglass:recipes/decorations/clear_glass_yellow_pane2": {
    "criteria": {
      "recipe_condition2": "2024-07-05 04:10:40 +0000"
    },
    "done": true
  },
  "treasure2:recipes/wither_key": {
    "criteria": {
      "has_tool": "2024-07-08 21:45:39 +0000"
    },
    "done": true
  },
  "connectedglass:recipes/decorations/clear_glass_green_pane2": {
    "criteria": {
      "recipe_condition2": "2024-07-05 04:10:40 +0000"
    },
    "done": true
  },
  "dungeontactics:recipes/armour/iron_plate_armour": {
    "criteria": {
      "has_item": "2024-07-09 23:53:37 +0000"
    },
    "done": true
  },
  "minecraft:recipes/decorations/orange_bed_from_white_bed": {
    "criteria": {
      "has_bed": "2024-07-05 21:22:26 +0000"
    },
    "done": true
  },
  "minecraft:recipes/combat/diamond_chestplate": {
    "criteria": {
      "has_diamond": "2024-07-05 20:53:16 +0000"
    },
    "done": true
  },
  "minecraft:story/mine_stone": {
    "criteria": {
      "get_stone": "2024-07-05 20:20:30 +0000"
    },
    "done": true
  },
  "dungeontactics:recipes/misc/brazier": {
    "criteria": {
      "has_torch": "2024-07-09 22:31:54 +0000"
    },
    "done": true
  },
  "connectedglass:recipes/buildingblocks/clear_glass_magenta2": {
    "criteria": {
      "recipe_condition2": "2024-07-05 04:10:40 +0000"
    },
    "done": true
  },
  "connectedglass:recipes/decorations/clear_glass_silver_pane2": {
    "criteria": {
      "recipe_condition2": "2024-07-05 04:10:40 +0000"
    },
    "done": true
  },
  "connectedglass:recipes/decorations/scratched_glass_pink_pane2": {
    "criteria": {
      "recipe_condition2": "2024-07-05 04:10:40 +0000"
    },
    "done": true
  },
  "minecraft:recipes/decorations/furnace": {
    "criteria": {
      "has_cobblestone": "2024-07-05 20:20:30 +0000"
    },
    "done": true
  },
  "minecraft:recipes/transportation/minecart": {
    "criteria": {
      "has_iron_ingot": "2024-07-05 20:41:09 +0000"
    },
    "done": true
  },
  "connectedglass:recipes/decorations/scratched_glass_cyan_pane2": {
    "criteria": {
      "recipe_condition2": "2024-07-05 04:10:40 +0000"
    },
    "done": true
  },
  "minecraft:recipes/building_blocks/orange_wool": {
    "criteria": {
      "has_white_wool": "2024-07-05 21:20:41 +0000"
    },
    "done": true
  },
  "minecraft:recipes/decorations/green_stained_glass_pane": {
    "criteria": {
      "has_glass": "2024-07-08 02:50:10 +0000"
    },
    "done": true
  },
  "minecraft:recipes/tools/wooden_pickaxe": {
    "criteria": {
      "has_stick": "2024-07-05 20:18:33 +0000"
    },
    "done": true
  },
  "minecraft:recipes/tools/iron_hoe": {
    "criteria": {
      "has_iron_ingot": "2024-07-05 20:41:09 +0000"
    },
    "done": true
  },
  "minecraft:husbandry/root": {
    "criteria": {
      "consumed_item": "2024-07-05 20:28:27 +0000"
    },
    "done": true
  },
  "minecraft:recipes/redstone/redstone_torch": {
    "criteria": {
      "has_redstone": "2024-07-08 21:50:37 +0000"
    },
    "done": true
  },
  "minecraft:recipes/building_blocks/stone_brick_slab": {
    "criteria": {
      "has_stonebrick": "2024-07-08 23:46:14 +0000"
    },
    "done": true
  },
  "minecraft:recipes/transportation/birch_boat": {
    "criteria": {
      "entered_water": "2024-07-05 20:28:19 +0000"
    },
    "done": true
  },
  "minecraft:recipes/food/golden_apple": {
    "criteria": {
      "has_gold_ingot": "2024-07-05 21:02:29 +0000"
    },
    "done": true
  },
  "cfm:install": {
    "criteria": {
      "tick": "2024-07-05 04:10:40 +0000"
    },
    "done": true
  },
  "minecraft:recipes/building_blocks/green_concrete_powder": {
    "criteria": {
      "has_sand": "2024-07-05 20:49:06 +0000"
    },
    "done": true
  },
  "minecraft:recipes/decorations/enchanting_table": {
    "criteria": {
      "has_obsidian": "2024-07-05 21:19:17 +0000"
    },
    "done": true
  },
  "minecraft:recipes/misc/light_gray_dye_from_ink_bonemeal": {
    "criteria": {
      "has_bonemeal": "2024-07-13 01:21:32 +0000"
    },
    "done": true
  },
  "minecraft:recipes/tools/iron_shovel": {
    "criteria": {
      "has_iron_ingot": "2024-07-05 20:41:09 +0000"
    },
    "done": true
  },
  "minecraft:recipes/redstone/acacia_door": {
    "criteria": {
      "has_planks": "2024-07-05 20:18:37 +0000"
    },
    "done": true
  },
  "minecraft:recipes/building_blocks/orange_stained_glass": {
    "criteria": {
      "has_glass": "2024-07-08 02:50:10 +0000"
    },
    "done": true
  },
  "minecraft:recipes/decorations/cyan_bed_from_white_bed": {
    "criteria": {
      "has_bed": "2024-07-05 21:22:26 +0000"
    },
    "done": true
  },
  "connectedglass:recipes/decorations/borderless_glass_gray_pane2": {
    "criteria": {
      "recipe_condition2": "2024-07-05 04:10:40 +0000"
    },
    "done": true
  },
  "minecraft:recipes/misc/bowl": {
    "criteria": {
      "has_red_mushroom": "2024-07-08 21:18:02 +0000"
    },
    "done": true
  },
  "minecraft:recipes/decorations/item_frame": {
    "criteria": {
      "has_leather": "2024-07-05 21:58:21 +0000"
    },
    "done": true
  },
  "minecraft:recipes/decorations/lime_bed_from_white_bed": {
    "criteria": {
      "has_bed": "2024-07-05 21:22:26 +0000"
    },
    "done": true
  },
  "minecraft:recipes/tools/stone_hoe": {
    "criteria": {
      "has_cobblestone": "2024-07-05 20:20:30 +0000"
    },
    "done": true
  },
  "minecraft:recipes/tools/clock": {
    "criteria": {
      "has_redstone": "2024-07-08 21:50:37 +0000"
    },
    "done": true
  },
  "minecraft:recipes/tools/diamond_hoe": {
    "criteria": {
      "has_diamond": "2024-07-05 20:53:16 +0000"
    },
    "done": true
  },
  "tombstone:tutorial/cancel_ghostly_shape": {
    "criteria": {
      "coded_trigger": "2024-07-11 23:28:54 +0000"
    },
    "done": true
  },
  "minecraft:recipes/decorations/white_stained_glass_pane": {
    "criteria": {
      "has_glass": "2024-07-08 02:50:10 +0000"
    },
    "done": true
  },
  "minecraft:recipes/tools/diamond_shovel": {
    "criteria": {
      "has_diamond": "2024-07-05 20:53:16 +0000"
    },
    "done": true
  },
  "minecraft:recipes/building_blocks/dark_oak_stairs": {
    "criteria": {
      "has_planks": "2024-07-10 23:54:25 +0000"
    },
    "done": true
  },
  "minecraft:recipes/decorations/green_bed_from_white_bed": {
    "criteria": {
      "has_bed": "2024-07-05 21:22:26 +0000"
    },
    "done": true
  },
  "minecraft:recipes/decorations/white_carpet": {
    "criteria": {
      "has_white_wool": "2024-07-05 21:20:41 +0000"
    },
    "done": true
  },
  "tombstone:tutorial/first_grave": {
    "criteria": {
      "coded_trigger": "2024-07-11 23:28:41 +0000"
    },
    "done": true
  },
  "connectedglass:recipes/buildingblocks/tinted_borderless_glass_black2": {
    "criteria": {
      "recipe_condition2": "2024-07-05 04:10:40 +0000"
    },
    "done": true
  },
  "minecraft:recipes/decorations/glass_pane": {
    "criteria": {
      "has_glass": "2024-07-08 02:50:10 +0000"
    },
    "done": true
  },
  "connectedglass:recipes/buildingblocks/tinted_borderless_glass_magenta2": {
    "criteria": {
      "recipe_condition2": "2024-07-05 04:10:40 +0000"
    },
    "done": true
  },
  "minecraft:recipes/misc/gold_ingot_from_nuggets": {
    "criteria": {
      "has_at_least_9_gold_nugget": "2024-07-13 06:20:30 +0000"
    },
    "done": true
  },
  "minecraft:recipes/misc/lapis_lazuli": {
    "criteria": {
      "has_the_recipe": "2024-07-05 21:03:14 +0000"
    },
    "done": true
  },
  "minecraft:recipes/building_blocks/magenta_stained_glass": {
    "criteria": {
      "has_glass": "2024-07-08 02:50:10 +0000"
    },
    "done": true
  },
  "minecraft:story/mine_diamond": {
    "criteria": {
      "diamond": "2024-07-05 20:53:16 +0000"
    },
    "done": true
  },
  "connectedglass:recipes/buildingblocks/scratched_glass_yellow2": {
    "criteria": {
      "recipe_condition2": "2024-07-05 04:10:40 +0000"
    },
    "done": true
  },
  "minecraft:story/upgrade_tools": {
    "criteria": {
      "stone_pickaxe": "2024-07-05 20:21:31 +0000"
    },
    "done": true
  },
  "minecraft:recipes/combat/diamond_helmet": {
    "criteria": {
      "has_diamond": "2024-07-05 20:53:16 +0000"
    },
    "done": true
  },
  "connectedglass:recipes/buildingblocks/scratched_glass_silver2": {
    "criteria": {
      "recipe_condition2": "2024-07-05 04:10:40 +0000"
    },
    "done": true
  },
  "connectedglass:recipes/buildingblocks/tinted_borderless_glass_purple2": {
    "criteria": {
      "recipe_condition2": "2024-07-05 04:10:40 +0000"
    },
    "done": true
  },
  "minecraft:recipes/decorations/anvil": {
    "criteria": {
      "has_iron_block": "2024-07-09 00:31:36 +0000"
    },
    "done": true
  },
  "minecraft:recipes/decorations/blue_bed_from_white_bed": {
    "criteria": {
      "has_bed": "2024-07-05 21:22:26 +0000"
    },
    "done": true
  },
  "dungeontactics:recipes/misc/barrel": {
    "criteria": {
      "has_darkoak": "2024-07-10 23:54:25 +0000"
    },
    "done": true
  },
  "minecraft:recipes/building_blocks/cyan_concrete_powder": {
    "criteria": {
      "has_sand": "2024-07-05 20:49:06 +0000"
    },
    "done": true
  },
  "minecraft:recipes/misc/gold_ingot_from_block": {
    "criteria": {
      "has_the_recipe": "2024-07-05 21:10:30 +0000"
    },
    "done": true
  },
  "minecraft:recipes/building_blocks/stone_brick_stairs": {
    "criteria": {
      "has_stonebrick": "2024-07-08 23:46:14 +0000"
    },
    "done": true
  },
  "minecraft:recipes/combat/golden_boots": {
    "criteria": {
      "has_gold_ingot": "2024-07-05 21:02:29 +0000"
    },
    "done": true
  },
  "mowziesmobs:kill_grottol": {
    "criteria": {
      "grottol": "2024-07-05 21:04:44 +0000"
    },
    "done": true
  },
  "treasure2:recipes/crystal_skull_chest": {
    "criteria": {
      "has_skull": "2024-07-12 03:02:35 +0000"
    },
    "done": true
  },
  "connectedglass:recipes/buildingblocks/scratched_glass_gray2": {
    "criteria": {
      "recipe_condition2": "2024-07-05 04:10:40 +0000"
    },
    "done": true
  },
  "minecraft:recipes/tools/wooden_axe": {
    "criteria": {
      "has_stick": "2024-07-05 20:18:33 +0000"
    },
    "done": true
  },
  "minecraft:recipes/building_blocks/lime_wool": {
    "criteria": {
      "has_white_wool": "2024-07-05 21:20:41 +0000"
    },
    "done": true
  },
  "connectedglass:recipes/decorations/scratched_glass_green_pane2": {
    "criteria": {
      "recipe_condition2": "2024-07-05 04:10:40 +0000"
    },
    "done": true
  },
  "connectedglass:recipes/buildingblocks/scratched_glass_purple2": {
    "criteria": {
      "recipe_condition2": "2024-07-05 04:10:40 +0000"
    },
    "done": true
  },
  "minecraft:recipes/misc/paper": {
    "criteria": {
      "has_reeds": "2024-07-08 21:50:37 +0000"
    },
    "done": true
  },
  "minecraft:recipes/misc/magenta_dye_from_lapis_ink_bonemeal": {
    "criteria": {
      "has_lapis": "2024-07-05 21:03:08 +0000"
    },
    "done": true
  },
  "minecraft:recipes/misc/light_blue_dye_from_lapis_bonemeal": {
    "criteria": {
      "has_lapis": "2024-07-05 21:03:08 +0000"
    },
    "done": true
  },
  "minecraft:recipes/building_blocks/green_wool": {
    "criteria": {
      "has_white_wool": "2024-07-05 21:20:41 +0000"
    },
    "done": true
  },
  "treasure2:recipes/pilferers_lock_pick": {
    "criteria": {
      "has_iron_ingot": "2024-07-05 20:41:09 +0000"
    },
    "done": true
  },
  "minecraft:recipes/tools/diamond_axe": {
    "criteria": {
      "has_diamond": "2024-07-05 20:53:16 +0000"
    },
    "done": true
  },
  "minecraft:recipes/building_blocks/brown_wool": {
    "criteria": {
      "has_white_wool": "2024-07-05 21:20:41 +0000"
    },
    "done": true
  },
  "dungeontactics:recipes/misc/ironlinks": {
    "criteria": {
      "has_ingot": "2024-07-09 23:53:37 +0000"
    },
    "done": true
  },
  "connectedglass:recipes/buildingblocks/tinted_borderless_glass_yellow2": {
    "criteria": {
      "recipe_condition2": "2024-07-05 04:10:40 +0000"
    },
    "done": true
  },
  "connectedglass:recipes/buildingblocks/clear_glass_yellow2": {
    "criteria": {
      "recipe_condition2": "2024-07-05 04:10:40 +0000"
    },
    "done": true
  },
  "connectedglass:recipes/decorations/clear_glass_magenta_pane2": {
    "criteria": {
      "recipe_condition2": "2024-07-05 04:10:40 +0000"
    },
    "done": true
  },
  "treasure2:recipes/gold_skull_chest": {
    "criteria": {
      "has_skull": "2024-07-12 03:02:35 +0000"
    },
    "done": true
  },
  "connectedglass:recipes/decorations/borderless_glass_light_blue_pane2": {
    "criteria": {
      "recipe_condition2": "2024-07-05 04:10:40 +0000"
    },
    "done": true
  },
  "connectedglass:recipes/decorations/clear_glass_black_pane2": {
    "criteria": {
      "recipe_condition2": "2024-07-05 04:10:40 +0000"
    },
    "done": true
  },
  "treasure2:recipes/key_ring": {
    "criteria": {
      "has_iron_ingot": "2024-07-05 20:41:09 +0000"
    },
    "done": true
  },
  "minecraft:recipes/decorations/painting": {
    "criteria": {
      "has_wool": "2024-07-05 21:20:41 +0000"
    },
    "done": true
  },
  "minecraft:recipes/building_blocks/white_stained_glass": {
    "criteria": {
      "has_glass": "2024-07-08 02:50:10 +0000"
    },
    "done": true
  },
  "connectedglass:recipes/buildingblocks/scratched_glass_black2": {
    "criteria": {
      "recipe_condition2": "2024-07-05 04:10:40 +0000"
    },
    "done": true
  },
  "minecraft:recipes/redstone/acacia_fence_gate": {
    "criteria": {
      "has_planks": "2024-07-05 20:18:37 +0000"
    },
    "done": true
  },
  "minecraft:recipes/combat/arrow": {
    "criteria": {
      "has_feather": "2024-07-08 02:43:54 +0000"
    },
    "done": true
  },
  "minecraft:recipes/building_blocks/stone_slab": {
    "criteria": {
      "has_stone": "2024-07-08 21:45:25 +0000"
    },
    "done": true
  },
  "minecraft:recipes/building_blocks/coal_block": {
    "criteria": {
      "has_at_least_9_coal": "2024-07-05 20:29:16 +0000"
    },
    "done": true
  },
  "minecraft:recipes/redstone/light_weighted_pressure_plate": {
    "criteria": {
      "has_gold_ingot": "2024-07-05 21:02:29 +0000"
    },
    "done": true
  },
  "blue_skies:recipes/blocks/utility/turquoise_furnace": {
    "criteria": {
      "has_stone": "2024-07-08 20:16:55 +0000"
    },
    "done": true
  },
  "minecraft:recipes/tools/stone_shovel": {
    "criteria": {
      "has_cobblestone": "2024-07-05 20:20:30 +0000"
    },
    "done": true
  },
  "minecraft:recipes/decorations/yellow_stained_glass_pane": {
    "criteria": {
      "has_glass": "2024-07-08 02:50:10 +0000"
    },
    "done": true
  },
  "minecraft:recipes/building_blocks/blue_concrete_powder": {
    "criteria": {
      "has_sand": "2024-07-05 20:49:06 +0000"
    },
    "done": true
  },
  "blue_skies:recipes/blocks/wood/bluebright_chest": {
    "criteria": {
      "has_planks": "2024-07-08 20:16:55 +0000"
    },
    "done": true
  },
  "minecraft:recipes/building_blocks/cyan_stained_glass": {
    "criteria": {
      "has_glass": "2024-07-08 02:50:10 +0000"
    },
    "done": true
  },
  "connectedglass:recipes/buildingblocks/clear_glass_gray2": {
    "criteria": {
      "recipe_condition2": "2024-07-05 04:10:40 +0000"
    },
    "done": true
  },
  "connectedglass:recipes/buildingblocks/tinted_borderless_glass_lime2": {
    "criteria": {
      "recipe_condition2": "2024-07-05 04:10:40 +0000"
    },
    "done": true
  },
  "blue_skies:recipes/blocks/wood/bookshelf": {
    "criteria": {
      "has_book": "2024-07-09 00:05:59 +0000"
    },
    "done": true
  },
  "minecraft:recipes/building_blocks/andesite": {
    "criteria": {
      "has_stone": "2024-07-05 20:20:44 +0000"
    },
    "done": true
  },
  "minecraft:recipes/combat/golden_helmet": {
    "criteria": {
      "has_gold_ingot": "2024-07-05 21:02:29 +0000"
    },
    "done": true
  },
  "minecraft:recipes/tools/lead": {
    "criteria": {
      "has_slime_ball": "2024-07-08 21:36:21 +0000"
    },
    "done": true
  },
  "dungeontactics:recipes/misc/lantern_magic": {
    "criteria": {
      "has_gold": "2024-07-13 06:20:30 +0000"
    },
    "done": true
  },
  "connectedglass:recipes/buildingblocks/borderless_glass_orange2": {
    "criteria": {
      "recipe_condition2": "2024-07-05 04:10:40 +0000"
    },
    "done": true
  },
  "connectedglass:recipes/decorations/scratched_glass_brown_pane2": {
    "criteria": {
      "recipe_condition2": "2024-07-05 04:10:40 +0000"
    },
    "done": true
  },
  "connectedglass:recipes/buildingblocks/scratched_glass_white2": {
    "criteria": {
      "recipe_condition2": "2024-07-05 04:10:40 +0000"
    },
    "done": true
  },
  "minecraft:story/root": {
    "criteria": {
      "crafting_table": "2024-07-05 20:18:29 +0000"
    },
    "done": true
  },
  "minecraft:recipes/redstone/dropper": {
    "criteria": {
      "has_redstone": "2024-07-08 21:50:37 +0000"
    },
    "done": true
  },
  "dungeontactics:recipes/misc/cut_diamond": {
    "criteria": {
      "has_diamond": "2024-07-09 22:31:54 +0000"
    },
    "done": true
  },
  "minecraft:recipes/misc/coal": {
    "criteria": {
      "has_the_recipe": "2024-07-05 20:29:16 +0000"
    },
    "done": true
  },
  "dungeontactics:recipes/weapons/wooden_weapons": {
    "criteria": {
      "has_item": "2024-07-09 23:53:51 +0000"
    },
    "done": true
  },
  "blue_skies:recipes/blocks/wood/maple_chest": {
    "criteria": {
      "has_planks": "2024-07-08 20:16:55 +0000"
    },
    "done": true
  },
  "connectedglass:recipes/buildingblocks/borderless_glass_silver2": {
    "criteria": {
      "recipe_condition2": "2024-07-05 04:10:40 +0000"
    },
    "done": true
  },
  "minecraft:story/form_obsidian": {
    "criteria": {
      "obsidian": "2024-07-05 21:19:17 +0000"
    },
    "done": true
  },
  "dungeontactics:recipes/tools/fire_starter": {
    "criteria": {
      "has_item": "2024-07-09 23:53:51 +0000"
    },
    "done": true
  },
  "connectedglass:recipes/buildingblocks/borderless_glass1": {
    "criteria": {
      "recipe_condition": "2024-07-08 02:50:10 +0000"
    },
    "done": true
  },
  "minecraft:recipes/building_blocks/string_to_wool": {
    "criteria": {
      "has_string": "2024-07-08 20:37:12 +0000"
    },
    "done": true
  },
  "minecraft:recipes/combat/leather_chestplate": {
    "criteria": {
      "has_leather": "2024-07-05 21:58:21 +0000"
    },
    "done": true
  },
  "minecraft:recipes/building_blocks/acacia_planks": {
    "criteria": {
      "has_log2": "2024-07-05 20:18:05 +0000"
    },
    "done": true
  },
  "mcwlights:recipes/lantern": {
    "criteria": {
      "lantern": "2024-07-09 22:31:54 +0000"
    },
    "done": true
  },
  "minecraft:recipes/tools/compass": {
    "criteria": {
      "has_redstone": "2024-07-08 21:50:37 +0000"
    },
    "done": true
  },
  "tombstone:tutorial/strong_or_careful": {
    "criteria": {
      "coded_trigger": "2024-07-11 23:28:41 +0000"
    },
    "done": true
  },
  "minecraft:recipes/building_blocks/polished_andesite": {
    "criteria": {
      "has_stone": "2024-07-05 21:15:15 +0000"
    },
    "done": true
  },
  "mcwlights:recipes/torches": {
    "criteria": {
      "has_wood": "2024-07-09 22:31:54 +0000"
    },
    "done": true
  },
  "connectedglass:recipes/buildingblocks/scratched_glass_cyan2": {
    "criteria": {
      "recipe_condition2": "2024-07-05 04:10:40 +0000"
    },
    "done": true
  },
  "minecraft:recipes/redstone/iron_door": {
    "criteria": {
      "has_iron_ingot": "2024-07-05 20:41:09 +0000"
    },
    "done": true
  },
  "connectedglass:recipes/buildingblocks/clear_glass_pink2": {
    "criteria": {
      "recipe_condition2": "2024-07-05 04:10:40 +0000"
    },
    "done": true
  },
  "connectedglass:recipes/buildingblocks/borderless_glass_light_blue2": {
    "criteria": {
      "recipe_condition2": "2024-07-05 04:10:40 +0000"
    },
    "done": true
  },
  "dungeontactics:recipes/tools/flint_and_steel": {
    "criteria": {
      "has_obsidian": "2024-07-09 23:54:33 +0000"
    },
    "done": true
  },
  "connectedglass:recipes/buildingblocks/clear_glass_red2": {
    "criteria": {
      "recipe_condition2": "2024-07-05 04:10:40 +0000"
    },
    "done": true
  },
  "blue_skies:recipes/blocks/dirt/coarse_lunar_dirt": {
    "criteria": {
      "has_gravel": "2024-07-09 23:38:40 +0000"
    },
    "done": true
  },
  "minecraft:recipes/misc/iron_ingot_from_nuggets": {
    "criteria": {
      "has_at_least_9_iron_nugget": "2024-07-08 21:47:01 +0000"
    },
    "done": true
  },
  "betteranimalsplus:root": {
    "criteria": {
      "tick": "2024-07-05 04:10:40 +0000"
    },
    "done": true
  },
  "minecraft:recipes/transportation/jungle_boat": {
    "criteria": {
      "entered_water": "2024-07-05 20:28:19 +0000"
    },
    "done": true
  },
  "dungeontactics:recipes/weapons/iron_weapons": {
    "criteria": {
      "has_item": "2024-07-09 23:53:37 +0000"
    },
    "done": true
  },
  "dungeontactics:recipes/misc/convenience/sticks_from_saplings": {
    "criteria": {
      "has_stick": "2024-07-09 23:53:51 +0000"
    },
    "done": true
  },
  "connectedglass:recipes/decorations/borderless_glass_purple_pane2": {
    "criteria": {
      "recipe_condition2": "2024-07-05 04:10:40 +0000"
    },
    "done": true
  },
  "minecraft:recipes/redstone/heavy_weighted_pressure_plate": {
    "criteria": {
      "has_iron_ingot": "2024-07-05 20:41:09 +0000"
    },
    "done": true
  },
  "minecraft:recipes/transportation/dark_oak_boat": {
    "criteria": {
      "entered_water": "2024-07-05 20:28:19 +0000"
    },
    "done": true
  },
  "connectedglass:recipes/buildingblocks/clear_glass_white2": {
    "criteria": {
      "recipe_condition2": "2024-07-05 04:10:40 +0000"
    },
    "done": true
  },
  "minecraft:recipes/building_blocks/pink_wool": {
    "criteria": {
      "has_white_wool": "2024-07-05 21:20:41 +0000"
    },
    "done": true
  },
  "dungeontactics:dungeoneering/get_lootbag": {
    "criteria": {
      "quiver": "2024-07-10 23:35:49 +0000"
    },
    "done": true
  },
  "blue_skies:recipes/blocks/wood/lunar_chest": {
    "criteria": {
      "has_planks": "2024-07-08 20:16:55 +0000"
    },
    "done": true
  },
  "minecraft:recipes/decorations/brown_bed_from_white_bed": {
    "criteria": {
      "has_bed": "2024-07-05 21:22:26 +0000"
    },
    "done": true
  },
  "tombstone:tutorial/teleport_to_grave": {
    "criteria": {
      "coded_trigger": "2024-07-11 23:28:48 +0000"
    },
    "done": true
  },
  "connectedglass:recipes/decorations/clear_glass_blue_pane2": {
    "criteria": {
      "recipe_condition2": "2024-07-05 04:10:40 +0000"
    },
    "done": true
  },
  "minecraft:recipes/building_blocks/polished_granite": {
    "criteria": {
      "has_stone": "2024-07-08 22:48:22 +0000"
    },
    "done": true
  },
  "minecraft:recipes/building_blocks/stonebrick": {
    "criteria": {
      "has_stone": "2024-07-08 21:45:25 +0000"
    },
    "done": true
  },
  "mcwlights:recipes/lava_lamp": {
    "criteria": {
      "has_planks": "2024-07-09 22:31:54 +0000"
    },
    "done": true
  },
  "minecraft:recipes/combat/golden_leggings": {
    "criteria": {
      "has_gold_ingot": "2024-07-05 21:02:29 +0000"
    },
    "done": true
  },
  "minecraft:recipes/redstone/piston": {
    "criteria": {
      "has_redstone": "2024-07-08 21:50:37 +0000"
    },
    "done": true
  },
  "dungeontactics:recipes/armour/studded_armour": {
    "criteria": {
      "has_item": "2024-07-09 23:53:37 +0000"
    },
    "done": true
  },
  "minecraft:recipes/building_blocks/stone_stairs": {
    "criteria": {
      "has_cobblestone": "2024-07-05 20:20:30 +0000"
    },
    "done": true
  },
  "connectedglass:recipes/buildingblocks/borderless_glass_brown2": {
    "criteria": {
      "recipe_condition2": "2024-07-05 04:10:40 +0000"
    },
    "done": true
  },
  "connectedglass:recipes/decorations/borderless_glass_magenta_pane2": {
    "criteria": {
      "recipe_condition2": "2024-07-05 04:10:40 +0000"
    },
    "done": true
  },
  "betteranimalsplus:jellyfish_sting": {
    "criteria": {
      "jellyfish_sting": "2024-07-08 21:25:40 +0000"
    },
    "done": true
  },
  "mcwlights:recipes/garden_light": {
    "criteria": {
      "has_planks": "2024-07-09 22:31:54 +0000"
    },
    "done": true
  },
  "minecraft:recipes/decorations/brown_stained_glass_pane": {
    "criteria": {
      "has_glass": "2024-07-08 02:50:10 +0000"
    },
    "done": true
  },
  "blue_skies:recipes/blocks/dirt/coarse_turquoise_dirt": {
    "criteria": {
      "has_gravel": "2024-07-09 23:38:40 +0000"
    },
    "done": true
  },
  "minecraft:recipes/decorations/dark_oak_fence": {
    "criteria": {
      "has_planks": "2024-07-10 23:54:25 +0000"
    },
    "done": true
  },
  "connectedglass:recipes/decorations/borderless_glass_pink_pane2": {
    "criteria": {
      "recipe_condition2": "2024-07-05 04:10:40 +0000"
    },
    "done": true
  },
  "minecraft:recipes/combat/diamond_boots": {
    "criteria": {
      "has_diamond": "2024-07-05 20:53:16 +0000"
    },
    "done": true
  },
  "connectedglass:recipes/decorations/scratched_glass_yellow_pane2": {
    "criteria": {
      "recipe_condition2": "2024-07-05 04:10:40 +0000"
    },
    "done": true
  },
  "minecraft:story/smelt_iron": {
    "criteria": {
      "iron": "2024-07-05 20:41:09 +0000"
    },
    "done": true
  },
  "minecraft:recipes/redstone/wooden_door": {
    "criteria": {
      "has_planks": "2024-07-08 21:52:11 +0000"
    },
    "done": true
  },
  "minecraft:recipes/decorations/light_blue_bed": {
    "criteria": {
      "has_light_blue_wool": "2024-07-13 03:04:48 +0000"
    },
    "done": true
  },
  "betteranimalsplus:jellyfish_killed": {
    "criteria": {
      "jellyfish_kill": "2024-07-08 21:25:40 +0000"
    },
    "done": true
  },
  "minecraft:recipes/building_blocks/chiseled_stonebrick": {
    "criteria": {
      "has_stonebrick": "2024-07-08 23:46:14 +0000"
    },
    "done": true
  },
  "minecraft:recipes/building_blocks/pink_stained_glass": {
    "criteria": {
      "has_glass": "2024-07-08 02:50:10 +0000"
    },
    "done": true
  },
  "minecraft:recipes/decorations/light_gray_bed_from_white_bed": {
    "criteria": {
      "has_bed": "2024-07-05 21:22:26 +0000"
    },
    "done": true
  },
  "minecraft:recipes/decorations/light_gray_stained_glass_pane": {
    "criteria": {
      "has_glass": "2024-07-08 02:50:10 +0000"
    },
    "done": true
  },
  "minecraft:recipes/building_blocks/bone_block": {
    "criteria": {
      "has_at_least_9_bonemeal": "2024-07-13 01:21:32 +0000"
    },
    "done": true
  }
}