{
  "minecraft:recipes/tools/fishing_rod": {
    "criteria": {
      "has_string": "2024-07-05 20:28:24 +0000"
    },
    "done": true
  },
  "dungeontactics:recipes/misc/convenience/planks_from_sticks": {
    "criteria": {
      "has_darkoak": "2024-07-09 21:25:52 +0000"
    },
    "done": true
  },
  "minecraft:recipes/decorations/purple_stained_glass_pane": {
    "criteria": {
      "has_glass": "2024-07-05 21:49:09 +0000"
    },
    "done": true
  },
  "connectedglass:recipes/buildingblocks/clear_glass_blue2": {
    "criteria": {
      "recipe_condition2": "2024-07-05 04:11:10 +0000"
    },
    "done": true
  },
  "minecraft:recipes/building_blocks/black_stained_glass": {
    "criteria": {
      "has_glass": "2024-07-05 21:49:09 +0000"
    },
    "done": true
  },
  "blue_skies:recipes/blocks/wood/starlit_chest": {
    "criteria": {
      "has_planks": "2024-07-08 20:18:11 +0000"
    },
    "done": true
  },
  "dungeontactics:recipes/weapons/stone_weapons": {
    "criteria": {
      "has_item": "2024-07-09 20:22:23 +0000"
    },
    "done": true
  },
  "connectedglass:recipes/decorations/scratched_glass_lime_pane2": {
    "criteria": {
      "recipe_condition2": "2024-07-05 04:11:10 +0000"
    },
    "done": true
  },
  "minecraft:recipes/redstone/lever": {
    "criteria": {
      "has_cobblestone": "2024-07-05 20:19:22 +0000"
    },
    "done": true
  },
  "tombstone:tutorial/first_knowledge": {
    "criteria": {
      "coded_trigger": "2024-07-11 23:28:51 +0000"
    },
    "done": true
  },
  "minecraft:recipes/building_blocks/acacia_wooden_slab": {
    "criteria": {
      "has_planks": "2024-07-05 20:18:44 +0000"
    },
    "done": true
  },
  "minecraft:recipes/combat/iron_sword": {
    "criteria": {
      "has_iron_ingot": "2024-07-05 20:31:35 +0000"
    },
    "done": true
  },
  "minecraft:recipes/redstone/observer": {
    "criteria": {
      "has_quartz": "2024-07-09 20:51:56 +0000"
    },
    "done": true
  },
  "connectedglass:recipes/buildingblocks/clear_glass_orange2": {
    "criteria": {
      "recipe_condition2": "2024-07-05 04:11:10 +0000"
    },
    "done": true
  },
  "dungeontactics:recipes/misc/convenience/sticks_from_cactus": {
    "criteria": {
      "has_stick": "2024-07-09 21:50:05 +0000"
    },
    "done": true
  },
  "minecraft:recipes/building_blocks/lime_concrete_powder": {
    "criteria": {
      "has_sand": "2024-07-05 20:25:49 +0000"
    },
    "done": true
  },
  "minecraft:recipes/tools/iron_pickaxe": {
    "criteria": {
      "has_iron_ingot": "2024-07-05 20:31:35 +0000"
    },
    "done": true
  },
  "minecraft:recipes/building_blocks/gray_stained_glass": {
    "criteria": {
      "has_glass": "2024-07-05 21:49:09 +0000"
    },
    "done": true
  },
  "minecraft:recipes/building_blocks/yellow_concrete_powder": {
    "criteria": {
      "has_sand": "2024-07-05 20:25:49 +0000"
    },
    "done": true
  },
  "minecraft:recipes/combat/leather_helmet": {
    "criteria": {
      "has_leather": "2024-07-05 21:22:21 +0000"
    },
    "done": true
  },
  "connectedglass:recipes/decorations/clear_glass_orange_pane2": {
    "criteria": {
      "recipe_condition2": "2024-07-05 04:11:10 +0000"
    },
    "done": true
  },
  "minecraft:recipes/decorations/crafting_table": {
    "criteria": {
      "has_planks": "2024-07-05 20:18:44 +0000"
    },
    "done": true
  },
  "minecraft:recipes/building_blocks/magenta_wool": {
    "criteria": {
      "has_white_wool": "2024-07-08 03:04:54 +0000"
    },
    "done": true
  },
  "connectedglass:recipes/buildingblocks/borderless_glass_purple2": {
    "criteria": {
      "recipe_condition2": "2024-07-05 04:11:10 +0000"
    },
    "done": true
  },
  "minecraft:recipes/building_blocks/purple_stained_glass": {
    "criteria": {
      "has_glass": "2024-07-05 21:49:09 +0000"
    },
    "done": true
  },
  "minecraft:recipes/decorations/ladder": {
    "criteria": {
      "has_stick": "2024-07-05 20:18:49 +0000"
    },
    "done": true
  },
  "minecraft:recipes/misc/map": {
    "criteria": {
      "has_compass": "2024-07-05 22:52:42 +0000"
    },
    "done": true
  },
  "iceandfire:iceandfire/root": {
    "criteria": {
      "tick": "2024-07-09 20:22:24 +0000"
    },
    "done": true
  },
  "minecraft:recipes/decorations/chest": {
    "criteria": {
      "has_lots_of_items": "2024-07-05 20:21:40 +0000"
    },
    "done": true
  },
  "minecraft:story/shiny_gear": {
    "criteria": {
      "diamond_chestplate": "2024-07-05 20:49:54 +0000"
    },
    "done": true
  },
  "minecraft:recipes/combat/golden_sword": {
    "criteria": {
      "has_gold_ingot": "2024-07-05 21:47:48 +0000"
    },
    "done": true
  },
  "minecraft:recipes/decorations/magenta_stained_glass_pane": {
    "criteria": {
      "has_glass": "2024-07-05 21:49:09 +0000"
    },
    "done": true
  },
  "connectedglass:recipes/buildingblocks/tinted_borderless_glass_blue2": {
    "criteria": {
      "recipe_condition2": "2024-07-05 04:11:10 +0000"
    },
    "done": true
  },
  "mowziesmobs:kill_barakoana": {
    "criteria": {
      "barakoana": "2024-07-05 22:50:50 +0000"
    },
    "done": true
  },
  "minecraft:recipes/tools/wooden_shovel": {
    "criteria": {
      "has_stick": "2024-07-05 20:18:49 +0000"
    },
    "done": true
  },
  "minecraft:recipes/decorations/torch": {
    "criteria": {
      "has_stone_pickaxe": "2024-07-05 20:21:40 +0000"
    },
    "done": true
  },
  "connectedglass:recipes/buildingblocks/tinted_borderless_glass_orange2": {
    "criteria": {
      "recipe_condition2": "2024-07-05 04:11:10 +0000"
    },
    "done": true
  },
  "minecraft:recipes/tools/shears": {
    "criteria": {
      "has_iron_ingot": "2024-07-05 20:31:35 +0000"
    },
    "done": true
  },
  "minecraft:recipes/misc/stick": {
    "criteria": {
      "has_planks": "2024-07-05 20:18:44 +0000"
    },
    "done": true
  },
  "connectedglass:recipes/buildingblocks/tinted_glass": {
    "criteria": {
      "recipe_condition": "2024-07-05 04:11:10 +0000"
    },
    "done": true
  },
  "connectedglass:recipes/decorations/borderless_glass_red_pane2": {
    "criteria": {
      "recipe_condition2": "2024-07-05 04:11:10 +0000"
    },
    "done": true
  },
  "minecraft:recipes/redstone/dispenser": {
    "criteria": {
      "has_bow": "2024-07-05 20:28:39 +0000"
    },
    "done": true
  },
  "dungeontactics:recipes/traps/fan_block": {
    "criteria": {
      "has_item": "2024-07-09 21:26:28 +0000"
    },
    "done": true
  },
  "dungeontactics:recipes/misc/convenience/string_from_wool": {
    "criteria": {
      "has_string": "2024-07-09 20:22:23 +0000"
    },
    "done": true
  },
  "dungeontactics:recipes/misc/diamond": {
    "criteria": {
      "has_recipe": "2024-07-09 20:22:23 +0000"
    },
    "done": true
  },
  "dungeontactics:recipes/weapons/golden_weapons": {
    "criteria": {
      "has_item": "2024-07-09 21:22:07 +0000"
    },
    "done": true
  },
  "minecraft:recipes/building_blocks/dark_oak_planks": {
    "criteria": {
      "has_log2": "2024-07-08 21:49:12 +0000"
    },
    "done": true
  },
  "dungeontactics:recipes/tools/boomglove": {
    "criteria": {
      "has_gunpowder": "2024-07-09 20:22:23 +0000"
    },
    "done": true
  },
  "minecraft:recipes/combat/iron_leggings": {
    "criteria": {
      "has_iron_ingot": "2024-07-05 20:31:35 +0000"
    },
    "done": true
  },
  "minecraft:recipes/building_blocks/sandstone_stairs": {
    "criteria": {
      "has_sandstone": "2024-07-05 20:25:14 +0000"
    },
    "done": true
  },
  "minecraft:recipes/redstone/dark_oak_door": {
    "criteria": {
      "has_planks": "2024-07-08 22:22:59 +0000"
    },
    "done": true
  },
  "minecraft:recipes/brewing/golden_carrot": {
    "criteria": {
      "has_gold_nugget": "2024-07-13 07:10:49 +0000"
    },
    "done": true
  },
  "minecraft:recipes/combat/shield": {
    "criteria": {
      "has_iron_ingot": "2024-07-05 20:31:35 +0000"
    },
    "done": true
  },
  "minecraft:recipes/decorations/brown_banner": {
    "criteria": {
      "has_brown_wool": "2024-07-09 21:56:17 +0000"
    },
    "done": true
  },
  "minecraft:recipes/building_blocks/cobblestone_slab": {
    "criteria": {
      "has_cobblestone": "2024-07-05 20:19:22 +0000"
    },
    "done": true
  },
  "connectedglass:recipes/buildingblocks/tinted_borderless_glass_white2": {
    "criteria": {
      "recipe_condition2": "2024-07-05 04:11:10 +0000"
    },
    "done": true
  },
  "minecraft:recipes/misc/iron_ingot_from_block": {
    "criteria": {
      "has_the_recipe": "2024-07-05 20:31:35 +0000"
    },
    "done": true
  },
  "minecraft:recipes/decorations/gray_bed": {
    "criteria": {
      "has_gray_wool": "2024-07-08 03:04:58 +0000"
    },
    "done": true
  },
  "connectedglass:recipes/buildingblocks/borderless_glass_gray2": {
    "criteria": {
      "recipe_condition2": "2024-07-05 04:11:10 +0000"
    },
    "done": true
  },
  "minecraft:recipes/redstone/hopper": {
    "criteria": {
      "has_iron_ingot": "2024-07-05 20:31:35 +0000"
    },
    "done": true
  },
  "connectedglass:recipes/buildingblocks/tinted_borderless_glass_light_blue2": {
    "criteria": {
      "recipe_condition2": "2024-07-05 04:11:10 +0000"
    },
    "done": true
  },
  "connectedglass:recipes/buildingblocks/clear_glass_green2": {
    "criteria": {
      "recipe_condition2": "2024-07-05 04:11:10 +0000"
    },
    "done": true
  },
  "minecraft:recipes/building_blocks/coarse_dirt": {
    "criteria": {
      "has_gravel": "2024-07-09 21:15:50 +0000"
    },
    "done": true
  },
  "minecraft:recipes/redstone/fence_gate": {
    "criteria": {
      "has_planks": "2024-07-05 21:56:49 +0000"
    },
    "done": true
  },
  "connectedglass:recipes/buildingblocks/scratched_glass_blue2": {
    "criteria": {
      "recipe_condition2": "2024-07-05 04:11:10 +0000"
    },
    "done": true
  },
  "minecraft:recipes/building_blocks/light_gray_concrete_powder": {
    "criteria": {
      "has_sand": "2024-07-05 20:25:49 +0000"
    },
    "done": true
  },
  "connectedglass:recipes/buildingblocks/borderless_glass_lime2": {
    "criteria": {
      "recipe_condition2": "2024-07-05 04:11:10 +0000"
    },
    "done": true
  },
  "mcwlights:recipes/redstone_slab": {
    "criteria": {
      "has_wood": "2024-07-09 20:22:23 +0000"
    },
    "done": true
  },
  "betteranimalsplus:shark_target_player": {
    "criteria": {
      "targeted": "2024-07-08 21:21:57 +0000"
    },
    "done": true
  },
  "dungeontactics:dungeoneering/root": {
    "criteria": {
      "kill": "2024-07-09 20:32:38 +0000"
    },
    "done": true
  },
  "minecraft:recipes/combat/leather_leggings": {
    "criteria": {
      "has_leather": "2024-07-05 21:22:21 +0000"
    },
    "done": true
  },
  "minecraft:recipes/building_blocks/pink_concrete_powder": {
    "criteria": {
      "has_sand": "2024-07-05 20:25:49 +0000"
    },
    "done": true
  },
  "minecraft:recipes/building_blocks/sandstone_slab": {
    "criteria": {
      "has_sandstone": "2024-07-05 20:25:14 +0000"
    },
    "done": true
  },
  "connectedglass:recipes/decorations/clear_glass_white_pane2": {
    "criteria": {
      "recipe_condition2": "2024-07-05 04:11:10 +0000"
    },
    "done": true
  },
  "minecraft:recipes/building_blocks/yellow_stained_glass": {
    "criteria": {
      "has_glass": "2024-07-05 21:49:09 +0000"
    },
    "done": true
  },
  "minecraft:recipes/decorations/acacia_fence": {
    "criteria": {
      "has_planks": "2024-07-05 20:18:44 +0000"
    },
    "done": true
  },
  "connectedglass:recipes/decorations/borderless_glass_black_pane2": {
    "criteria": {
      "recipe_condition2": "2024-07-05 04:11:10 +0000"
    },
    "done": true
  },
  "minecraft:recipes/decorations/magenta_bed_from_white_bed": {
    "criteria": {
      "has_bed": "2024-07-05 22:58:19 +0000"
    },
    "done": true
  },
  "minecraft:recipes/decorations/iron_bars": {
    "criteria": {
      "has_iron_ingot": "2024-07-05 20:31:35 +0000"
    },
    "done": true
  },
  "connectedglass:recipes/decorations/borderless_glass_cyan_pane2": {
    "criteria": {
      "recipe_condition2": "2024-07-05 04:11:10 +0000"
    },
    "done": true
  },
  "minecraft:recipes/misc/sugar": {
    "criteria": {
      "has_reeds": "2024-07-08 03:09:40 +0000"
    },
    "done": true
  },
  "connectedglass:recipes/buildingblocks/scratched_glass_red2": {
    "criteria": {
      "recipe_condition2": "2024-07-05 04:11:10 +0000"
    },
    "done": true
  },
  "minecraft:recipes/building_blocks/gold_block": {
    "criteria": {
      "has_at_least_9_gold_ingot": "2024-07-05 21:47:48 +0000"
    },
    "done": true
  },
  "minecraft:recipes/building_blocks/blue_wool": {
    "criteria": {
      "has_white_wool": "2024-07-08 03:04:54 +0000"
    },
    "done": true
  },
  "minecraft:story/obtain_armor": {
    "criteria": {
      "iron_boots": "2024-07-05 20:49:54 +0000",
      "iron_leggings": "2024-07-05 20:49:54 +0000",
      "iron_helmet": "2024-07-05 20:49:54 +0000"
    },
    "done": true
  },
  "dungeontactics:recipes/misc/radio": {
    "criteria": {
      "has_far": "2024-07-11 23:37:23 +0000"
    },
    "done": true
  },
  "minecraft:recipes/redstone/comparator": {
    "criteria": {
      "has_quartz": "2024-07-09 20:51:56 +0000"
    },
    "done": true
  },
  "minecraft:recipes/brewing/cauldron": {
    "criteria": {
      "has_water_bucket": "2024-07-08 20:27:34 +0000"
    },
    "done": true
  },
  "minecraft:recipes/combat/diamond_leggings": {
    "criteria": {
      "has_diamond": "2024-07-05 20:37:13 +0000"
    },
    "done": true
  },
  "minecraft:recipes/decorations/gray_stained_glass_pane": {
    "criteria": {
      "has_glass": "2024-07-05 21:49:09 +0000"
    },
    "done": true
  },
  "minecraft:recipes/decorations/armor_stand": {
    "criteria": {
      "has_stone_slab": "2024-07-13 06:50:54 +0000"
    },
    "done": true
  },
  "minecraft:recipes/building_blocks/sandstone": {
    "criteria": {
      "has_sand": "2024-07-05 20:25:49 +0000"
    },
    "done": true
  },
  "minecraft:recipes/building_blocks/red_stained_glass": {
    "criteria": {
      "has_glass": "2024-07-05 21:49:09 +0000"
    },
    "done": true
  },
  "minecraft:adventure/sleep_in_bed": {
    "criteria": {
      "slept_in_bed": "2024-07-05 22:52:20 +0000"
    },
    "done": true
  },
  "connectedglass:recipes/decorations/scratched_glass_silver_pane2": {
    "criteria": {
      "recipe_condition2": "2024-07-05 04:11:10 +0000"
    },
    "done": true
  },
  "tombstone:tutorial/enchant_grave_key": {
    "criteria": {
      "has_upgraded_grave_key": "2024-07-11 23:28:44 +0000"
    },
    "done": true
  },
  "blue_skies:recipes/blocks/wood/frostbright_fence": {
    "criteria": {
      "has_item": "2024-07-08 20:38:00 +0000"
    },
    "done": true
  },
  "minecraft:story/lava_bucket": {
    "criteria": {
      "lava_bucket": "2024-07-09 20:28:23 +0000"
    },
    "done": true
  },
  "connectedglass:recipes/decorations/scratched_glass_magenta_pane2": {
    "criteria": {
      "recipe_condition2": "2024-07-05 04:11:10 +0000"
    },
    "done": true
  },
  "minecraft:recipes/building_blocks/oak_stairs": {
    "criteria": {
      "has_planks": "2024-07-05 21:56:49 +0000"
    },
    "done": true
  },
  "minecraft:recipes/transportation/acacia_boat": {
    "criteria": {
      "entered_water": "2024-07-05 04:15:01 +0000"
    },
    "done": true
  },
  "connectedglass:recipes/buildingblocks/clear_glass_brown2": {
    "criteria": {
      "recipe_condition2": "2024-07-05 04:11:10 +0000"
    },
    "done": true
  },
  "minecraft:recipes/redstone/iron_trapdoor": {
    "criteria": {
      "has_iron_ingot": "2024-07-05 20:31:35 +0000"
    },
    "done": true
  },
  "minecraft:adventure/root": {
    "criteria": {
      "killed_something": "2024-07-05 20:21:57 +0000"
    },
    "done": true
  },
  "connectedglass:recipes/buildingblocks/clear_glass_black2": {
    "criteria": {
      "recipe_condition2": "2024-07-05 04:11:10 +0000"
    },
    "done": true
  },
  "connectedglass:recipes/buildingblocks/tinted_borderless_glass_green2": {
    "criteria": {
      "recipe_condition2": "2024-07-05 04:11:10 +0000"
    },
    "done": true
  },
  "minecraft:recipes/decorations/gray_bed_from_white_bed": {
    "criteria": {
      "has_bed": "2024-07-05 22:58:19 +0000"
    },
    "done": true
  },
  "minecraft:recipes/building_blocks/white_concrete_powder": {
    "criteria": {
      "has_sand": "2024-07-05 20:25:49 +0000"
    },
    "done": true
  },
  "minecraft:recipes/tools/diamond_pickaxe": {
    "criteria": {
      "has_diamond": "2024-07-05 20:37:13 +0000"
    },
    "done": true
  },
  "minecraft:adventure/kill_all_mobs": {
    "criteria": {
      "zombie_villager": "2024-07-05 20:43:28 +0000",
      "skeleton": "2024-07-05 20:28:41 +0000",
      "zombie": "2024-07-05 20:38:49 +0000",
      "spider": "2024-07-05 20:32:31 +0000",
      "creeper": "2024-07-11 23:17:54 +0000",
      "enderman": "2024-07-08 02:26:27 +0000"
    },
    "done": false
  },
  "connectedglass:recipes/buildingblocks/scratched_glass_orange2": {
    "criteria": {
      "recipe_condition2": "2024-07-05 04:11:10 +0000"
    },
    "done": true
  },
  "minecraft:story/enchant_item": {
    "criteria": {
      "enchanted_item": "2024-07-06 22:04:29 +0000"
    },
    "done": true
  },
  "connectedglass:recipes/decorations/scratched_glass_blue_pane2": {
    "criteria": {
      "recipe_condition2": "2024-07-05 04:11:10 +0000"
    },
    "done": true
  },
  "connectedglass:recipes/buildingblocks/tinted_borderless_glass_brown2": {
    "criteria": {
      "recipe_condition2": "2024-07-05 04:11:10 +0000"
    },
    "done": true
  },
  "connectedglass:recipes/buildingblocks/borderless_glass_blue2": {
    "criteria": {
      "recipe_condition2": "2024-07-05 04:11:10 +0000"
    },
    "done": true
  },
  "minecraft:recipes/redstone/redstone_block": {
    "criteria": {
      "has_at_least_9_redstone": "2024-07-05 20:58:17 +0000"
    },
    "done": true
  },
  "betteranimalsplus:ultimate_succening": {
    "criteria": {
      "zotz_succ": "2024-07-08 23:00:04 +0000"
    },
    "done": false
  },
  "connectedglass:recipes/decorations/scratched_glass_light_blue_pane2": {
    "criteria": {
      "recipe_condition2": "2024-07-05 04:11:10 +0000"
    },
    "done": true
  },
  "minecraft:recipes/building_blocks/lime_stained_glass": {
    "criteria": {
      "has_glass": "2024-07-05 21:49:09 +0000"
    },
    "done": true
  },
  "minecraft:recipes/decorations/pink_bed_from_white_bed": {
    "criteria": {
      "has_bed": "2024-07-05 22:58:19 +0000"
    },
    "done": true
  },
  "minecraft:recipes/decorations/pink_stained_glass_pane": {
    "criteria": {
      "has_glass": "2024-07-05 21:49:09 +0000"
    },
    "done": true
  },
  "connectedglass:recipes/decorations/clear_glass_gray_pane2": {
    "criteria": {
      "recipe_condition2": "2024-07-05 04:11:10 +0000"
    },
    "done": true
  },
  "minecraft:recipes/redstone/dark_oak_fence_gate": {
    "criteria": {
      "has_planks": "2024-07-08 22:22:59 +0000"
    },
    "done": true
  },
  "minecraft:recipes/decorations/brown_bed": {
    "criteria": {
      "has_brown_wool": "2024-07-09 21:56:17 +0000"
    },
    "done": true
  },
  "dungeontactics:recipes/misc/rings": {
    "criteria": {
      "has_gold": "2024-07-13 07:10:49 +0000"
    },
    "done": true
  },
  "minecraft:recipes/building_blocks/light_blue_stained_glass": {
    "criteria": {
      "has_glass": "2024-07-05 21:49:09 +0000"
    },
    "done": true
  },
  "minecraft:recipes/building_blocks/orange_concrete_powder": {
    "criteria": {
      "has_sand": "2024-07-05 20:25:49 +0000"
    },
    "done": true
  },
  "minecraft:recipes/decorations/blue_stained_glass_pane": {
    "criteria": {
      "has_glass": "2024-07-05 21:49:09 +0000"
    },
    "done": true
  },
  "connectedglass:recipes/decorations/clear_glass_light_blue_pane2": {
    "criteria": {
      "recipe_condition2": "2024-07-05 04:11:10 +0000"
    },
    "done": true
  },
  "connectedglass:recipes/decorations/borderless_glass_yellow_pane2": {
    "criteria": {
      "recipe_condition2": "2024-07-05 04:11:10 +0000"
    },
    "done": true
  },
  "blue_skies:recipes/blocks/utility/lunar_furnace": {
    "criteria": {
      "has_stone": "2024-07-08 20:18:11 +0000"
    },
    "done": true
  },
  "blue_skies:recipes/blocks/wood/cherry_chest": {
    "criteria": {
      "has_planks": "2024-07-08 20:18:11 +0000"
    },
    "done": true
  },
  "dungeontactics:recipes/weapons/slingshot": {
    "criteria": {
      "has_item": "2024-07-09 20:22:23 +0000"
    },
    "done": true
  },
  "dungeontactics:recipes/armour/golden_plate_armour": {
    "criteria": {
      "has_item": "2024-07-09 21:22:07 +0000"
    },
    "done": true
  },
  "minecraft:recipes/misc/cyan_dye": {
    "criteria": {
      "has_lapis": "2024-07-05 20:38:38 +0000"
    },
    "done": true
  },
  "dungeontactics:recipes/misc/ration": {
    "criteria": {
      "has_item": "2024-07-09 20:22:23 +0000"
    },
    "done": true
  },
  "minecraft:recipes/building_blocks/black_wool": {
    "criteria": {
      "has_white_wool": "2024-07-08 03:04:54 +0000"
    },
    "done": true
  },
  "minecraft:recipes/combat/golden_chestplate": {
    "criteria": {
      "has_gold_ingot": "2024-07-05 21:47:48 +0000"
    },
    "done": true
  },
  "dungeontactics:recipes/tools/ducttape": {
    "criteria": {
      "has_anvil": "2024-07-09 21:44:15 +0000"
    },
    "done": true
  },
  "minecraft:recipes/misc/magenta_dye_from_lapis_red_pink": {
    "criteria": {
      "has_lapis": "2024-07-05 20:38:38 +0000"
    },
    "done": true
  },
  "connectedglass:recipes/buildingblocks/borderless_glass_red2": {
    "criteria": {
      "recipe_condition2": "2024-07-05 04:11:10 +0000"
    },
    "done": true
  },
  "minecraft:recipes/brewing/glass_bottle": {
    "criteria": {
      "has_glass": "2024-07-05 21:49:09 +0000"
    },
    "done": true
  },
  "treasure2:recipes/thiefs_lock_pick": {
    "criteria": {
      "has_iron_ingot": "2024-07-05 20:31:35 +0000"
    },
    "done": true
  },
  "connectedglass:recipes/buildingblocks/borderless_glass_black2": {
    "criteria": {
      "recipe_condition2": "2024-07-05 04:11:10 +0000"
    },
    "done": true
  },
  "minecraft:recipes/decorations/light_blue_stained_glass_pane": {
    "criteria": {
      "has_glass": "2024-07-05 21:49:09 +0000"
    },
    "done": true
  },
  "tombstone:tutorial/find_grave_dust": {
    "criteria": {
      "has_grave_dust": "2024-07-11 23:32:04 +0000"
    },
    "done": true
  },
  "minecraft:recipes/building_blocks/iron_block": {
    "criteria": {
      "has_at_least_9_iron_ingot": "2024-07-05 20:31:35 +0000"
    },
    "done": true
  },
  "minecraft:recipes/misc/red_dye_from_poppy": {
    "criteria": {
      "has_red_flower": "2024-07-09 22:10:23 +0000"
    },
    "done": true
  },
  "connectedglass:recipes/decorations/scratched_glass_white_pane2": {
    "criteria": {
      "recipe_condition2": "2024-07-05 04:11:10 +0000"
    },
    "done": true
  },
  "dungeontactics:recipes/traps/powered_fence": {
    "criteria": {
      "has_item": "2024-07-09 21:26:28 +0000"
    },
    "done": true
  },
  "minecraft:recipes/redstone/wooden_pressure_plate": {
    "criteria": {
      "has_planks": "2024-07-05 20:18:44 +0000"
    },
    "done": true
  },
  "treasure2:recipes/treasure_tool": {
    "criteria": {
      "has_iron_ingot": "2024-07-05 20:31:35 +0000"
    },
    "done": true
  },
  "mowziesmobs:root": {
    "criteria": {
      "custom_test_name": "2024-07-05 04:11:10 +0000"
    },
    "done": true
  },
  "minecraft:recipes/building_blocks/clay": {
    "criteria": {
      "has_clay_ball": "2024-07-08 21:19:18 +0000"
    },
    "done": true
  },
  "minecraft:recipes/misc/yellow_dye_from_dandelion": {
    "criteria": {
      "has_yellow_flower": "2024-07-08 21:59:51 +0000"
    },
    "done": true
  },
  "minecraft:recipes/building_blocks/green_stained_glass": {
    "criteria": {
      "has_glass": "2024-07-05 21:49:09 +0000"
    },
    "done": true
  },
  "tombstone:tutorial/chain_death": {
    "criteria": {
      "coded_trigger": "2024-07-11 23:33:26 +0000"
    },
    "done": true
  },
  "minecraft:story/deflect_arrow": {
    "criteria": {
      "deflected_projectile": "2024-07-05 20:41:20 +0000"
    },
    "done": true
  },
  "minecraft:recipes/building_blocks/light_blue_wool": {
    "criteria": {
      "has_white_wool": "2024-07-08 03:04:54 +0000"
    },
    "done": true
  },
  "minecraft:recipes/redstone/wooden_button": {
    "criteria": {
      "has_planks": "2024-07-05 20:18:44 +0000"
    },
    "done": true
  },
  "minecraft:recipes/combat/wooden_sword": {
    "criteria": {
      "has_stick": "2024-07-05 20:18:49 +0000"
    },
    "done": true
  },
  "minecraft:recipes/decorations/gray_banner": {
    "criteria": {
      "has_gray_wool": "2024-07-08 03:04:58 +0000"
    },
    "done": true
  },
  "minecraft:recipes/building_blocks/oak_planks": {
    "criteria": {
      "has_log": "2024-07-05 21:18:45 +0000"
    },
    "done": true
  },
  "mcwlights:recipes/glowstone_slab": {
    "criteria": {
      "has_wood": "2024-07-09 20:22:23 +0000"
    },
    "done": true
  },
  "connectedglass:recipes/decorations/borderless_glass_green_pane2": {
    "criteria": {
      "recipe_condition2": "2024-07-05 04:11:10 +0000"
    },
    "done": true
  },
  "minecraft:recipes/building_blocks/gray_concrete_powder": {
    "criteria": {
      "has_sand": "2024-07-05 20:25:49 +0000"
    },
    "done": true
  },
  "minecraft:recipes/building_blocks/bookshelf": {
    "criteria": {
      "has_book": "2024-07-05 20:35:21 +0000"
    },
    "done": true
  },
  "minecraft:recipes/tools/golden_axe": {
    "criteria": {
      "has_gold_ingot": "2024-07-05 21:47:48 +0000"
    },
    "done": true
  },
  "minecraft:recipes/decorations/fence": {
    "criteria": {
      "has_planks": "2024-07-05 21:56:49 +0000"
    },
    "done": true
  },
  "dungeontactics:recipes/tools/climbing_rope": {
    "criteria": {
      "has_item": "2024-07-09 20:22:23 +0000"
    },
    "done": true
  },
  "connectedglass:recipes/decorations/borderless_glass_white_pane2": {
    "criteria": {
      "recipe_condition2": "2024-07-05 04:11:10 +0000"
    },
    "done": true
  },
  "minecraft:recipes/tools/iron_axe": {
    "criteria": {
      "has_iron_ingot": "2024-07-05 20:31:35 +0000"
    },
    "done": true
  },
  "connectedglass:recipes/decorations/scratched_glass_red_pane2": {
    "criteria": {
      "recipe_condition2": "2024-07-05 04:11:10 +0000"
    },
    "done": true
  },
  "minecraft:recipes/decorations/gray_carpet": {
    "criteria": {
      "has_gray_wool": "2024-07-08 03:04:58 +0000"
    },
    "done": true
  },
  "mcwlights:recipes/sea_lantern_slab": {
    "criteria": {
      "has_wood": "2024-07-09 20:22:23 +0000"
    },
    "done": true
  },
  "minecraft:recipes/redstone/tripwire_hook": {
    "criteria": {
      "has_string": "2024-07-05 20:28:24 +0000"
    },
    "done": true
  },
  "connectedglass:recipes/decorations/borderless_glass_brown_pane2": {
    "criteria": {
      "recipe_condition2": "2024-07-05 04:11:10 +0000"
    },
    "done": true
  },
  "minecraft:recipes/building_blocks/dark_oak_wooden_slab": {
    "criteria": {
      "has_planks": "2024-07-08 22:22:59 +0000"
    },
    "done": true
  },
  "minecraft:recipes/combat/iron_boots": {
    "criteria": {
      "has_iron_ingot": "2024-07-05 20:31:35 +0000"
    },
    "done": true
  },
  "minecraft:recipes/building_blocks/birch_planks": {
    "criteria": {
      "has_log": "2024-07-08 20:31:13 +0000"
    },
    "done": true
  },
  "minecraft:recipes/misc/bone_meal_from_bone": {
    "criteria": {
      "has_bone": "2024-07-05 20:41:27 +0000"
    },
    "done": true
  },
  "minecraft:recipes/building_blocks/black_concrete_powder": {
    "criteria": {
      "has_sand": "2024-07-05 20:25:49 +0000"
    },
    "done": true
  },
  "connectedglass:recipes/decorations/clear_glass_brown_pane2": {
    "criteria": {
      "recipe_condition2": "2024-07-05 04:11:10 +0000"
    },
    "done": true
  },
  "minecraft:story/iron_tools": {
    "criteria": {
      "iron_pickaxe": "2024-07-05 20:32:05 +0000"
    },
    "done": true
  },
  "connectedglass:recipes/buildingblocks/tinted_borderless_glass_gray2": {
    "criteria": {
      "recipe_condition2": "2024-07-05 04:11:10 +0000"
    },
    "done": true
  },
  "blue_skies:recipes/blocks/wood/frostbright_chest": {
    "criteria": {
      "has_planks": "2024-07-08 20:18:11 +0000"
    },
    "done": true
  },
  "minecraft:recipes/redstone/stone_button": {
    "criteria": {
      "has_stone": "2024-07-13 06:40:16 +0000"
    },
    "done": true
  },
  "minecraft:recipes/combat/iron_chestplate": {
    "criteria": {
      "has_iron_ingot": "2024-07-05 20:31:35 +0000"
    },
    "done": true
  },
  "dungeontactics:dungeoneering/born_survivor": {
    "criteria": {
      "stab": "2024-07-09 20:22:23 +0000",
      "cherrybomb": "2024-07-09 20:32:03 +0000"
    },
    "done": false
  },
  "connectedglass:recipes/buildingblocks/clear_glass_purple2": {
    "criteria": {
      "recipe_condition2": "2024-07-05 04:11:10 +0000"
    },
    "done": true
  },
  "minecraft:recipes/building_blocks/yellow_wool": {
    "criteria": {
      "has_white_wool": "2024-07-08 03:04:54 +0000"
    },
    "done": true
  },
  "connectedglass:recipes/decorations/clear_glass_cyan_pane2": {
    "criteria": {
      "recipe_condition2": "2024-07-05 04:11:10 +0000"
    },
    "done": true
  },
  "connectedglass:recipes/buildingblocks/clear_glass_lime2": {
    "criteria": {
      "recipe_condition2": "2024-07-05 04:11:10 +0000"
    },
    "done": true
  },
  "connectedglass:recipes/buildingblocks/borderless_glass_cyan2": {
    "criteria": {
      "recipe_condition2": "2024-07-05 04:11:10 +0000"
    },
    "done": true
  },
  "minecraft:recipes/redstone/noteblock": {
    "criteria": {
      "has_redstone": "2024-07-05 20:34:43 +0000"
    },
    "done": true
  },
  "minecraft:recipes/building_blocks/red_concrete_powder": {
    "criteria": {
      "has_sand": "2024-07-05 20:25:49 +0000"
    },
    "done": true
  },
  "minecraft:recipes/decorations/light_blue_bed_from_white_bed": {
    "criteria": {
      "has_bed": "2024-07-05 22:58:19 +0000"
    },
    "done": true
  },
  "connectedglass:recipes/buildingblocks/scratched_glass_brown2": {
    "criteria": {
      "recipe_condition2": "2024-07-05 04:11:10 +0000"
    },
    "done": true
  },
  "tombstone:tutorial/root": {
    "criteria": {
      "auto": "2024-07-10 22:54:28 +0000"
    },
    "done": true
  },
  "minecraft:adventure/kill_a_mob": {
    "criteria": {
      "skeleton": "2024-07-05 20:28:41 +0000"
    },
    "done": true
  },
  "connectedglass:recipes/buildingblocks/tinted_borderless_glass_pink2": {
    "criteria": {
      "recipe_condition2": "2024-07-05 04:11:10 +0000"
    },
    "done": true
  },
  "connectedglass:recipes/decorations/clear_glass_lime_pane2": {
    "criteria": {
      "recipe_condition2": "2024-07-05 04:11:10 +0000"
    },
    "done": true
  },
  "minecraft:recipes/tools/golden_pickaxe": {
    "criteria": {
      "has_gold_ingot": "2024-07-05 21:47:48 +0000"
    },
    "done": true
  },
  "connectedglass:recipes/buildingblocks/tinted_borderless_glass_red2": {
    "criteria": {
      "recipe_condition2": "2024-07-05 04:11:10 +0000"
    },
    "done": true
  },
  "dungeontactics:recipes/misc/lantern_iron": {
    "criteria": {
      "has_torch": "2024-07-09 20:43:49 +0000",
      "has_iron": "2024-07-09 20:43:49 +0000"
    },
    "done": true
  },
  "connectedglass:recipes/buildingblocks/scratched_glass_lime2": {
    "criteria": {
      "recipe_condition2": "2024-07-05 04:11:10 +0000"
    },
    "done": true
  },
  "minecraft:adventure/adventuring_time": {
    "criteria": {
      "forest": "2024-07-06 21:41:41 +0000",
      "swampland": "2024-07-08 21:18:36 +0000",
      "birch_forest": "2024-07-08 21:28:25 +0000",
      "deep_ocean": "2024-07-08 21:17:27 +0000",
      "beaches": "2024-07-08 03:14:41 +0000",
      "desert_hills": "2024-07-05 20:23:50 +0000",
      "forest_hills": "2024-07-08 03:14:00 +0000",
      "savanna": "2024-07-05 04:11:10 +0000",
      "plains": "2024-07-06 21:36:56 +0000",
      "savanna_rock": "2024-07-05 21:22:17 +0000",
      "taiga": "2024-07-13 07:03:37 +0000",
      "birch_forest_hills": "2024-07-08 21:31:16 +0000",
      "ocean": "2024-07-08 03:44:52 +0000",
      "roofed_forest": "2024-07-08 21:49:15 +0000",
      "river": "2024-07-05 21:20:41 +0000",
      "desert": "2024-07-05 20:23:33 +0000"
    },
    "done": false
  },
  "minecraft:recipes/misc/book": {
    "criteria": {
      "has_paper": "2024-07-05 20:35:21 +0000"
    },
    "done": true
  },
  "minecraft:recipes/decorations/purple_bed_from_white_bed": {
    "criteria": {
      "has_bed": "2024-07-05 22:58:19 +0000"
    },
    "done": true
  },
  "minecraft:recipes/combat/stone_sword": {
    "criteria": {
      "has_cobblestone": "2024-07-05 20:19:22 +0000"
    },
    "done": true
  },
  "minecraft:recipes/decorations/cobblestone_wall": {
    "criteria": {
      "has_cobblestone": "2024-07-05 20:19:22 +0000"
    },
    "done": true
  },
  "minecraft:recipes/brewing/fermented_spider_eye": {
    "criteria": {
      "has_spider_eye": "2024-07-05 20:43:23 +0000"
    },
    "done": true
  },
  "blue_skies:recipes/blocks/wood/dusk_chest": {
    "criteria": {
      "has_planks": "2024-07-08 20:18:11 +0000"
    },
    "done": true
  },
  "minecraft:recipes/tools/stone_pickaxe": {
    "criteria": {
      "has_cobblestone": "2024-07-05 20:19:22 +0000"
    },
    "done": true
  },
  "connectedglass:recipes/buildingblocks/borderless_glass_pink2": {
    "criteria": {
      "recipe_condition2": "2024-07-05 04:11:10 +0000"
    },
    "done": true
  },
  "connectedglass:recipes/decorations/scratched_glass_gray_pane2": {
    "criteria": {
      "recipe_condition2": "2024-07-05 04:11:10 +0000"
    },
    "done": true
  },
  "minecraft:recipes/building_blocks/brown_stained_glass": {
    "criteria": {
      "has_glass": "2024-07-05 21:49:09 +0000"
    },
    "done": true
  },
  "minecraft:recipes/redstone/stone_pressure_plate": {
    "criteria": {
      "has_stone": "2024-07-13 06:40:16 +0000"
    },
    "done": true
  },
  "minecraft:recipes/transportation/boat": {
    "criteria": {
      "entered_water": "2024-07-05 04:15:01 +0000"
    },
    "done": true
  },
  "minecraft:recipes/misc/purple_dye": {
    "criteria": {
      "has_lapis": "2024-07-05 20:38:38 +0000"
    },
    "done": true
  },
  "minecraft:recipes/combat/leather_boots": {
    "criteria": {
      "has_leather": "2024-07-05 21:22:21 +0000"
    },
    "done": true
  },
  "connectedglass:recipes/decorations/scratched_glass_black_pane2": {
    "criteria": {
      "recipe_condition2": "2024-07-05 04:11:10 +0000"
    },
    "done": true
  },
  "blue_skies:rewards/blue_lore": {
    "criteria": {
      "tick": "2024-07-08 20:18:11 +0000"
    },
    "done": true
  },
  "mcwlights:recipes/paper_lamp": {
    "criteria": {
      "paper": "2024-07-09 20:43:49 +0000"
    },
    "done": true
  },
  "blue_skies:recipes/blocks/wood/maple_fence": {
    "criteria": {
      "has_item": "2024-07-08 20:38:00 +0000"
    },
    "done": true
  },
  "minecraft:recipes/building_blocks/light_gray_stained_glass": {
    "criteria": {
      "has_glass": "2024-07-05 21:49:09 +0000"
    },
    "done": true
  },
  "minecraft:recipes/decorations/brown_carpet": {
    "criteria": {
      "has_brown_wool": "2024-07-09 21:56:17 +0000"
    },
    "done": true
  },
  "dungeontactics:recipes/misc/convenience/books_from_shelves": {
    "criteria": {
      "has_book": "2024-07-09 21:28:43 +0000"
    },
    "done": true
  },
  "minecraft:recipes/building_blocks/diamond_block": {
    "criteria": {
      "has_at_least_9_diamond": "2024-07-05 20:37:30 +0000"
    },
    "done": true
  },
  "minecraft:recipes/decorations/red_stained_glass_pane": {
    "criteria": {
      "has_glass": "2024-07-05 21:49:09 +0000"
    },
    "done": true
  },
  "connectedglass:recipes/buildingblocks/scratched_glass_magenta2": {
    "criteria": {
      "recipe_condition2": "2024-07-05 04:11:10 +0000"
    },
    "done": true
  },
  "minecraft:recipes/building_blocks/lapis_block": {
    "criteria": {
      "has_at_least_9_lapis": "2024-07-05 20:38:41 +0000"
    },
    "done": true
  },
  "connectedglass:recipes/buildingblocks/clear_glass_silver2": {
    "criteria": {
      "recipe_condition2": "2024-07-05 04:11:10 +0000"
    },
    "done": true
  },
  "connectedglass:recipes/buildingblocks/scratched_glass_green2": {
    "criteria": {
      "recipe_condition2": "2024-07-05 04:11:10 +0000"
    },
    "done": true
  },
  "dungeontactics:recipes/armour/stone_plate_armour": {
    "criteria": {
      "has_item": "2024-07-09 20:22:23 +0000"
    },
    "done": true
  },
  "cfm:root": {
    "criteria": {
      "tick": "2024-07-05 04:11:10 +0000"
    },
    "done": true
  },
  "connectedglass:recipes/decorations/borderless_glass_orange_pane2": {
    "criteria": {
      "recipe_condition2": "2024-07-05 04:11:10 +0000"
    },
    "done": true
  },
  "minecraft:recipes/misc/diamond": {
    "criteria": {
      "has_the_recipe": "2024-07-05 20:37:30 +0000"
    },
    "done": true
  },
  "minecraft:recipes/building_blocks/polished_diorite": {
    "criteria": {
      "has_stone": "2024-07-05 20:40:46 +0000"
    },
    "done": true
  },
  "minecraft:recipes/building_blocks/light_gray_wool": {
    "criteria": {
      "has_white_wool": "2024-07-08 03:04:54 +0000"
    },
    "done": true
  },
  "minecraft:recipes/decorations/red_bed_from_white_bed": {
    "criteria": {
      "has_bed": "2024-07-05 22:58:19 +0000"
    },
    "done": true
  },
  "minecraft:recipes/building_blocks/acacia_stairs": {
    "criteria": {
      "has_planks": "2024-07-05 20:18:44 +0000"
    },
    "done": true
  },
  "minecraft:recipes/building_blocks/red_wool": {
    "criteria": {
      "has_white_wool": "2024-07-08 03:04:54 +0000"
    },
    "done": true
  },
  "iceandfire:iceandfire/lectern": {
    "criteria": {
      "bestiary": "2024-07-09 21:28:49 +0000"
    },
    "done": true
  },
  "connectedglass:recipes/buildingblocks/clear_glass_light_blue2": {
    "criteria": {
      "recipe_condition2": "2024-07-05 04:11:10 +0000"
    },
    "done": true
  },
  "minecraft:recipes/tools/stone_axe": {
    "criteria": {
      "has_cobblestone": "2024-07-05 20:19:22 +0000"
    },
    "done": true
  },
  "dungeontactics:recipes/weapons/diamond_weapons": {
    "criteria": {
      "has_item": "2024-07-09 20:22:23 +0000"
    },
    "done": true
  },
  "connectedglass:recipes/decorations/clear_glass_purple_pane2": {
    "criteria": {
      "recipe_condition2": "2024-07-05 04:11:10 +0000"
    },
    "done": true
  },
  "minecraft:recipes/building_blocks/purple_wool": {
    "criteria": {
      "has_white_wool": "2024-07-08 03:04:54 +0000"
    },
    "done": true
  },
  "minecraft:recipes/building_blocks/magenta_concrete_powder": {
    "criteria": {
      "has_sand": "2024-07-05 20:25:49 +0000"
    },
    "done": true
  },
  "connectedglass:recipes/decorations/scratched_glass_orange_pane2": {
    "criteria": {
      "recipe_condition2": "2024-07-05 04:11:10 +0000"
    },
    "done": true
  },
  "dungeontactics:recipes/armour/diamond_plate_armour": {
    "criteria": {
      "has_item": "2024-07-09 20:22:23 +0000"
    },
    "done": true
  },
  "connectedglass:recipes/decorations/borderless_glass_silver_pane2": {
    "criteria": {
      "recipe_condition2": "2024-07-05 04:11:10 +0000"
    },
    "done": true
  },
  "minecraft:recipes/misc/writable_book": {
    "criteria": {
      "has_book": "2024-07-05 20:35:21 +0000"
    },
    "done": true
  },
  "treasure2:recipes/spider_key": {
    "criteria": {
      "has_iron_key": "2024-07-08 22:12:37 +0000"
    },
    "done": true
  },
  "minecraft:recipes/building_blocks/oak_wooden_slab": {
    "criteria": {
      "has_planks": "2024-07-05 21:56:49 +0000"
    },
    "done": true
  },
  "minecraft:recipes/decorations/white_bed": {
    "criteria": {
      "has_white_wool": "2024-07-08 03:04:54 +0000"
    },
    "done": true
  },
  "iceandfire:iceandfire/bestiary": {
    "criteria": {
      "bestiary": "2024-07-09 21:24:01 +0000"
    },
    "done": true
  },
  "minecraft:recipes/redstone/redstone": {
    "criteria": {
      "has_the_recipe": "2024-07-05 20:58:17 +0000"
    },
    "done": true
  },
  "minecraft:recipes/tools/golden_hoe": {
    "criteria": {
      "has_gold_ingot": "2024-07-05 21:47:48 +0000"
    },
    "done": true
  },
  "dungeontactics:recipes/traps/witherweb": {
    "criteria": {
      "has_item": "2024-07-13 07:11:44 +0000"
    },
    "done": true
  },
  "minecraft:recipes/food/bread": {
    "criteria": {
      "has_wheat": "2024-07-13 06:28:56 +0000"
    },
    "done": true
  },
  "dungeontactics:recipes/misc/convenience/flint_from_gravel": {
    "criteria": {
      "has_gravel": "2024-07-09 21:15:50 +0000"
    },
    "done": true
  },
  "minecraft:recipes/decorations/lime_stained_glass_pane": {
    "criteria": {
      "has_glass": "2024-07-05 21:49:09 +0000"
    },
    "done": true
  },
  "connectedglass:recipes/decorations/borderless_glass_lime_pane2": {
    "criteria": {
      "recipe_condition2": "2024-07-05 04:11:10 +0000"
    },
    "done": true
  },
  "minecraft:recipes/misc/iron_nugget": {
    "criteria": {
      "has_iron_ingot": "2024-07-05 20:31:35 +0000"
    },
    "done": true
  },
  "minecraft:recipes/building_blocks/brown_concrete_powder": {
    "criteria": {
      "has_sand": "2024-07-05 20:25:49 +0000"
    },
    "done": true
  },
  "minecraft:recipes/decorations/black_bed_from_white_bed": {
    "criteria": {
      "has_bed": "2024-07-05 22:58:19 +0000"
    },
    "done": true
  },
  "connectedglass:recipes/decorations/scratched_glass_purple_pane2": {
    "criteria": {
      "recipe_condition2": "2024-07-05 04:11:10 +0000"
    },
    "done": true
  },
  "dungeontactics:recipes/misc/wooden_chair": {
    "criteria": {
      "has_recipe": "2024-07-09 21:50:05 +0000",
      "has_wood": "2024-07-09 21:50:05 +0000"
    },
    "done": true
  },
  "connectedglass:recipes/buildingblocks/borderless_glass_magenta2": {
    "criteria": {
      "recipe_condition2": "2024-07-05 04:11:10 +0000"
    },
    "done": true
  },
  "minecraft:recipes/combat/diamond_sword": {
    "criteria": {
      "has_diamond": "2024-07-05 20:37:13 +0000"
    },
    "done": true
  },
  "minecraft:recipes/decorations/cyan_stained_glass_pane": {
    "criteria": {
      "has_glass": "2024-07-05 21:49:09 +0000"
    },
    "done": true
  },
  "connectedglass:recipes/buildingblocks/scratched_glass_light_blue2": {
    "criteria": {
      "recipe_condition2": "2024-07-05 04:11:10 +0000"
    },
    "done": true
  },
  "minecraft:recipes/building_blocks/blue_stained_glass": {
    "criteria": {
      "has_glass": "2024-07-05 21:49:09 +0000"
    },
    "done": true
  },
  "minecraft:recipes/building_blocks/cyan_wool": {
    "criteria": {
      "has_white_wool": "2024-07-08 03:04:54 +0000"
    },
    "done": true
  },
  "dungeontactics:recipes/tools/alchemical_cauldron": {
    "criteria": {
      "has_ingot": "2024-07-09 21:22:07 +0000"
    },
    "done": true
  },
  "connectedglass:recipes/decorations/clear_glass_pink_pane2": {
    "criteria": {
      "recipe_condition2": "2024-07-05 04:11:10 +0000"
    },
    "done": true
  },
  "minecraft:recipes/decorations/sign": {
    "criteria": {
      "has_planks": "2024-07-05 20:18:44 +0000"
    },
    "done": true
  },
  "dungeontactics:recipes/misc/wooden_table": {
    "criteria": {
      "has_wood": "2024-07-09 21:50:05 +0000"
    },
    "done": true
  },
  "minecraft:recipes/transportation/spruce_boat": {
    "criteria": {
      "entered_water": "2024-07-05 04:15:01 +0000"
    },
    "done": true
  },
  "minecraft:recipes/decorations/jukebox": {
    "criteria": {
      "has_diamond": "2024-07-05 20:37:13 +0000"
    },
    "done": true
  },
  "mcwlights:recipes/tiki_torches": {
    "criteria": {
      "torch": "2024-07-09 20:43:49 +0000"
    },
    "done": true
  },
  "minecraft:recipes/building_blocks/diorite": {
    "criteria": {
      "has_quartz": "2024-07-09 20:51:56 +0000"
    },
    "done": true
  },
  "minecraft:recipes/tools/flint_and_steel": {
    "criteria": {
      "has_obsidian": "2024-07-06 21:36:31 +0000"
    },
    "done": true
  },
  "connectedglass:recipes/buildingblocks/clear_glass_cyan2": {
    "criteria": {
      "recipe_condition2": "2024-07-05 04:11:10 +0000"
    },
    "done": true
  },
  "minecraft:recipes/building_blocks/gray_wool": {
    "criteria": {
      "has_white_wool": "2024-07-08 03:04:54 +0000"
    },
    "done": true
  },
  "minecraft:recipes/misc/gold_nugget": {
    "criteria": {
      "has_gold_ingot": "2024-07-05 21:47:48 +0000"
    },
    "done": true
  },
  "connectedglass:recipes/buildingblocks/scratched_glass_pink2": {
    "criteria": {
      "recipe_condition2": "2024-07-05 04:11:10 +0000"
    },
    "done": true
  },
  "minecraft:husbandry/balanced_diet": {
    "criteria": {
      "cooked_porkchop": "2024-07-05 20:28:30 +0000",
      "cooked_mutton": "2024-07-08 21:22:20 +0000",
      "cooked_beef": "2024-07-05 21:52:37 +0000",
      "apple": "2024-07-09 20:41:14 +0000",
      "cooked_cod": "2024-07-09 23:50:18 +0000",
      "golden_apple": "2024-07-05 21:01:24 +0000",
      "bread": "2024-07-09 21:20:42 +0000"
    },
    "done": false
  },
  "connectedglass:recipes/buildingblocks/tinted_borderless_glass_silver2": {
    "criteria": {
      "recipe_condition2": "2024-07-05 04:11:10 +0000"
    },
    "done": true
  },
  "minecraft:recipes/tools/wooden_hoe": {
    "criteria": {
      "has_stick": "2024-07-05 20:18:49 +0000"
    },
    "done": true
  },
  "tombstone:recipes/from_grave_key": {
    "criteria": {
      "has_ingredient": "2024-07-11 23:28:44 +0000"
    },
    "done": true
  },
  "minecraft:recipes/misc/bucket": {
    "criteria": {
      "has_iron_ingot": "2024-07-05 20:31:35 +0000"
    },
    "done": true
  },
  "connectedglass:recipes/decorations/clear_glass_red_pane2": {
    "criteria": {
      "recipe_condition2": "2024-07-05 04:11:10 +0000"
    },
    "done": true
  },
  "iceandfire:iceandfire/kill_if_dragon": {
    "criteria": {
      "killed_fire_dragon": "2024-07-13 07:08:05 +0000"
    },
    "done": true
  },
  "connectedglass:recipes/buildingblocks/borderless_glass_green2": {
    "criteria": {
      "recipe_condition2": "2024-07-05 04:11:10 +0000"
    },
    "done": true
  },
  "connectedglass:recipes/buildingblocks/tinted_borderless_glass_cyan2": {
    "criteria": {
      "recipe_condition2": "2024-07-05 04:11:10 +0000"
    },
    "done": true
  },
  "minecraft:recipes/decorations/yellow_bed_from_white_bed": {
    "criteria": {
      "has_bed": "2024-07-05 22:58:19 +0000"
    },
    "done": true
  },
  "minecraft:recipes/decorations/orange_stained_glass_pane": {
    "criteria": {
      "has_glass": "2024-07-05 21:49:09 +0000"
    },
    "done": true
  },
  "minecraft:recipes/decorations/white_banner": {
    "criteria": {
      "has_white_wool": "2024-07-08 03:04:54 +0000"
    },
    "done": true
  },
  "connectedglass:recipes/buildingblocks/borderless_glass_yellow2": {
    "criteria": {
      "recipe_condition2": "2024-07-05 04:11:10 +0000"
    },
    "done": true
  },
  "connectedglass:recipes/decorations/borderless_glass_blue_pane2": {
    "criteria": {
      "recipe_condition2": "2024-07-05 04:11:10 +0000"
    },
    "done": true
  },
  "minecraft:recipes/building_blocks/light_blue_concrete_powder": {
    "criteria": {
      "has_sand": "2024-07-05 20:25:49 +0000"
    },
    "done": true
  },
  "minecraft:recipes/combat/iron_helmet": {
    "criteria": {
      "has_iron_ingot": "2024-07-05 20:31:35 +0000"
    },
    "done": true
  },
  "minecraft:recipes/tools/golden_shovel": {
    "criteria": {
      "has_gold_ingot": "2024-07-05 21:47:48 +0000"
    },
    "done": true
  },
  "minecraft:recipes/combat/bow": {
    "criteria": {
      "has_string": "2024-07-05 20:28:24 +0000"
    },
    "done": true
  },
  "minecraft:recipes/redstone/tnt": {
    "criteria": {
      "has_gunpowder": "2024-07-05 20:28:57 +0000"
    },
    "done": true
  },
  "connectedglass:recipes/buildingblocks/borderless_glass_white2": {
    "criteria": {
      "recipe_condition2": "2024-07-05 04:11:10 +0000"
    },
    "done": true
  },
  "minecraft:recipes/decorations/black_stained_glass_pane": {
    "criteria": {
      "has_glass": "2024-07-05 21:49:09 +0000"
    },
    "done": true
  },
  "dungeontactics:recipes/misc/dungeonpedia": {
    "criteria": {
      "has_book": "2024-07-09 21:28:43 +0000"
    },
    "done": true
  },
  "minecraft:recipes/building_blocks/smooth_sandstone": {
    "criteria": {
      "has_sandstone": "2024-07-05 20:25:14 +0000"
    },
    "done": true
  },
  "dungeontactics:recipes/misc/obsidianbrick": {
    "criteria": {
      "has_item": "2024-07-09 20:22:23 +0000"
    },
    "done": true
  },
  "minecraft:recipes/building_blocks/granite": {
    "criteria": {
      "has_quartz": "2024-07-09 20:51:56 +0000"
    },
    "done": true
  },
  "minecraft:recipes/building_blocks/purple_concrete_powder": {
    "criteria": {
      "has_sand": "2024-07-05 20:25:49 +0000"
    },
    "done": true
  },
  "dungeontactics:recipes/tools/mortar\u0026pestle": {
    "criteria": {
      "has_flint": "2024-07-09 22:16:08 +0000"
    },
    "done": true
  },
  "connectedglass:recipes/decorations/clear_glass_yellow_pane2": {
    "criteria": {
      "recipe_condition2": "2024-07-05 04:11:10 +0000"
    },
    "done": true
  },
  "connectedglass:recipes/decorations/clear_glass_green_pane2": {
    "criteria": {
      "recipe_condition2": "2024-07-05 04:11:10 +0000"
    },
    "done": true
  },
  "dungeontactics:recipes/armour/iron_plate_armour": {
    "criteria": {
      "has_item": "2024-07-09 20:43:49 +0000"
    },
    "done": true
  },
  "minecraft:recipes/decorations/orange_bed_from_white_bed": {
    "criteria": {
      "has_bed": "2024-07-05 22:58:19 +0000"
    },
    "done": true
  },
  "minecraft:recipes/combat/diamond_chestplate": {
    "criteria": {
      "has_diamond": "2024-07-05 20:37:13 +0000"
    },
    "done": true
  },
  "minecraft:story/mine_stone": {
    "criteria": {
      "get_stone": "2024-07-05 20:19:22 +0000"
    },
    "done": true
  },
  "dungeontactics:recipes/misc/brazier": {
    "criteria": {
      "has_torch": "2024-07-09 20:43:49 +0000"
    },
    "done": true
  },
  "connectedglass:recipes/buildingblocks/clear_glass_magenta2": {
    "criteria": {
      "recipe_condition2": "2024-07-05 04:11:10 +0000"
    },
    "done": true
  },
  "connectedglass:recipes/decorations/clear_glass_silver_pane2": {
    "criteria": {
      "recipe_condition2": "2024-07-05 04:11:10 +0000"
    },
    "done": true
  },
  "connectedglass:recipes/decorations/scratched_glass_pink_pane2": {
    "criteria": {
      "recipe_condition2": "2024-07-05 04:11:10 +0000"
    },
    "done": true
  },
  "minecraft:recipes/decorations/furnace": {
    "criteria": {
      "has_cobblestone": "2024-07-05 20:19:22 +0000"
    },
    "done": true
  },
  "minecraft:recipes/transportation/minecart": {
    "criteria": {
      "has_iron_ingot": "2024-07-05 20:31:35 +0000"
    },
    "done": true
  },
  "connectedglass:recipes/decorations/scratched_glass_cyan_pane2": {
    "criteria": {
      "recipe_condition2": "2024-07-05 04:11:10 +0000"
    },
    "done": true
  },
  "minecraft:recipes/decorations/green_stained_glass_pane": {
    "criteria": {
      "has_glass": "2024-07-05 21:49:09 +0000"
    },
    "done": true
  },
  "minecraft:recipes/building_blocks/orange_wool": {
    "criteria": {
      "has_white_wool": "2024-07-08 03:04:54 +0000"
    },
    "done": true
  },
  "minecraft:recipes/tools/wooden_pickaxe": {
    "criteria": {
      "has_stick": "2024-07-05 20:18:49 +0000"
    },
    "done": true
  },
  "minecraft:recipes/tools/iron_hoe": {
    "criteria": {
      "has_iron_ingot": "2024-07-05 20:31:35 +0000"
    },
    "done": true
  },
  "minecraft:husbandry/root": {
    "criteria": {
      "consumed_item": "2024-07-05 20:28:30 +0000"
    },
    "done": true
  },
  "minecraft:recipes/redstone/redstone_torch": {
    "criteria": {
      "has_redstone": "2024-07-05 20:34:43 +0000"
    },
    "done": true
  },
  "minecraft:recipes/building_blocks/stone_brick_slab": {
    "criteria": {
      "has_stonebrick": "2024-07-09 20:43:52 +0000"
    },
    "done": true
  },
  "minecraft:recipes/transportation/birch_boat": {
    "criteria": {
      "entered_water": "2024-07-05 04:15:01 +0000"
    },
    "done": true
  },
  "minecraft:recipes/food/golden_apple": {
    "criteria": {
      "has_gold_ingot": "2024-07-05 21:47:48 +0000"
    },
    "done": true
  },
  "cfm:install": {
    "criteria": {
      "tick": "2024-07-05 04:11:10 +0000"
    },
    "done": true
  },
  "minecraft:recipes/building_blocks/green_concrete_powder": {
    "criteria": {
      "has_sand": "2024-07-05 20:25:49 +0000"
    },
    "done": true
  },
  "minecraft:recipes/decorations/enchanting_table": {
    "criteria": {
      "has_obsidian": "2024-07-06 21:36:31 +0000"
    },
    "done": true
  },
  "dungeontactics:recipes/weapons/bombs": {
    "criteria": {
      "has_item": "2024-07-09 20:22:23 +0000"
    },
    "done": true
  },
  "minecraft:recipes/tools/iron_shovel": {
    "criteria": {
      "has_iron_ingot": "2024-07-05 20:31:35 +0000"
    },
    "done": true
  },
  "minecraft:recipes/redstone/acacia_door": {
    "criteria": {
      "has_planks": "2024-07-05 20:18:44 +0000"
    },
    "done": true
  },
  "minecraft:recipes/building_blocks/orange_stained_glass": {
    "criteria": {
      "has_glass": "2024-07-05 21:49:09 +0000"
    },
    "done": true
  },
  "minecraft:recipes/decorations/cyan_bed_from_white_bed": {
    "criteria": {
      "has_bed": "2024-07-05 22:58:19 +0000"
    },
    "done": true
  },
  "connectedglass:recipes/decorations/borderless_glass_gray_pane2": {
    "criteria": {
      "recipe_condition2": "2024-07-05 04:11:10 +0000"
    },
    "done": true
  },
  "minecraft:recipes/decorations/item_frame": {
    "criteria": {
      "has_leather": "2024-07-05 21:22:21 +0000"
    },
    "done": true
  },
  "minecraft:recipes/decorations/lime_bed_from_white_bed": {
    "criteria": {
      "has_bed": "2024-07-05 22:58:19 +0000"
    },
    "done": true
  },
  "minecraft:recipes/tools/stone_hoe": {
    "criteria": {
      "has_cobblestone": "2024-07-05 20:19:22 +0000"
    },
    "done": true
  },
  "minecraft:recipes/tools/clock": {
    "criteria": {
      "has_redstone": "2024-07-05 20:34:43 +0000"
    },
    "done": true
  },
  "minecraft:recipes/tools/diamond_hoe": {
    "criteria": {
      "has_diamond": "2024-07-05 20:37:13 +0000"
    },
    "done": true
  },
  "tombstone:tutorial/cancel_ghostly_shape": {
    "criteria": {
      "coded_trigger": "2024-07-11 23:30:24 +0000"
    },
    "done": true
  },
  "minecraft:recipes/decorations/white_stained_glass_pane": {
    "criteria": {
      "has_glass": "2024-07-05 21:49:09 +0000"
    },
    "done": true
  },
  "minecraft:recipes/tools/diamond_shovel": {
    "criteria": {
      "has_diamond": "2024-07-05 20:37:13 +0000"
    },
    "done": true
  },
  "minecraft:recipes/building_blocks/dark_oak_stairs": {
    "criteria": {
      "has_planks": "2024-07-08 22:22:59 +0000"
    },
    "done": true
  },
  "minecraft:recipes/decorations/green_bed_from_white_bed": {
    "criteria": {
      "has_bed": "2024-07-05 22:58:19 +0000"
    },
    "done": true
  },
  "medieval_craft:steel_age": {
    "criteria": {
      "steel_age": "2024-07-11 23:30:29 +0000"
    },
    "done": true
  },
  "minecraft:recipes/decorations/white_carpet": {
    "criteria": {
      "has_white_wool": "2024-07-08 03:04:54 +0000"
    },
    "done": true
  },
  "tombstone:tutorial/first_grave": {
    "criteria": {
      "coded_trigger": "2024-07-11 23:28:43 +0000"
    },
    "done": true
  },
  "dungeontactics:recipes/misc/flour": {
    "criteria": {
      "has_wheat": "2024-07-13 06:28:56 +0000"
    },
    "done": true
  },
  "connectedglass:recipes/buildingblocks/tinted_borderless_glass_black2": {
    "criteria": {
      "recipe_condition2": "2024-07-05 04:11:10 +0000"
    },
    "done": true
  },
  "minecraft:recipes/decorations/glass_pane": {
    "criteria": {
      "has_glass": "2024-07-05 21:49:09 +0000"
    },
    "done": true
  },
  "connectedglass:recipes/buildingblocks/tinted_borderless_glass_magenta2": {
    "criteria": {
      "recipe_condition2": "2024-07-05 04:11:10 +0000"
    },
    "done": true
  },
  "minecraft:recipes/misc/gold_ingot_from_nuggets": {
    "criteria": {
      "has_at_least_9_gold_nugget": "2024-07-13 07:13:15 +0000"
    },
    "done": true
  },
  "minecraft:recipes/misc/lapis_lazuli": {
    "criteria": {
      "has_the_recipe": "2024-07-05 20:38:41 +0000"
    },
    "done": true
  },
  "minecraft:recipes/building_blocks/magenta_stained_glass": {
    "criteria": {
      "has_glass": "2024-07-05 21:49:09 +0000"
    },
    "done": true
  },
  "minecraft:story/mine_diamond": {
    "criteria": {
      "diamond": "2024-07-05 20:37:13 +0000"
    },
    "done": true
  },
  "connectedglass:recipes/buildingblocks/scratched_glass_yellow2": {
    "criteria": {
      "recipe_condition2": "2024-07-05 04:11:10 +0000"
    },
    "done": true
  },
  "minecraft:story/upgrade_tools": {
    "criteria": {
      "stone_pickaxe": "2024-07-05 20:21:40 +0000"
    },
    "done": true
  },
  "minecraft:recipes/combat/diamond_helmet": {
    "criteria": {
      "has_diamond": "2024-07-05 20:37:13 +0000"
    },
    "done": true
  },
  "connectedglass:recipes/buildingblocks/scratched_glass_silver2": {
    "criteria": {
      "recipe_condition2": "2024-07-05 04:11:10 +0000"
    },
    "done": true
  },
  "connectedglass:recipes/buildingblocks/tinted_borderless_glass_purple2": {
    "criteria": {
      "recipe_condition2": "2024-07-05 04:11:10 +0000"
    },
    "done": true
  },
  "minecraft:recipes/decorations/anvil": {
    "criteria": {
      "has_the_recipe": "2024-07-06 22:05:10 +0000"
    },
    "done": true
  },
  "minecraft:recipes/decorations/blue_bed_from_white_bed": {
    "criteria": {
      "has_bed": "2024-07-05 22:58:19 +0000"
    },
    "done": true
  },
  "dungeontactics:recipes/misc/barrel": {
    "criteria": {
      "has_darkoak": "2024-07-09 21:25:52 +0000"
    },
    "done": true
  },
  "minecraft:recipes/building_blocks/cyan_concrete_powder": {
    "criteria": {
      "has_sand": "2024-07-05 20:25:49 +0000"
    },
    "done": true
  },
  "minecraft:recipes/misc/gold_ingot_from_block": {
    "criteria": {
      "has_the_recipe": "2024-07-05 21:47:48 +0000"
    },
    "done": true
  },
  "minecraft:recipes/building_blocks/stone_brick_stairs": {
    "criteria": {
      "has_stonebrick": "2024-07-09 20:43:52 +0000"
    },
    "done": true
  },
  "minecraft:recipes/combat/golden_boots": {
    "criteria": {
      "has_gold_ingot": "2024-07-05 21:47:48 +0000"
    },
    "done": true
  },
  "mowziesmobs:kill_grottol": {
    "criteria": {
      "grottol": "2024-07-09 23:36:01 +0000"
    },
    "done": true
  },
  "connectedglass:recipes/buildingblocks/scratched_glass_gray2": {
    "criteria": {
      "recipe_condition2": "2024-07-05 04:11:10 +0000"
    },
    "done": true
  },
  "minecraft:recipes/tools/wooden_axe": {
    "criteria": {
      "has_stick": "2024-07-05 20:18:49 +0000"
    },
    "done": true
  },
  "minecraft:recipes/building_blocks/lime_wool": {
    "criteria": {
      "has_white_wool": "2024-07-08 03:04:54 +0000"
    },
    "done": true
  },
  "connectedglass:recipes/decorations/scratched_glass_green_pane2": {
    "criteria": {
      "recipe_condition2": "2024-07-05 04:11:10 +0000"
    },
    "done": true
  },
  "connectedglass:recipes/buildingblocks/scratched_glass_purple2": {
    "criteria": {
      "recipe_condition2": "2024-07-05 04:11:10 +0000"
    },
    "done": true
  },
  "dungeontactics:recipes/tools/engineers_wrench": {
    "criteria": {
      "has_recipe": "2024-07-09 21:26:28 +0000"
    },
    "done": true
  },
  "minecraft:recipes/misc/paper": {
    "criteria": {
      "has_reeds": "2024-07-08 03:09:40 +0000"
    },
    "done": true
  },
  "minecraft:recipes/misc/magenta_dye_from_lapis_ink_bonemeal": {
    "criteria": {
      "has_lapis": "2024-07-05 20:38:38 +0000"
    },
    "done": true
  },
  "minecraft:recipes/misc/light_blue_dye_from_lapis_bonemeal": {
    "criteria": {
      "has_lapis": "2024-07-05 20:38:38 +0000"
    },
    "done": true
  },
  "minecraft:recipes/building_blocks/green_wool": {
    "criteria": {
      "has_white_wool": "2024-07-08 03:04:54 +0000"
    },
    "done": true
  },
  "treasure2:recipes/pilferers_lock_pick": {
    "criteria": {
      "has_iron_ingot": "2024-07-05 20:31:35 +0000"
    },
    "done": true
  },
  "minecraft:recipes/tools/diamond_axe": {
    "criteria": {
      "has_diamond": "2024-07-05 20:37:13 +0000"
    },
    "done": true
  },
  "minecraft:recipes/building_blocks/brown_wool": {
    "criteria": {
      "has_white_wool": "2024-07-08 03:04:54 +0000"
    },
    "done": true
  },
  "dungeontactics:recipes/misc/ironlinks": {
    "criteria": {
      "has_ingot": "2024-07-09 20:43:49 +0000"
    },
    "done": true
  },
  "dungeontactics:recipes/weapons/potshot": {
    "criteria": {
      "has_gunpowder": "2024-07-09 20:22:23 +0000"
    },
    "done": true
  },
  "connectedglass:recipes/buildingblocks/tinted_borderless_glass_yellow2": {
    "criteria": {
      "recipe_condition2": "2024-07-05 04:11:10 +0000"
    },
    "done": true
  },
  "connectedglass:recipes/buildingblocks/clear_glass_yellow2": {
    "criteria": {
      "recipe_condition2": "2024-07-05 04:11:10 +0000"
    },
    "done": true
  },
  "connectedglass:recipes/decorations/clear_glass_magenta_pane2": {
    "criteria": {
      "recipe_condition2": "2024-07-05 04:11:10 +0000"
    },
    "done": true
  },
  "connectedglass:recipes/decorations/borderless_glass_light_blue_pane2": {
    "criteria": {
      "recipe_condition2": "2024-07-05 04:11:10 +0000"
    },
    "done": true
  },
  "connectedglass:recipes/decorations/clear_glass_black_pane2": {
    "criteria": {
      "recipe_condition2": "2024-07-05 04:11:10 +0000"
    },
    "done": true
  },
  "treasure2:recipes/key_ring": {
    "criteria": {
      "has_iron_ingot": "2024-07-05 20:31:35 +0000"
    },
    "done": true
  },
  "minecraft:recipes/decorations/painting": {
    "criteria": {
      "has_wool": "2024-07-08 03:04:54 +0000"
    },
    "done": true
  },
  "minecraft:recipes/building_blocks/white_stained_glass": {
    "criteria": {
      "has_glass": "2024-07-05 21:49:09 +0000"
    },
    "done": true
  },
  "mowziesmobs:kill_grottol_fortune": {
    "criteria": {
      "steal_crystal": "2024-07-09 23:36:01 +0000"
    },
    "done": true
  },
  "connectedglass:recipes/buildingblocks/scratched_glass_black2": {
    "criteria": {
      "recipe_condition2": "2024-07-05 04:11:10 +0000"
    },
    "done": true
  },
  "minecraft:recipes/redstone/acacia_fence_gate": {
    "criteria": {
      "has_planks": "2024-07-05 20:18:44 +0000"
    },
    "done": true
  },
  "minecraft:recipes/combat/arrow": {
    "criteria": {
      "has_flint": "2024-07-06 21:42:17 +0000"
    },
    "done": true
  },
  "minecraft:recipes/building_blocks/stone_slab": {
    "criteria": {
      "has_stone": "2024-07-13 06:40:16 +0000"
    },
    "done": true
  },
  "minecraft:recipes/building_blocks/coal_block": {
    "criteria": {
      "has_at_least_9_coal": "2024-07-05 20:25:22 +0000"
    },
    "done": true
  },
  "minecraft:recipes/redstone/light_weighted_pressure_plate": {
    "criteria": {
      "has_gold_ingot": "2024-07-05 21:47:48 +0000"
    },
    "done": true
  },
  "blue_skies:recipes/blocks/utility/turquoise_furnace": {
    "criteria": {
      "has_stone": "2024-07-08 20:18:11 +0000"
    },
    "done": true
  },
  "minecraft:recipes/tools/stone_shovel": {
    "criteria": {
      "has_cobblestone": "2024-07-05 20:19:22 +0000"
    },
    "done": true
  },
  "minecraft:recipes/decorations/yellow_stained_glass_pane": {
    "criteria": {
      "has_glass": "2024-07-05 21:49:09 +0000"
    },
    "done": true
  },
  "minecraft:recipes/building_blocks/blue_concrete_powder": {
    "criteria": {
      "has_sand": "2024-07-05 20:25:49 +0000"
    },
    "done": true
  },
  "blue_skies:recipes/blocks/wood/bluebright_chest": {
    "criteria": {
      "has_planks": "2024-07-08 20:18:11 +0000"
    },
    "done": true
  },
  "minecraft:recipes/building_blocks/cyan_stained_glass": {
    "criteria": {
      "has_glass": "2024-07-05 21:49:09 +0000"
    },
    "done": true
  },
  "connectedglass:recipes/buildingblocks/clear_glass_gray2": {
    "criteria": {
      "recipe_condition2": "2024-07-05 04:11:10 +0000"
    },
    "done": true
  },
  "connectedglass:recipes/buildingblocks/tinted_borderless_glass_lime2": {
    "criteria": {
      "recipe_condition2": "2024-07-05 04:11:10 +0000"
    },
    "done": true
  },
  "blue_skies:recipes/blocks/wood/bookshelf": {
    "criteria": {
      "has_book": "2024-07-08 22:43:19 +0000"
    },
    "done": true
  },
  "minecraft:recipes/building_blocks/andesite": {
    "criteria": {
      "has_stone": "2024-07-05 20:40:46 +0000"
    },
    "done": true
  },
  "minecraft:recipes/combat/golden_helmet": {
    "criteria": {
      "has_gold_ingot": "2024-07-05 21:47:48 +0000"
    },
    "done": true
  },
  "dungeontactics:recipes/misc/lantern_magic": {
    "criteria": {
      "has_gold": "2024-07-13 07:10:49 +0000"
    },
    "done": true
  },
  "connectedglass:recipes/buildingblocks/borderless_glass_orange2": {
    "criteria": {
      "recipe_condition2": "2024-07-05 04:11:10 +0000"
    },
    "done": true
  },
  "connectedglass:recipes/decorations/scratched_glass_brown_pane2": {
    "criteria": {
      "recipe_condition2": "2024-07-05 04:11:10 +0000"
    },
    "done": true
  },
  "connectedglass:recipes/buildingblocks/scratched_glass_white2": {
    "criteria": {
      "recipe_condition2": "2024-07-05 04:11:10 +0000"
    },
    "done": true
  },
  "minecraft:story/root": {
    "criteria": {
      "crafting_table": "2024-07-05 20:18:49 +0000"
    },
    "done": true
  },
  "minecraft:recipes/redstone/dropper": {
    "criteria": {
      "has_redstone": "2024-07-05 20:34:43 +0000"
    },
    "done": true
  },
  "dungeontactics:recipes/misc/cut_diamond": {
    "criteria": {
      "has_diamond": "2024-07-09 20:22:23 +0000"
    },
    "done": true
  },
  "minecraft:recipes/misc/coal": {
    "criteria": {
      "has_the_recipe": "2024-07-05 20:25:22 +0000"
    },
    "done": true
  },
  "dungeontactics:recipes/weapons/wooden_weapons": {
    "criteria": {
      "has_item": "2024-07-09 21:50:05 +0000"
    },
    "done": true
  },
  "blue_skies:recipes/blocks/wood/maple_chest": {
    "criteria": {
      "has_planks": "2024-07-08 20:18:11 +0000"
    },
    "done": true
  },
  "connectedglass:recipes/buildingblocks/borderless_glass_silver2": {
    "criteria": {
      "recipe_condition2": "2024-07-05 04:11:10 +0000"
    },
    "done": true
  },
  "minecraft:story/form_obsidian": {
    "criteria": {
      "obsidian": "2024-07-06 21:36:31 +0000"
    },
    "done": true
  },
  "dungeontactics:recipes/tools/fire_starter": {
    "criteria": {
      "has_item": "2024-07-09 21:50:05 +0000"
    },
    "done": true
  },
  "connectedglass:recipes/buildingblocks/borderless_glass1": {
    "criteria": {
      "recipe_condition": "2024-07-05 21:49:09 +0000"
    },
    "done": true
  },
  "minecraft:recipes/building_blocks/string_to_wool": {
    "criteria": {
      "has_string": "2024-07-05 20:28:24 +0000"
    },
    "done": true
  },
  "minecraft:recipes/combat/leather_chestplate": {
    "criteria": {
      "has_leather": "2024-07-05 21:22:21 +0000"
    },
    "done": true
  },
  "minecraft:recipes/building_blocks/acacia_planks": {
    "criteria": {
      "has_log2": "2024-07-05 20:17:44 +0000"
    },
    "done": true
  },
  "mcwlights:recipes/lantern": {
    "criteria": {
      "lantern": "2024-07-09 20:43:49 +0000"
    },
    "done": true
  },
  "minecraft:recipes/tools/compass": {
    "criteria": {
      "has_redstone": "2024-07-05 20:34:43 +0000"
    },
    "done": true
  },
  "tombstone:tutorial/strong_or_careful": {
    "criteria": {
      "coded_trigger": "2024-07-13 07:05:48 +0000"
    },
    "done": true
  },
  "minecraft:recipes/building_blocks/polished_andesite": {
    "criteria": {
      "has_stone": "2024-07-05 20:52:42 +0000"
    },
    "done": true
  },
  "minecraft:recipes/building_blocks/quartz_block": {
    "criteria": {
      "has_quartz": "2024-07-09 20:51:56 +0000"
    },
    "done": true
  },
  "mcwlights:recipes/torches": {
    "criteria": {
      "has_wood": "2024-07-09 20:22:23 +0000"
    },
    "done": true
  },
  "dungeontactics:recipes/traps/trap_plate": {
    "criteria": {
      "has_recipe": "2024-07-13 06:40:16 +0000"
    },
    "done": true
  },
  "connectedglass:recipes/buildingblocks/scratched_glass_cyan2": {
    "criteria": {
      "recipe_condition2": "2024-07-05 04:11:10 +0000"
    },
    "done": true
  },
  "minecraft:recipes/redstone/iron_door": {
    "criteria": {
      "has_iron_ingot": "2024-07-05 20:31:35 +0000"
    },
    "done": true
  },
  "connectedglass:recipes/buildingblocks/clear_glass_pink2": {
    "criteria": {
      "recipe_condition2": "2024-07-05 04:11:10 +0000"
    },
    "done": true
  },
  "connectedglass:recipes/buildingblocks/borderless_glass_light_blue2": {
    "criteria": {
      "recipe_condition2": "2024-07-05 04:11:10 +0000"
    },
    "done": true
  },
  "dungeontactics:recipes/tools/flint_and_steel": {
    "criteria": {
      "has_obsidian": "2024-07-09 20:22:23 +0000"
    },
    "done": true
  },
  "connectedglass:recipes/buildingblocks/clear_glass_red2": {
    "criteria": {
      "recipe_condition2": "2024-07-05 04:11:10 +0000"
    },
    "done": true
  },
  "blue_skies:recipes/blocks/dirt/coarse_lunar_dirt": {
    "criteria": {
      "has_gravel": "2024-07-09 21:15:50 +0000"
    },
    "done": true
  },
  "betteranimalsplus:root": {
    "criteria": {
      "tick": "2024-07-05 04:11:10 +0000"
    },
    "done": true
  },
  "minecraft:recipes/transportation/jungle_boat": {
    "criteria": {
      "entered_water": "2024-07-05 04:15:01 +0000"
    },
    "done": true
  },
  "dungeontactics:recipes/weapons/iron_weapons": {
    "criteria": {
      "has_item": "2024-07-09 20:43:49 +0000"
    },
    "done": true
  },
  "dungeontactics:recipes/misc/convenience/sticks_from_saplings": {
    "criteria": {
      "has_stick": "2024-07-09 21:50:05 +0000"
    },
    "done": true
  },
  "connectedglass:recipes/decorations/borderless_glass_purple_pane2": {
    "criteria": {
      "recipe_condition2": "2024-07-05 04:11:10 +0000"
    },
    "done": true
  },
  "minecraft:recipes/redstone/heavy_weighted_pressure_plate": {
    "criteria": {
      "has_iron_ingot": "2024-07-05 20:31:35 +0000"
    },
    "done": true
  },
  "minecraft:recipes/transportation/dark_oak_boat": {
    "criteria": {
      "entered_water": "2024-07-05 04:15:01 +0000"
    },
    "done": true
  },
  "minecraft:recipes/transportation/carrot_on_a_stick": {
    "criteria": {
      "has_carrot": "2024-07-06 21:30:25 +0000"
    },
    "done": true
  },
  "minecraft:recipes/redstone/daylight_detector": {
    "criteria": {
      "has_quartz": "2024-07-09 20:51:56 +0000"
    },
    "done": true
  },
  "connectedglass:recipes/buildingblocks/clear_glass_white2": {
    "criteria": {
      "recipe_condition2": "2024-07-05 04:11:10 +0000"
    },
    "done": true
  },
  "minecraft:recipes/building_blocks/pink_wool": {
    "criteria": {
      "has_white_wool": "2024-07-08 03:04:54 +0000"
    },
    "done": true
  },
  "dungeontactics:dungeoneering/get_lootbag": {
    "criteria": {
      "food": "2024-07-09 21:46:39 +0000"
    },
    "done": true
  },
  "blue_skies:recipes/blocks/wood/lunar_chest": {
    "criteria": {
      "has_planks": "2024-07-08 20:18:11 +0000"
    },
    "done": true
  },
  "minecraft:recipes/decorations/brown_bed_from_white_bed": {
    "criteria": {
      "has_bed": "2024-07-05 22:58:19 +0000"
    },
    "done": true
  },
  "tombstone:tutorial/teleport_to_grave": {
    "criteria": {
      "coded_trigger": "2024-07-11 23:28:51 +0000"
    },
    "done": true
  },
  "connectedglass:recipes/decorations/clear_glass_blue_pane2": {
    "criteria": {
      "recipe_condition2": "2024-07-05 04:11:10 +0000"
    },
    "done": true
  },
  "minecraft:recipes/building_blocks/polished_granite": {
    "criteria": {
      "has_stone": "2024-07-05 20:25:13 +0000"
    },
    "done": true
  },
  "mcwlights:recipes/lava_lamp": {
    "criteria": {
      "has_planks": "2024-07-09 20:22:23 +0000"
    },
    "done": true
  },
  "minecraft:recipes/building_blocks/stonebrick": {
    "criteria": {
      "has_stone": "2024-07-13 06:40:16 +0000"
    },
    "done": true
  },
  "minecraft:recipes/redstone/piston": {
    "criteria": {
      "has_redstone": "2024-07-05 20:34:43 +0000"
    },
    "done": true
  },
  "minecraft:recipes/combat/golden_leggings": {
    "criteria": {
      "has_gold_ingot": "2024-07-05 21:47:48 +0000"
    },
    "done": true
  },
  "dungeontactics:recipes/armour/studded_armour": {
    "criteria": {
      "has_item": "2024-07-09 20:43:49 +0000"
    },
    "done": true
  },
  "minecraft:recipes/building_blocks/stone_stairs": {
    "criteria": {
      "has_cobblestone": "2024-07-05 20:19:22 +0000"
    },
    "done": true
  },
  "connectedglass:recipes/buildingblocks/borderless_glass_brown2": {
    "criteria": {
      "recipe_condition2": "2024-07-05 04:11:10 +0000"
    },
    "done": true
  },
  "connectedglass:recipes/decorations/borderless_glass_magenta_pane2": {
    "criteria": {
      "recipe_condition2": "2024-07-05 04:11:10 +0000"
    },
    "done": true
  },
  "mcwlights:recipes/garden_light": {
    "criteria": {
      "has_planks": "2024-07-09 20:22:23 +0000"
    },
    "done": true
  },
  "minecraft:recipes/decorations/brown_stained_glass_pane": {
    "criteria": {
      "has_glass": "2024-07-05 21:49:09 +0000"
    },
    "done": true
  },
  "blue_skies:recipes/blocks/dirt/coarse_turquoise_dirt": {
    "criteria": {
      "has_gravel": "2024-07-09 21:15:50 +0000"
    },
    "done": true
  },
  "minecraft:recipes/decorations/dark_oak_fence": {
    "criteria": {
      "has_planks": "2024-07-08 22:22:59 +0000"
    },
    "done": true
  },
  "connectedglass:recipes/decorations/borderless_glass_pink_pane2": {
    "criteria": {
      "recipe_condition2": "2024-07-05 04:11:10 +0000"
    },
    "done": true
  },
  "minecraft:recipes/combat/diamond_boots": {
    "criteria": {
      "has_diamond": "2024-07-05 20:37:13 +0000"
    },
    "done": true
  },
  "connectedglass:recipes/decorations/scratched_glass_yellow_pane2": {
    "criteria": {
      "recipe_condition2": "2024-07-05 04:11:10 +0000"
    },
    "done": true
  },
  "minecraft:story/smelt_iron": {
    "criteria": {
      "iron": "2024-07-05 20:31:35 +0000"
    },
    "done": true
  },
  "dungeontactics:recipes/traps/powderkeg": {
    "criteria": {
      "has_gunpowder": "2024-07-09 20:22:23 +0000"
    },
    "done": true
  },
  "minecraft:recipes/redstone/wooden_door": {
    "criteria": {
      "has_planks": "2024-07-05 21:56:49 +0000"
    },
    "done": true
  },
  "minecraft:recipes/building_blocks/chiseled_stonebrick": {
    "criteria": {
      "has_stonebrick": "2024-07-09 20:43:52 +0000"
    },
    "done": true
  },
  "minecraft:recipes/building_blocks/pink_stained_glass": {
    "criteria": {
      "has_glass": "2024-07-05 21:49:09 +0000"
    },
    "done": true
  },
  "minecraft:recipes/decorations/light_gray_stained_glass_pane": {
    "criteria": {
      "has_glass": "2024-07-05 21:49:09 +0000"
    },
    "done": true
  },
  "minecraft:recipes/decorations/light_gray_bed_from_white_bed": {
    "criteria": {
      "has_bed": "2024-07-05 22:58:19 +0000"
    },
    "done": true
  }
}