{
  "minecraft:recipes/food/cooked_mutton_from_campfire_cooking": {
    "criteria": {
      "has_mutton": "2024-07-28 23:57:34 +0000"
    },
    "done": true
  },
  "minecraft:recipes/building_blocks/purple_wool": {
    "criteria": {
      "has_white_wool": "2024-07-28 23:57:34 +0000"
    },
    "done": true
  },
  "pfm:recipes/pfm.furniture/oak_red_classic_bed": {
    "criteria": {
      "has_bed": "2024-07-29 00:00:52 +0000"
    },
    "done": true
  },
  "aquaculture:recipes/aquaculture/note_hook": {
    "criteria": {
      "has_items": "2024-07-28 23:53:32 +0000"
    },
    "done": true
  },
  "naturescompass:natures_compass": {
    "criteria": {
      "has_compass": "2024-07-28 23:53:32 +0000"
    },
    "done": true
  },
  "pfm:recipes/pfm.furniture/jungle_simple_bunk_ladder": {
    "criteria": {
      "has_planks": "2024-07-28 23:58:04 +0000"
    },
    "done": true
  },
  "pfm:recipes/pfm.furniture/jungle_table_classic": {
    "criteria": {
      "has_planks": "2024-07-28 23:58:04 +0000"
    },
    "done": true
  },
  "minecraft:recipes/decorations/white_bed": {
    "criteria": {
      "has_white_wool": "2024-07-28 23:57:34 +0000"
    },
    "done": true
  },
  "minecraft:recipes/combat/leather_helmet": {
    "criteria": {
      "has_leather": "2024-07-28 23:59:36 +0000"
    },
    "done": true
  },
  "pfm:recipes/pfm.furniture/ginkgo_unusualprehistory_red_simple_bed": {
    "criteria": {
      "has_bed": "2024-07-29 00:00:52 +0000"
    },
    "done": true
  },
  "minecraft:recipes/decorations/crafting_table": {
    "criteria": {
      "has_the_recipe": "2024-07-28 23:57:51 +0000"
    },
    "done": true
  },
  "minecraft:recipes/decorations/campfire": {
    "criteria": {
      "has_stick": "2024-07-28 23:58:04 +0000"
    },
    "done": true
  },
  "minecraft:recipes/building_blocks/magenta_wool": {
    "criteria": {
      "has_white_wool": "2024-07-28 23:57:34 +0000"
    },
    "done": true
  },
  "adorn:recipes/jungle_kitchen_sink": {
    "criteria": {
      "has_planks": "2024-07-28 23:58:04 +0000"
    },
    "done": true
  },
  "pfm:recipes/pfm.furniture/jungle_kitchen_cabinet": {
    "criteria": {
      "has_planks": "2024-07-28 23:58:04 +0000"
    },
    "done": true
  },
  "pfm:recipes/pfm.furniture/jungle_modern_stool": {
    "criteria": {
      "has_planks": "2024-07-28 23:58:04 +0000"
    },
    "done": true
  },
  "minecraft:recipes/decorations/ladder": {
    "criteria": {
      "has_stick": "2024-07-28 23:58:04 +0000"
    },
    "done": true
  },
  "iceandfire:iceandfire/root": {
    "criteria": {
      "tick": "2024-07-28 23:53:33 +0000"
    },
    "done": true
  },
  "minecraft:recipes/decorations/chest": {
    "criteria": {
      "has_lots_of_items": "2024-07-28 23:59:23 +0000"
    },
    "done": true
  },
  "minecraft:recipes/tools/wooden_shovel": {
    "criteria": {
      "has_stick": "2024-07-28 23:58:04 +0000"
    },
    "done": true
  },
  "aquaculture:recipes/tools/golden_fishing_rod": {
    "criteria": {
      "has_vanilla_rod": "2024-07-28 23:53:32 +0000"
    },
    "done": true
  },
  "cfm:recipes/cfm/stripped_jungle_desk_cabinet": {
    "criteria": {
      "has_planks": "2024-07-28 23:57:46 +0000"
    },
    "done": true
  },
  "aquaculture:recipes/food/cooked_fish_fillet_from_campfire": {
    "criteria": {
      "has_items": "2024-07-28 23:53:32 +0000"
    },
    "done": true
  },
  "minecraft:recipes/building_blocks/cyan_wool": {
    "criteria": {
      "has_white_wool": "2024-07-28 23:57:34 +0000"
    },
    "done": true
  },
  "pfm:recipes/pfm.furniture/dreadwood_iceandfire_red_simple_bed": {
    "criteria": {
      "has_bed": "2024-07-29 00:00:52 +0000"
    },
    "done": true
  },
  "minecraft:recipes/food/cooked_beef_from_grill_cooking": {
    "criteria": {
      "has_beef": "2024-07-28 23:59:23 +0000"
    },
    "done": true
  },
  "minecraft:recipes/misc/stick": {
    "criteria": {
      "has_the_recipe": "2024-07-28 23:58:03 +0000"
    },
    "done": true
  },
  "mcwlights:recipes/tiki_torches": {
    "criteria": {
      "has_wood": "2024-07-29 00:00:43 +0000"
    },
    "done": true
  },
  "aquaculture:recipes/tools/wooden_fillet_knife": {
    "criteria": {
      "has_items": "2024-07-28 23:58:04 +0000"
    },
    "done": true
  },
  "cfm:recipes/cfm/stripped_jungle_crate": {
    "criteria": {
      "has_planks": "2024-07-28 23:57:46 +0000"
    },
    "done": true
  },
  "minecraft:recipes/tools/flint_and_steel": {
    "criteria": {
      "has_flint": "2024-07-29 00:00:45 +0000"
    },
    "done": true
  },
  "minecraft:recipes/misc/firework_rocket_simple": {
    "criteria": {
      "has_gunpowder": "2024-07-29 00:00:49 +0000"
    },
    "done": true
  },
  "adorn:recipes/picket_fence": {
    "criteria": {
      "has_key_item_0": "2024-07-28 23:58:04 +0000"
    },
    "done": true
  },
  "pfm:recipes/pfm.furniture/jungle_red_classic_bed": {
    "criteria": {
      "has_bed": "2024-07-29 00:00:52 +0000"
    },
    "done": true
  },
  "farmersdelight:recipes/farmersdelight/skillet": {
    "criteria": {
      "has_brick": "2024-07-29 00:00:41 +0000"
    },
    "done": true
  },
  "minecraft:recipes/building_blocks/gray_wool": {
    "criteria": {
      "has_white_wool": "2024-07-28 23:57:34 +0000"
    },
    "done": true
  },
  "aquaculture:recipes/food/cooked_frog_legs_from_smoking": {
    "criteria": {
      "has_items": "2024-07-28 23:53:32 +0000"
    },
    "done": true
  },
  "pfm:recipes/pfm.furniture/jungle_table_basic": {
    "criteria": {
      "has_planks": "2024-07-28 23:58:04 +0000"
    },
    "done": true
  },
  "cfm:recipes/cfm/jungle_coffee_table": {
    "criteria": {
      "has_log": "2024-07-28 23:57:46 +0000"
    },
    "done": true
  },
  "minecraft:recipes/redstone/jungle_trapdoor": {
    "criteria": {
      "has_planks": "2024-07-28 23:58:04 +0000"
    },
    "done": true
  },
  "minecraft:recipes/tools/wooden_hoe": {
    "criteria": {
      "has_stick": "2024-07-28 23:58:04 +0000"
    },
    "done": true
  },
  "decorative_blocks:recipes/decorative_blocks.general/lattice": {
    "criteria": {
      "has_stick": "2024-07-28 23:58:04 +0000"
    },
    "done": true
  },
  "aquaculture:recipes/misc/neptunium_ingot_from_nuggets": {
    "criteria": {
      "has_items": "2024-07-28 23:53:32 +0000"
    },
    "done": true
  },
  "pfm:recipes/pfm.furniture/jungle_kitchen_sink": {
    "criteria": {
      "has_planks": "2024-07-28 23:58:04 +0000"
    },
    "done": true
  },
  "minecraft:recipes/redstone/jungle_button": {
    "criteria": {
      "has_planks": "2024-07-28 23:58:04 +0000"
    },
    "done": true
  },
  "cfm:recipes/cfm/stripped_jungle_desk": {
    "criteria": {
      "has_planks": "2024-07-28 23:57:46 +0000"
    },
    "done": true
  },
  "aquaculture:recipes/food/frog_legs": {
    "criteria": {
      "has_items": "2024-07-28 23:53:32 +0000"
    },
    "done": true
  },
  "aquaculture:recipes/misc/gold_nugget_from_gold_fish": {
    "criteria": {
      "has_items": "2024-07-28 23:53:32 +0000"
    },
    "done": true
  },
  "naturescompass:natures_compass_sapling": {
    "criteria": {
      "has_recipe": "2024-07-28 23:53:32 +0000"
    },
    "done": true
  },
  "farmersdelight:recipes/farmersdelight/cooking/beef_stew": {
    "criteria": {
      "has_any_ingredient": "2024-07-28 23:59:23 +0000"
    },
    "done": true
  },
  "aquaculture:recipes/misc/gold_nugget_from_smelting": {
    "criteria": {
      "has_fishing_rod": "2024-07-28 23:53:32 +0000",
      "has_fillet_knife": "2024-07-28 23:53:32 +0000"
    },
    "done": true
  },
  "minecraft:recipes/decorations/white_banner": {
    "criteria": {
      "has_white_wool": "2024-07-28 23:57:34 +0000"
    },
    "done": true
  },
  "pfm:recipes/pfm.furniture/ginkgo_unusualprehistory_red_classic_bed": {
    "criteria": {
      "has_bed": "2024-07-29 00:00:52 +0000"
    },
    "done": true
  },
  "pfm:recipes/pfm.furniture/warped_red_classic_bed": {
    "criteria": {
      "has_bed": "2024-07-29 00:00:52 +0000"
    },
    "done": true
  },
  "aquaculture:recipes/aquaculture/worm_farm": {
    "criteria": {
      "has_items": "2024-07-28 23:53:32 +0000"
    },
    "done": true
  },
  "aquaculture:recipes/food/cooked_fish_fillet_from_smoking": {
    "criteria": {
      "has_items": "2024-07-28 23:53:32 +0000"
    },
    "done": true
  },
  "pfm:recipes/pfm.furniture/spruce_red_simple_bed": {
    "criteria": {
      "has_bed": "2024-07-29 00:00:52 +0000"
    },
    "done": true
  },
  "minecraft:recipes/misc/leather_horse_armor": {
    "criteria": {
      "has_leather": "2024-07-28 23:59:36 +0000"
    },
    "done": true
  },
  "minecraft:recipes/combat/leather_leggings": {
    "criteria": {
      "has_leather": "2024-07-28 23:59:36 +0000"
    },
    "done": true
  },
  "cfm:recipes/cfm/jungle_kitchen_sink_light": {
    "criteria": {
      "has_bottom": "2024-07-28 23:58:04 +0000"
    },
    "done": true
  },
  "minecraft:recipes/food/cooked_mutton_from_grill_cooking": {
    "criteria": {
      "has_mutton": "2024-07-28 23:57:34 +0000"
    },
    "done": true
  },
  "minecraft:recipes/redstone/tnt": {
    "criteria": {
      "has_gunpowder": "2024-07-29 00:00:49 +0000"
    },
    "done": true
  },
  "cfm:recipes/cfm/white_sofa": {
    "criteria": {
      "has_wool": "2024-07-28 23:57:34 +0000"
    },
    "done": true
  },
  "aquaculture:recipes/decorations/spruce_fish_mount": {
    "criteria": {
      "has_items": "2024-07-28 23:53:32 +0000"
    },
    "done": true
  },
  "adorn:root": {
    "criteria": {
      "has_wool": "2024-07-28 23:57:34 +0000"
    },
    "done": true
  },
  "aquaculture:recipes/misc/neptunium_ingot_from_neptunium_block": {
    "criteria": {
      "has_items": "2024-07-28 23:53:32 +0000"
    },
    "done": true
  },
  "pfm:recipes/pfm.furniture/jungle_log_stool": {
    "criteria": {
      "has_log": "2024-07-28 23:57:46 +0000"
    },
    "done": true
  },
  "pfm:recipes/pfm.furniture/crimson_red_simple_bed": {
    "criteria": {
      "has_bed": "2024-07-29 00:00:52 +0000"
    },
    "done": true
  },
  "minecraft:recipes/building_blocks/blue_wool": {
    "criteria": {
      "has_white_wool": "2024-07-28 23:57:34 +0000"
    },
    "done": true
  },
  "cfm:recipes/cfm/jungle_cabinet": {
    "criteria": {
      "has_log": "2024-07-28 23:57:46 +0000"
    },
    "done": true
  },
  "aquaculture:recipes/aquaculture/light_hook": {
    "criteria": {
      "has_items": "2024-07-28 23:53:32 +0000"
    },
    "done": true
  },
  "pfm:recipes/pfm.furniture/jungle_kitchen_wall_drawer": {
    "criteria": {
      "has_planks": "2024-07-28 23:58:04 +0000"
    },
    "done": true
  },
  "minecraft:recipes/misc/charcoal": {
    "criteria": {
      "has_log": "2024-07-28 23:57:46 +0000"
    },
    "done": true
  },
  "cfm:recipes/cfm/jungle_blinds": {
    "criteria": {
      "has_log": "2024-07-28 23:57:46 +0000"
    },
    "done": true
  },
  "cfm:recipes/cfm/jungle_desk_cabinet": {
    "criteria": {
      "has_log": "2024-07-28 23:57:46 +0000"
    },
    "done": true
  },
  "minecraft:recipes/building_blocks/orange_wool": {
    "criteria": {
      "has_white_wool": "2024-07-28 23:57:34 +0000"
    },
    "done": true
  },
  "minecraft:recipes/tools/wooden_pickaxe": {
    "criteria": {
      "has_stick": "2024-07-28 23:58:04 +0000"
    },
    "done": true
  },
  "aquaculture:recipes/misc/jellyfish_to_slimeball": {
    "criteria": {
      "has_items": "2024-07-28 23:53:32 +0000"
    },
    "done": true
  },
  "minecraft:husbandry/root": {
    "criteria": {
      "consumed_item": "2024-07-28 23:54:55 +0000"
    },
    "done": true
  },
  "decorative_blocks:recipes/decorative_blocks.general/jungle_seat": {
    "criteria": {
      "has_plank": "2024-07-28 23:58:04 +0000"
    },
    "done": true
  },
  "pfm:recipes/pfm.furniture/jungle_kitchen_counter_oven": {
    "criteria": {
      "has_planks": "2024-07-28 23:58:04 +0000"
    },
    "done": true
  },
  "securitycraft:recipes/securitycraft/sonic_security_system": {
    "criteria": {
      "has_stick": "2024-07-28 23:58:04 +0000"
    },
    "done": true
  },
  "pfm:recipes/pfm.furniture/spruce_red_classic_bed": {
    "criteria": {
      "has_bed": "2024-07-29 00:00:52 +0000"
    },
    "done": true
  },
  "cfm:recipes/cfm/stripped_jungle_park_bench": {
    "criteria": {
      "has_log": "2024-07-28 23:57:46 +0000"
    },
    "done": true
  },
  "pfm:recipes/pfm.furniture/acacia_red_classic_bed": {
    "criteria": {
      "has_bed": "2024-07-29 00:00:52 +0000"
    },
    "done": true
  },
  "aquaculture:recipes/misc/red_mushroom_from_fish": {
    "criteria": {
      "has_items": "2024-07-28 23:53:32 +0000"
    },
    "done": true
  },
  "aquaculture:recipes/tools/diamond_fishing_rod": {
    "criteria": {
      "has_vanilla_rod": "2024-07-28 23:53:32 +0000"
    },
    "done": true
  },
  "aquaculture:recipes/tools/iron_fishing_rod": {
    "criteria": {
      "has_vanilla_rod": "2024-07-28 23:53:32 +0000"
    },
    "done": true
  },
  "farmersdelight:recipes/farmersdelight/cutting_board": {
    "criteria": {
      "has_stick": "2024-07-28 23:58:04 +0000"
    },
    "done": true
  },
  "minecraft:adventure/root": {
    "criteria": {
      "killed_something": "2024-07-28 23:57:33 +0000"
    },
    "done": true
  },
  "pfm:recipes/pfm.furniture/dark_oak_red_classic_bed": {
    "criteria": {
      "has_bed": "2024-07-29 00:00:52 +0000"
    },
    "done": true
  },
  "adorn:recipes/crate": {
    "criteria": {
      "has_key_item_0": "2024-07-28 23:58:04 +0000"
    },
    "done": true
  },
  "aquaculture:recipes/decorations/acacia_fish_mount": {
    "criteria": {
      "has_items": "2024-07-28 23:53:32 +0000"
    },
    "done": true
  },
  "aquaculture:recipes/misc/brown_mushroom_from_fish": {
    "criteria": {
      "has_items": "2024-07-28 23:53:32 +0000"
    },
    "done": true
  },
  "farmersdelight:recipes/farmersdelight/chicken_sandwich": {
    "criteria": {
      "has_cooked_chicken": "2024-07-29 00:00:41 +0000"
    },
    "done": true
  },
  "minecraft:recipes/decorations/item_frame": {
    "criteria": {
      "has_leather": "2024-07-28 23:59:36 +0000"
    },
    "done": true
  },
  "minecraft:recipes/decorations/jungle_fence": {
    "criteria": {
      "has_planks": "2024-07-28 23:58:04 +0000"
    },
    "done": true
  },
  "farmersdelight:main/root": {
    "criteria": {
      "seeds": "2024-07-28 23:53:32 +0000"
    },
    "done": true
  },
  "cfm:recipes/cfm/stripped_jungle_kitchen_counter": {
    "criteria": {
      "has_log": "2024-07-28 23:57:46 +0000"
    },
    "done": true
  },
  "minecraft:recipes/food/baked_potato_from_smoking": {
    "criteria": {
      "has_potato": "2024-07-29 00:00:42 +0000"
    },
    "done": true
  },
  "adorn:recipes/jungle_kitchen_counter": {
    "criteria": {
      "has_planks": "2024-07-28 23:58:04 +0000"
    },
    "done": true
  },
  "pfm:recipes/pfm.furniture/jungle_table_log": {
    "criteria": {
      "has_log": "2024-07-28 23:58:04 +0000"
    },
    "done": true
  },
  "aquaculture:recipes/misc/iron_nugget_from_blasting": {
    "criteria": {
      "has_fishing_rod": "2024-07-28 23:53:32 +0000",
      "has_fillet_knife": "2024-07-28 23:53:32 +0000"
    },
    "done": true
  },
  "aquaculture:recipes/building_blocks/planks_from_driftwood": {
    "criteria": {
      "has_items": "2024-07-28 23:53:32 +0000"
    },
    "done": true
  },
  "minecraft:recipes/food/cooked_beef_from_smoking": {
    "criteria": {
      "has_beef": "2024-07-28 23:59:23 +0000"
    },
    "done": true
  },
  "minecraft:recipes/food/baked_potato": {
    "criteria": {
      "has_potato": "2024-07-29 00:00:42 +0000"
    },
    "done": true
  },
  "minecraft:recipes/decorations/fletching_table": {
    "criteria": {
      "has_flint": "2024-07-29 00:00:45 +0000"
    },
    "done": true
  },
  "minecraft:recipes/decorations/white_carpet": {
    "criteria": {
      "has_white_wool": "2024-07-28 23:57:34 +0000"
    },
    "done": true
  },
  "cfm:recipes/cfm/stripped_jungle_bedside_cabinet": {
    "criteria": {
      "has_planks": "2024-07-28 23:57:46 +0000"
    },
    "done": true
  },
  "pfm:recipes/pfm.furniture/birch_red_classic_bed": {
    "criteria": {
      "has_bed": "2024-07-29 00:00:52 +0000"
    },
    "done": true
  },
  "minecraft:recipes/food/cooked_mutton_from_smoking": {
    "criteria": {
      "has_mutton": "2024-07-28 23:57:34 +0000"
    },
    "done": true
  },
  "adorn:recipes/jungle_kitchen_cupboard": {
    "criteria": {
      "has_planks": "2024-07-28 23:58:04 +0000"
    },
    "done": true
  },
  "pfm:recipes/pfm.furniture/white_shower_towel": {
    "criteria": {
      "has_white_wool": "2024-07-28 23:57:34 +0000"
    },
    "done": true
  },
  "naturescompass:natures_compass_log": {
    "criteria": {
      "has_recipe": "2024-07-28 23:53:32 +0000"
    },
    "done": true
  },
  "alexsmobs:alexsmobs/root": {
    "criteria": {
      "useitem": "2024-07-28 23:54:55 +0000"
    },
    "done": true
  },
  "aquaculture:recipes/aquaculture/fishing_line": {
    "criteria": {
      "has_items": "2024-07-28 23:53:32 +0000"
    },
    "done": true
  },
  "cfm:recipes/cfm/jungle_table": {
    "criteria": {
      "has_log": "2024-07-28 23:57:46 +0000"
    },
    "done": true
  },
  "aquaculture:recipes/misc/neptinium_ingot_from_blasting": {
    "criteria": {
      "has_leggings": "2024-07-28 23:53:32 +0000",
      "has_axe": "2024-07-28 23:53:32 +0000",
      "has_helmet": "2024-07-28 23:53:32 +0000",
      "has_fishing_rod": "2024-07-28 23:53:32 +0000",
      "has_bow": "2024-07-28 23:53:32 +0000",
      "has_chestplate": "2024-07-28 23:53:32 +0000",
      "has_sword": "2024-07-28 23:53:32 +0000",
      "has_fillet_knife": "2024-07-28 23:53:32 +0000",
      "has_shovel": "2024-07-28 23:53:32 +0000",
      "has_hoe": "2024-07-28 23:53:32 +0000",
      "has_boots": "2024-07-28 23:53:32 +0000",
      "has_pickaxe": "2024-07-28 23:53:32 +0000"
    },
    "done": true
  },
  "minecraft:recipes/food/baked_potato_from_grill_cooking": {
    "criteria": {
      "has_potato": "2024-07-29 00:00:42 +0000"
    },
    "done": true
  },
  "minecraft:recipes/food/baked_potato_from_campfire_cooking": {
    "criteria": {
      "has_potato": "2024-07-29 00:00:42 +0000"
    },
    "done": true
  },
  "cfm:recipes/cfm/jungle_chair": {
    "criteria": {
      "has_log": "2024-07-28 23:57:46 +0000"
    },
    "done": true
  },
  "pfm:recipes/pfm.furniture/jungle_classic_nightstand": {
    "criteria": {
      "has_planks": "2024-07-28 23:58:04 +0000"
    },
    "done": true
  },
  "farmersdelight:recipes/farmersdelight/roast_chicken_block": {
    "criteria": {
      "has_cooked_chicken": "2024-07-29 00:00:41 +0000"
    },
    "done": true
  },
  "pfm:recipes/pfm.furniture/jungle_table_modern_dinner": {
    "criteria": {
      "has_planks": "2024-07-28 23:58:04 +0000"
    },
    "done": true
  },
  "minecraft:recipes/tools/wooden_axe": {
    "criteria": {
      "has_stick": "2024-07-28 23:58:04 +0000"
    },
    "done": true
  },
  "pfm:recipes/pfm.furniture/warped_red_simple_bed": {
    "criteria": {
      "has_bed": "2024-07-29 00:00:52 +0000"
    },
    "done": true
  },
  "minecraft:recipes/building_blocks/lime_wool": {
    "criteria": {
      "has_white_wool": "2024-07-28 23:57:34 +0000"
    },
    "done": true
  },
  "pfm:recipes/pfm.furniture/jungle_chair_classic": {
    "criteria": {
      "has_planks": "2024-07-28 23:58:04 +0000"
    },
    "done": true
  },
  "framedblocks:recipes/framed_blocks/framed_cube": {
    "criteria": {
      "hasPlanks": "2024-07-28 23:58:04 +0000"
    },
    "done": true
  },
  "minecraft:recipes/redstone/jungle_pressure_plate": {
    "criteria": {
      "has_planks": "2024-07-28 23:58:04 +0000"
    },
    "done": true
  },
  "aquaculture:recipes/misc/tin_can_to_iron_nugget_from_blasting": {
    "criteria": {
      "has_items": "2024-07-28 23:53:32 +0000"
    },
    "done": true
  },
  "minecraft:recipes/building_blocks/black_wool": {
    "criteria": {
      "has_white_wool": "2024-07-28 23:57:34 +0000"
    },
    "done": true
  },
  "aquaculture:recipes/food/cooked_frog_legs": {
    "criteria": {
      "has_items": "2024-07-28 23:53:32 +0000"
    },
    "done": true
  },
  "minecraft:recipes/building_blocks/green_wool": {
    "criteria": {
      "has_white_wool": "2024-07-28 23:57:34 +0000"
    },
    "done": true
  },
  "minecraft:recipes/building_blocks/brown_wool": {
    "criteria": {
      "has_white_wool": "2024-07-28 23:57:34 +0000"
    },
    "done": true
  },
  "farmersdelight:recipes/farmersdelight/cooking/pasta_with_meatballs": {
    "criteria": {
      "has_any_ingredient": "2024-07-28 23:59:23 +0000"
    },
    "done": true
  },
  "aquaculture:recipes/aquaculture/redstone_hook": {
    "criteria": {
      "has_items": "2024-07-28 23:53:32 +0000"
    },
    "done": true
  },
  "minecraft:recipes/building_blocks/bricks": {
    "criteria": {
      "has_brick": "2024-07-29 00:00:41 +0000"
    },
    "done": true
  },
  "cfm:recipes/cfm/stripped_jungle_table": {
    "criteria": {
      "has_planks": "2024-07-28 23:57:46 +0000"
    },
    "done": true
  },
  "farmersdelight:recipes/farmersdelight/cooking/pasta_with_mutton_chop": {
    "criteria": {
      "has_any_ingredient": "2024-07-28 23:57:34 +0000"
    },
    "done": true
  },
  "pfm:recipes/pfm.furniture/crimson_red_classic_bed": {
    "criteria": {
      "has_bed": "2024-07-29 00:00:52 +0000"
    },
    "done": true
  },
  "farmersdelight:recipes/farmersdelight/cooking/baked_cod_stew": {
    "criteria": {
      "has_any_ingredient": "2024-07-29 00:00:42 +0000"
    },
    "done": true
  },
  "aquaculture:recipes/food/cooked_fish_fillet": {
    "criteria": {
      "has_items": "2024-07-28 23:53:32 +0000"
    },
    "done": true
  },
  "decorative_blocks:recipes/decorative_blocks.general/rocky_dirt": {
    "criteria": {
      "has_dirt": "2024-07-28 23:59:47 +0000"
    },
    "done": true
  },
  "minecraft:recipes/decorations/painting": {
    "criteria": {
      "has_wool": "2024-07-28 23:57:34 +0000"
    },
    "done": true
  },
  "cfm:recipes/cfm/jungle_upgraded_fence": {
    "criteria": {
      "has_log": "2024-07-28 23:57:46 +0000"
    },
    "done": true
  },
  "adorn:recipes/mug": {
    "criteria": {
      "has_glass_bottle": "2024-07-29 00:00:43 +0000"
    },
    "done": true
  },
  "minecraft:recipes/building_blocks/jungle_wood": {
    "criteria": {
      "has_log": "2024-07-28 23:57:46 +0000"
    },
    "done": true
  },
  "securitycraft:recipes/securitycraft/sc_manual": {
    "criteria": {
      "has_wood": "2024-07-28 23:57:46 +0000"
    },
    "done": true
  },
  "pfm:recipes/pfm.furniture/jungle_kitchen_counter": {
    "criteria": {
      "has_planks": "2024-07-28 23:58:04 +0000"
    },
    "done": true
  },
  "minecraft:recipes/combat/arrow": {
    "criteria": {
      "has_flint": "2024-07-29 00:00:45 +0000"
    },
    "done": true
  },
  "minecraft:recipes/building_blocks/coal_block": {
    "criteria": {
      "has_coal": "2024-07-29 00:00:25 +0000"
    },
    "done": true
  },
  "mowziesmobs:root": {
    "criteria": {
      "custom_test_name": "2024-07-28 23:53:33 +0000"
    },
    "done": true
  },
  "aquaculture:recipes/aquaculture/gold_hook": {
    "criteria": {
      "has_items": "2024-07-28 23:53:32 +0000"
    },
    "done": true
  },
  "minecraft:recipes/building_blocks/light_blue_wool": {
    "criteria": {
      "has_white_wool": "2024-07-28 23:57:34 +0000"
    },
    "done": true
  },
  "minecraft:recipes/combat/wooden_sword": {
    "criteria": {
      "has_stick": "2024-07-28 23:58:04 +0000"
    },
    "done": true
  },
  "tombstone:adventure/root": {
    "criteria": {
      "auto": "2024-07-28 23:53:32 +0000"
    },
    "done": true
  },
  "minecraft:recipes/decorations/jungle_sign": {
    "criteria": {
      "has_planks": "2024-07-28 23:58:04 +0000"
    },
    "done": true
  },
  "decorative_blocks:recipes/decorative_blocks.general/jungle_palisade": {
    "criteria": {
      "has_log": "2024-07-28 23:57:46 +0000"
    },
    "done": true
  },
  "pfm:recipes/pfm.furniture/oak_red_simple_bed": {
    "criteria": {
      "has_bed": "2024-07-29 00:00:52 +0000"
    },
    "done": true
  },
  "pfm:recipes/pfm.furniture/jungle_kitchen_drawer": {
    "criteria": {
      "has_planks": "2024-07-28 23:58:04 +0000"
    },
    "done": true
  },
  "minecraft:recipes/building_blocks/jungle_planks": {
    "criteria": {
      "has_logs": "2024-07-28 23:57:46 +0000"
    },
    "done": true
  },
  "aquaculture:recipes/aquaculture/diamond_hook": {
    "criteria": {
      "has_items": "2024-07-28 23:53:32 +0000"
    },
    "done": true
  },
  "cfm:recipes/cfm/stripped_jungle_chair": {
    "criteria": {
      "has_planks": "2024-07-28 23:57:46 +0000"
    },
    "done": true
  },
  "aquaculture:recipes/food/cooked_frog_legs_from_campfire": {
    "criteria": {
      "has_items": "2024-07-28 23:53:32 +0000"
    },
    "done": true
  },
  "decorative_blocks:recipes/decorative_blocks.general/chandelier": {
    "criteria": {
      "has_torch": "2024-07-29 00:00:43 +0000"
    },
    "done": true
  },
  "aquaculture:recipes/misc/tin_can_to_iron_nugget": {
    "criteria": {
      "has_items": "2024-07-28 23:53:32 +0000"
    },
    "done": true
  },
  "pfm:recipes/pfm.furniture/jungle_chair_modern": {
    "criteria": {
      "has_planks": "2024-07-28 23:58:04 +0000"
    },
    "done": true
  },
  "minecraft:story/root": {
    "criteria": {
      "crafting_table": "2024-07-28 23:57:51 +0000"
    },
    "done": true
  },
  "sophisticatedbackpacks:recipes/sophisticatedbackpacks/upgrade_base": {
    "criteria": {
      "has_leather": "2024-07-28 23:59:36 +0000"
    },
    "done": true
  },
  "minecraft:recipes/combat/crossbow": {
    "criteria": {
      "has_stick": "2024-07-28 23:58:04 +0000"
    },
    "done": true
  },
  "minecraft:recipes/building_blocks/yellow_wool": {
    "criteria": {
      "has_white_wool": "2024-07-28 23:57:34 +0000"
    },
    "done": true
  },
  "pfm:recipes/pfm.furniture/dreadwood_iceandfire_red_classic_bed": {
    "criteria": {
      "has_bed": "2024-07-29 00:00:52 +0000"
    },
    "done": true
  },
  "minecraft:recipes/building_blocks/jungle_slab": {
    "criteria": {
      "has_planks": "2024-07-28 23:58:04 +0000"
    },
    "done": true
  },
  "aquaculture:recipes/food/sushi": {
    "criteria": {
      "has_alt_items": "2024-07-28 23:53:32 +0000",
      "has_items": "2024-07-28 23:53:32 +0000"
    },
    "done": true
  },
  "pfm:grant_book_on_first_join": {
    "criteria": {
      "tick": "2024-07-28 23:53:32 +0000"
    },
    "done": true
  },
  "sophisticatedbackpacks:recipes/sophisticatedbackpacks/backpack": {
    "criteria": {
      "has_leather": "2024-07-28 23:59:36 +0000"
    },
    "done": true
  },
  "minecraft:recipes/combat/leather_chestplate": {
    "criteria": {
      "has_leather": "2024-07-28 23:59:36 +0000"
    },
    "done": true
  },
  "cfm:recipes/cfm/stripped_jungle_cabinet": {
    "criteria": {
      "has_log": "2024-07-28 23:57:46 +0000"
    },
    "done": true
  },
  "mcwlights:recipes/lantern": {
    "criteria": {
      "has_wood": "2024-07-29 00:00:43 +0000"
    },
    "done": true
  },
  "pfm:recipes/pfm.furniture/birch_red_simple_bed": {
    "criteria": {
      "has_bed": "2024-07-29 00:00:52 +0000"
    },
    "done": true
  },
  "pfm:recipes/pfm.furniture/river_upgrade_aquatic_red_simple_bed": {
    "criteria": {
      "has_bed": "2024-07-29 00:00:52 +0000"
    },
    "done": true
  },
  "cfm:recipes/cfm/jungle_bedside_cabinet": {
    "criteria": {
      "has_log": "2024-07-28 23:57:46 +0000"
    },
    "done": true
  },
  "aquaculture:recipes/misc/iron_nugget_from_smelting": {
    "criteria": {
      "has_fishing_rod": "2024-07-28 23:53:32 +0000",
      "has_fillet_knife": "2024-07-28 23:53:32 +0000"
    },
    "done": true
  },
  "farmersdelight:recipes/farmersdelight/flint_knife": {
    "criteria": {
      "has_stick": "2024-07-28 23:58:04 +0000"
    },
    "done": true
  },
  "aquaculture:recipes/decorations/oak_fish_mount": {
    "criteria": {
      "has_items": "2024-07-28 23:53:32 +0000"
    },
    "done": true
  },
  "aquaculture:recipes/decorations/dark_oak_fish_mount": {
    "criteria": {
      "has_items": "2024-07-28 23:53:32 +0000"
    },
    "done": true
  },
  "cfm:recipes/cfm/jungle_kitchen_drawer": {
    "criteria": {
      "has_log": "2024-07-28 23:57:46 +0000"
    },
    "done": true
  },
  "minecraft:recipes/food/cooked_beef": {
    "criteria": {
      "has_beef": "2024-07-28 23:59:23 +0000"
    },
    "done": true
  },
  "pfm:recipes/pfm.furniture/driftwood_upgrade_aquatic_red_classic_bed": {
    "criteria": {
      "has_bed": "2024-07-29 00:00:52 +0000"
    },
    "done": true
  },
  "decorative_blocks:recipes/decorations/torch_from_chandelier": {
    "criteria": {
      "has_torch": "2024-07-29 00:00:43 +0000"
    },
    "done": true
  },
  "mcwlights:recipes/torches": {
    "criteria": {
      "has_wood": "2024-07-29 00:00:25 +0000"
    },
    "done": true
  },
  "minecraft:adventure/adventuring_time": {
    "criteria": {
      "minecraft:sparse_jungle": "2024-07-28 23:53:32 +0000",
      "minecraft:forest": "2024-07-28 23:59:19 +0000",
      "minecraft:plains": "2024-07-28 23:57:33 +0000"
    },
    "done": false
  },
  "cfm:recipes/cfm/jungle_kitchen_counter": {
    "criteria": {
      "has_log": "2024-07-28 23:57:46 +0000"
    },
    "done": true
  },
  "adorn:recipes/white_sofa": {
    "criteria": {
      "has_wool": "2024-07-28 23:57:34 +0000"
    },
    "done": true
  },
  "cfm:recipes/cfm/jungle_park_bench": {
    "criteria": {
      "has_log": "2024-07-28 23:57:46 +0000"
    },
    "done": true
  },
  "cfm:recipes/cfm/jungle_desk": {
    "criteria": {
      "has_log": "2024-07-28 23:57:46 +0000"
    },
    "done": true
  },
  "pfm:recipes/pfm.furniture/jungle_kitchen_wall_counter": {
    "criteria": {
      "has_planks": "2024-07-28 23:58:04 +0000"
    },
    "done": true
  },
  "pfm:recipes/pfm.furniture/acacia_red_simple_bed": {
    "criteria": {
      "has_bed": "2024-07-29 00:00:52 +0000"
    },
    "done": true
  },
  "minecraft:recipes/decorations/barrel": {
    "criteria": {
      "has_planks": "2024-07-28 23:58:04 +0000"
    },
    "done": true
  },
  "cfm:recipes/cfm/jungle_upgraded_gate": {
    "criteria": {
      "has_log": "2024-07-28 23:57:46 +0000"
    },
    "done": true
  },
  "pfm:recipes/pfm.furniture/jungle_kitchen_wall_small_drawer": {
    "criteria": {
      "has_planks": "2024-07-28 23:58:04 +0000"
    },
    "done": true
  },
  "minecraft:recipes/combat/leather_boots": {
    "criteria": {
      "has_leather": "2024-07-28 23:59:36 +0000"
    },
    "done": true
  },
  "securitycraft:recipes/securitycraft/motion_activated_light": {
    "criteria": {
      "has_stick": "2024-07-28 23:58:04 +0000"
    },
    "done": true
  },
  "aquaculture:recipes/misc/bonemeal_from_fish_bones": {
    "criteria": {
      "has_items": "2024-07-28 23:53:32 +0000"
    },
    "done": true
  },
  "ironfurnaces:coal": {
    "criteria": {
      "rainbowcoal": "2024-07-28 23:53:32 +0000"
    },
    "done": true
  },
  "aquaculture:recipes/misc/gold_nugget_from_blasting": {
    "criteria": {
      "has_fishing_rod": "2024-07-28 23:53:32 +0000",
      "has_fillet_knife": "2024-07-28 23:53:32 +0000"
    },
    "done": true
  },
  "pfm:recipes/pfm.furniture/jungle_red_simple_bed": {
    "criteria": {
      "has_bed": "2024-07-29 00:00:52 +0000"
    },
    "done": true
  },
  "mcwlights:recipes/paper_lamp": {
    "criteria": {
      "has_wood": "2024-07-29 00:00:43 +0000"
    },
    "done": true
  },
  "minecraft:recipes/building_blocks/jungle_stairs": {
    "criteria": {
      "has_planks": "2024-07-28 23:58:04 +0000"
    },
    "done": true
  },
  "pfm:recipes/pfm.furniture/jungle_raw_table_log": {
    "criteria": {
      "has_log": "2024-07-28 23:57:46 +0000"
    },
    "done": true
  },
  "aquaculture:recipes/aquaculture/heavy_hook": {
    "criteria": {
      "has_items": "2024-07-28 23:53:32 +0000"
    },
    "done": true
  },
  "adorn:recipes/jungle_post": {
    "criteria": {
      "has_jungle_planks": "2024-07-28 23:58:04 +0000"
    },
    "done": true
  },
  "pfm:recipes/pfm.furniture/oak_chair_classic_white": {
    "criteria": {
      "oak_chair_classic_white": "2024-07-28 23:57:34 +0000"
    },
    "done": true
  },
  "aquaculture:recipes/aquaculture/iron_hook": {
    "criteria": {
      "has_items": "2024-07-28 23:53:32 +0000"
    },
    "done": true
  },
  "hangglider:recipes/hangglider.main/glider_wing": {
    "criteria": {
      "has_leather": "2024-07-28 23:59:36 +0000"
    },
    "done": true
  },
  "minecraft:recipes/building_blocks/pink_wool": {
    "criteria": {
      "has_white_wool": "2024-07-28 23:57:34 +0000"
    },
    "done": true
  },
  "minecraft:recipes/redstone/jungle_door": {
    "criteria": {
      "has_planks": "2024-07-28 23:58:04 +0000"
    },
    "done": true
  },
  "minecraft:recipes/decorations/flower_pot": {
    "criteria": {
      "has_brick": "2024-07-29 00:00:41 +0000"
    },
    "done": true
  },
  "cfm:recipes/cfm/stripped_jungle_coffee_table": {
    "criteria": {
      "has_planks": "2024-07-28 23:57:46 +0000"
    },
    "done": true
  },
  "pfm:recipes/pfm.furniture/river_upgrade_aquatic_red_classic_bed": {
    "criteria": {
      "has_bed": "2024-07-29 00:00:52 +0000"
    },
    "done": true
  },
  "aquaculture:recipes/aquaculture/double_hook": {
    "criteria": {
      "has_items": "2024-07-28 23:53:32 +0000"
    },
    "done": true
  },
  "pfm:recipes/root": {
    "criteria": {
      "has_planks": "2024-07-28 23:58:04 +0000"
    },
    "done": true
  },
  "dungeons_arise:wda_root": {
    "criteria": {
      "WDA": "2024-07-28 23:53:33 +0000"
    },
    "done": true
  },
  "aquaculture:recipes/decorations/jungle_fish_mount": {
    "criteria": {
      "has_items": "2024-07-28 23:53:32 +0000"
    },
    "done": true
  },
  "minecraft:recipes/redstone/jungle_fence_gate": {
    "criteria": {
      "has_planks": "2024-07-28 23:58:04 +0000"
    },
    "done": true
  },
  "adorn:recipes/brick_chimney": {
    "criteria": {
      "has_key_item_0": "2024-07-29 00:00:41 +0000"
    },
    "done": true
  },
  "pfm:recipes/pfm.furniture/jungle_simple_stool": {
    "criteria": {
      "has_planks": "2024-07-28 23:58:04 +0000"
    },
    "done": true
  },
  "pfm:recipes/pfm.furniture/jungle_table_dinner": {
    "criteria": {
      "has_planks": "2024-07-28 23:58:04 +0000"
    },
    "done": true
  },
  "cfm:recipes/cfm/jungle_kitchen_sink_dark": {
    "criteria": {
      "has_bottom": "2024-07-28 23:58:04 +0000"
    },
    "done": true
  },
  "aquaculture:recipes/decorations/birch_fish_mount": {
    "criteria": {
      "has_items": "2024-07-28 23:53:32 +0000"
    },
    "done": true
  },
  "pfm:recipes/pfm.furniture/jungle_chair_dinner": {
    "criteria": {
      "has_planks": "2024-07-28 23:58:04 +0000"
    },
    "done": true
  },
  "pfm:recipes/pfm.furniture/jungle_chair": {
    "criteria": {
      "has_planks": "2024-07-28 23:58:04 +0000"
    },
    "done": true
  },
  "minecraft:recipes/food/cooked_beef_from_campfire_cooking": {
    "criteria": {
      "has_beef": "2024-07-28 23:59:23 +0000"
    },
    "done": true
  },
  "cfm:recipes/cfm/stripped_jungle_kitchen_drawer": {
    "criteria": {
      "has_log": "2024-07-28 23:57:46 +0000"
    },
    "done": true
  },
  "aquaculture:recipes/aquaculture/bobber": {
    "criteria": {
      "has_items": "2024-07-28 23:53:32 +0000"
    },
    "done": true
  },
  "pfm:recipes/pfm.furniture/dark_oak_red_simple_bed": {
    "criteria": {
      "has_bed": "2024-07-29 00:00:52 +0000"
    },
    "done": true
  },
  "minecraft:recipes/building_blocks/light_gray_wool": {
    "criteria": {
      "has_white_wool": "2024-07-28 23:57:34 +0000"
    },
    "done": true
  },
  "minecraft:recipes/building_blocks/red_wool": {
    "criteria": {
      "has_white_wool": "2024-07-28 23:57:34 +0000"
    },
    "done": true
  },
  "minecraft:recipes/decorations/soul_campfire": {
    "criteria": {
      "has_stick": "2024-07-28 23:58:04 +0000"
    },
    "done": true
  },
  "pfm:recipes/pfm.furniture/driftwood_upgrade_aquatic_red_simple_bed": {
    "criteria": {
      "has_bed": "2024-07-29 00:00:52 +0000"
    },
    "done": true
  },
  "decorative_blocks:recipes/decorative_blocks.general/jungle_support": {
    "criteria": {
      "has_plank": "2024-07-28 23:58:04 +0000"
    },
    "done": true
  },
  "minecraft:recipes/food/cooked_mutton": {
    "criteria": {
      "has_mutton": "2024-07-28 23:57:34 +0000"
    },
    "done": true
  },
  "pfm:recipes/pfm.furniture/jungle_classic_stool": {
    "criteria": {
      "has_planks": "2024-07-28 23:58:04 +0000"
    },
    "done": true
  },
  "cfm:recipes/cfm/jungle_crate": {
    "criteria": {
      "has_log": "2024-07-28 23:57:46 +0000"
    },
    "done": true
  },
  "DataVersion": 2975
}